order_id,weight_kg,distance_km,category,express,coupon,v1_total,v2_total
500000,22.48,280.0,books,False,,49.97,54.47
500001,19.5,47.5,standard,False,,41.38,41.36
500002,6.02,200.9,fragile,False,,25.7,25.68
500003,7.85,25.3,electronics,False,SAVE10,22.33,22.31
500004,21.9,245.5,clothing,False,,56.08,56.07
500005,0.63,154.9,books,False,,8.75,8.89
500006,20.62,20.6,food,True,,45.21,45.19
500007,20.03,6.0,food,True,,41.95,41.96
500008,11.96,285.3,clothing,False,,38.18,38.2
500009,7.92,145.6,clothing,False,,23.12,23.14
500010,7.32,275.8,fragile,False,,32.82,32.84
500011,6.74,44.3,clothing,True,,25.12,25.14
500012,11.4,145.1,clothing,False,,30.06,30.04
500013,12.86,209.7,fragile,False,,43.92,43.91
500014,14.06,22.7,food,True,,33.71,33.71
500015,24.89,170.5,standard,False,,58.3,58.32
500016,19.92,289.2,books,True,,80.25,84.24
500017,15.74,79.5,fragile,True,SAVE10,52.06,63.7
500018,24.73,80.5,books,False,,43.59,48.53
500019,5.78,79.5,electronics,False,,21.32,21.3
500020,4.43,159.8,fragile,False,,19.51,19.52
500021,15.51,103.4,electronics,True,,67.04,67.04
500022,1.58,179.4,fragile,False,,13.08,13.09
500023,1.37,290.7,electronics,True,SAVE10,47.44,47.44
500024,13.11,30.5,food,True,,33.17,33.18
500025,11.92,282.6,electronics,False,,49.89,49.87
500026,22.97,234.9,standard,False,,57.68,57.67
500027,15.92,190.9,electronics,False,,57.3,57.32
500028,13.1,113.8,books,False,SAVE10,23.99,26.35
500029,12.67,230.6,food,True,,62.4,62.41
500030,6.56,46.6,books,False,,12.83,14.15
500031,0.79,11.1,standard,True,SAVE10,7.42,7.41
500032,5.21,174.3,books,True,,39.48,40.51
500033,17.45,67.4,books,True,,43.03,46.52
500034,5.41,85.6,clothing,True,,28.66,28.66
500035,9.55,95.2,fragile,False,,29.59,29.59
500036,0.59,104.2,electronics,False,,6.98,6.97
500037,20.84,172.9,books,False,,41.99,46.17
500038,4.28,260.8,books,True,,50.97,51.82
500039,7.06,271.4,standard,True,,59.83,59.83
500040,22.07,158.6,clothing,False,,52.07,52.08
500041,12.99,49.9,electronics,False,,41.46,41.46
500042,21.26,108.4,books,True,,55.28,59.53
500043,16.17,290.2,books,False,SAVE10,36.34,39.25
500044,18.67,41.4,fragile,False,,50.61,50.61
500045,2.74,241.8,electronics,False,,20.31,20.29
500046,13.76,174.5,fragile,False,,44.5,44.51
500047,12.94,232.6,electronics,True,,78.71,78.72
500048,21.85,240.8,books,False,SAVE10,42.3,46.22
500049,9.35,171.0,clothing,False,SAVE10,24.52,24.53
500050,15.16,247.0,standard,False,,42.67,42.66
500051,1.95,243.3,books,True,,44.62,45.01
500052,10.0,252.1,food,False,,30.6,30.61
500053,8.41,264.2,food,False,,28.35,28.36
500054,4.18,48.8,fragile,True,SAVE10,20.87,29.78
500055,20.5,147.2,fragile,False,,60.66,60.64
500056,9.8,297.1,food,True,,67.21,67.19
500057,24.48,89.2,fragile,False,,68.11,68.12
500058,14.95,102.3,food,True,,47.26,47.25
500059,15.32,255.3,clothing,False,,43.4,43.39
500060,16.13,232.8,fragile,True,,81.86,110.14
500061,17.07,241.0,standard,False,,46.19,46.17
500062,4.19,255.5,electronics,False,,25.34,25.33
500063,11.29,299.2,clothing,False,SAVE10,33.79,33.77
500064,6.37,51.5,food,False,,14.04,14.03
500065,10.36,162.0,food,False,,26.75,26.73
500066,2.87,125.9,food,True,,29.05,29.04
500067,24.21,123.2,standard,False,,54.58,54.58
500068,5.77,255.1,books,True,SAVE10,47.25,48.3
500069,16.96,297.4,fragile,False,,58.97,58.95
500070,7.86,211.0,books,False,,23.13,24.7
500071,21.91,12.0,standard,False,SAVE10,39.98,39.99
500072,16.72,127.6,clothing,False,,39.82,39.82
500073,3.72,284.9,fragile,True,,57.41,90.88
500074,21.2,159.2,books,False,,41.88,46.12
500075,23.65,70.8,standard,False,,50.84,50.83
500076,22.65,41.7,standard,False,,47.38,47.38
500077,14.46,62.7,standard,False,,32.06,32.04
500078,4.06,30.9,food,False,,8.85,8.84
500079,5.22,246.6,food,False,,21.73,21.74
500080,23.23,203.5,electronics,False,,79.86,79.85
500081,14.03,191.3,food,False,,34.82,34.82
500082,4.92,233.6,food,False,,20.54,20.53
500083,22.16,141.4,books,False,,42.53,46.96
500084,16.22,236.6,books,False,,37.78,41.04
500085,14.46,241.9,food,True,,67.31,67.31
500086,9.72,205.5,fragile,False,,35.55,35.56
500087,10.57,59.9,books,False,,19.91,22.03
500088,6.37,289.2,clothing,False,SAVE10,24.48,24.47
500089,1.43,151.1,books,False,,9.84,10.13
500090,21.97,219.6,books,False,,46.13,50.53
500091,11.96,84.2,clothing,False,,28.13,28.12
500092,13.92,38.0,standard,False,,29.74,29.74
500093,8.39,21.0,electronics,False,,26.22,26.23
500094,18.91,22.7,clothing,False,,38.96,38.96
500095,1.12,292.9,food,True,,50.95,50.96
500096,9.62,30.4,food,True,,26.88,26.88
500097,1.24,46.9,fragile,True,,15.26,24.95
500098,3.51,272.4,electronics,False,,24.15,24.15
500099,24.2,7.6,food,False,SAVE10,39.55,39.53
500100,16.62,249.5,books,False,SAVE10,35.16,38.14
500101,10.99,234.5,clothing,False,SAVE10,30.33,30.32
500102,13.33,274.2,standard,False,,40.37,40.38
500103,21.88,194.9,electronics,False,,75.39,75.37
500104,8.93,79.9,electronics,False,,30.78,30.79
500105,14.96,297.6,books,False,,38.82,41.81
500106,17.25,233.8,food,False,SAVE10,38.47,38.45
500107,9.21,83.2,standard,False,SAVE10,20.32,20.34
500108,13.22,86.0,clothing,True,,44.34,44.36
500109,19.25,231.0,fragile,False,,61.6,61.58
500110,22.77,167.7,books,False,,44.82,49.38
500111,4.2,268.2,food,False,,20.97,20.99
500112,23.37,110.8,food,False,SAVE10,42.85,42.84
500113,0.63,62.8,standard,False,,4.4,4.4
500114,18.95,224.5,fragile,True,,87.94,115.38
500115,20.36,23.4,clothing,False,,41.89,41.89
500116,3.85,95.2,food,False,,11.69,11.69
500117,10.76,128.1,fragile,False,,34.38,34.39
500118,20.47,170.3,electronics,True,,91.96,91.95
500119,0.85,157.5,books,False,,9.24,9.39
500120,15.9,267.2,books,False,,38.8,41.97
500121,19.93,249.5,fragile,False,,64.29,64.3
500122,13.07,53.6,books,False,,23.59,26.2
500123,18.28,47.3,electronics,False,,57.21,57.21
500124,6.05,199.6,standard,True,,47.04,47.05
500125,5.36,115.7,books,False,SAVE10,12.92,13.89
500126,9.4,294.4,books,False,,29.76,31.63
500127,4.9,93.4,standard,False,,14.47,14.47
500128,8.98,63.8,fragile,True,,37.92,49.31
500129,23.73,106.7,books,False,,43.3,48.04
500130,14.55,212.7,food,False,,36.83,36.81
500131,8.83,172.6,books,False,SAVE10,20.48,22.06
500132,7.15,78.4,electronics,False,,25.37,25.37
500133,23.82,273.2,standard,False,,61.3,61.31
500134,11.39,280.8,electronics,True,,81.29,81.31
500135,24.52,244.0,food,False,,56.34,56.33
500136,13.13,92.9,fragile,True,SAVE10,47.77,60.64
500137,13.27,22.2,books,False,,22.34,24.98
500138,22.47,195.4,electronics,False,,77.18,77.16
500139,18.7,200.3,clothing,True,,72.44,72.43
500140,14.73,269.4,books,True,,68.98,71.92
500141,10.95,12.3,food,True,,26.56,26.57
500142,22.02,74.4,food,False,,43.36,43.34
500143,10.59,280.8,standard,False,,35.22,35.23
500144,23.11,298.9,food,True,SAVE10,82.29,82.27
500145,2.18,106.3,clothing,False,,9.68,9.67
500146,11.03,261.3,clothing,True,,66.26,66.26
500147,13.23,247.3,fragile,False,SAVE10,42.09,42.08
500148,23.8,38.0,food,False,,44.74,44.75
500149,6.65,231.6,books,False,,22.22,23.56
500150,20.25,124.4,food,True,,60.11,60.1
500151,17.07,100.7,clothing,True,SAVE10,48.82,48.82
500152,18.07,215.0,clothing,False,SAVE10,42.2,42.21
500153,15.93,131.9,food,False,,35.27,35.27
500154,24.3,265.7,standard,False,,61.89,61.87
500155,8.65,88.0,standard,False,,21.7,21.69
500156,10.26,76.7,fragile,False,,30.51,30.52
500157,5.47,27.9,electronics,False,,17.8,17.82
500158,1.74,255.9,fragile,False,SAVE10,15.59,15.58
500159,5.72,117.3,books,False,,15.02,16.17
500160,22.93,23.1,electronics,False,,69.94,69.96
500161,21.08,293.2,standard,False,,56.82,56.82
500162,3.25,50.8,books,False,SAVE10,6.97,7.56
500163,15.29,69.9,standard,True,SAVE10,41.46,41.47
500164,12.24,204.4,standard,False,,34.7,34.69
500165,15.07,291.4,fragile,True,,87.89,122.02
500166,16.65,289.8,fragile,True,,91.76,125.74
500167,8.01,296.9,food,False,,29.26,29.26
500168,24.05,106.0,fragile,False,,67.83,67.84
500169,11.91,109.0,standard,False,,29.27,29.29
500170,15.89,22.8,clothing,True,,40.2,40.18
500171,16.06,232.4,books,True,,65.56,68.78
500172,5.01,258.7,food,False,,21.95,21.94
500173,2.02,11.6,fragile,False,,5.83,5.81
500174,10.58,101.8,standard,True,SAVE10,37.29,37.28
500175,19.22,267.8,electronics,False,SAVE10,63.94,63.95
500176,20.47,126.7,fragile,False,,59.56,59.55
500177,18.38,238.9,food,False,,45.03,45.03
500178,3.27,128.2,food,False,,12.3,12.31
500179,22.88,289.2,fragile,False,,73.95,73.94
500180,20.15,31.2,standard,False,,41.86,41.86
500181,22.0,221.3,clothing,True,,82.2,82.21
500182,13.32,282.3,food,False,,38.09,38.1
500183,22.93,239.3,electronics,False,,80.76,80.77
500184,1.64,255.7,books,True,,45.98,46.32
500185,1.24,98.4,electronics,False,,8.64,8.64
500186,1.0,167.0,electronics,False,,11.35,11.34
500187,6.69,153.4,food,False,,19.71,19.72
500188,6.59,14.8,fragile,True,SAVE10,21.92,27.76
500189,5.09,238.7,fragile,True,,54.04,82.91
500190,14.39,24.3,books,False,,24.24,27.12
500191,1.46,71.6,standard,False,,6.5,6.49
500192,14.96,89.7,clothing,False,,34.4,34.4
500193,4.57,280.9,books,True,,54.45,55.37
500194,17.11,274.0,electronics,False,,65.03,65.03
500195,1.02,106.6,clothing,False,SAVE10,6.63,6.62
500196,8.11,114.1,clothing,False,,21.92,21.93
500197,23.49,58.0,clothing,False,,49.88,49.88
500198,13.69,87.1,fragile,False,,39.95,39.97
500199,20.38,29.3,standard,False,,42.22,42.21
500200,16.62,274.9,electronics,False,,63.6,63.59
500201,15.46,106.3,books,False,,30.05,33.13
500202,5.19,64.9,fragile,False,,16.74,16.76
500203,14.57,32.0,fragile,False,SAVE10,35.53,35.55
500204,1.47,48.1,clothing,True,SAVE10,13.64,13.65
500205,20.14,15.2,food,False,,37.01,37.0
500206,24.02,125.3,electronics,False,,78.32,78.33
500207,21.42,248.2,clothing,True,,85.07,85.06
500208,1.74,276.5,fragile,False,SAVE10,16.51,16.53
500209,8.8,76.8,books,False,,17.92,19.66
500210,8.29,37.8,food,False,,16.81,16.83
500211,3.26,116.1,fragile,True,SAVE10,27.8,42.76
500212,15.85,11.1,clothing,False,,32.26,32.24
500213,20.04,244.7,electronics,False,SAVE10,65.12,65.12
500214,8.19,95.5,clothing,False,,21.16,21.14
500215,21.64,94.9,standard,False,SAVE10,43.22,43.23
500216,20.03,265.0,fragile,False,,65.33,65.34
500217,3.66,281.0,clothing,False,SAVE10,19.23,19.25
500218,19.29,272.1,standard,False,,52.18,52.18
500219,22.12,154.9,food,False,,47.56,47.58
500220,5.33,103.9,clothing,True,,31.24,31.23
500221,14.55,29.1,clothing,False,SAVE10,27.5,27.51
500222,16.15,286.9,electronics,False,,62.79,62.79
500223,15.43,15.6,food,True,,35.11,35.1
500224,2.86,248.1,fragile,False,,19.84,19.83
500225,16.7,257.1,fragile,False,,56.28,56.26
500226,15.98,244.5,clothing,False,,44.18,44.2
500227,20.69,255.3,food,True,,80.54,80.55
500228,20.19,130.9,clothing,True,,65.02,65.02
500229,8.52,260.0,clothing,False,SAVE10,27.04,27.04
500230,18.19,111.4,clothing,False,,41.95,41.96
500231,21.75,283.1,food,False,,53.3,53.31
500232,22.38,19.8,standard,False,,45.75,45.76
500233,4.46,260.2,food,False,,21.04,21.05
500234,1.15,116.3,clothing,False,,8.12,8.12
500235,16.44,174.8,food,False,SAVE10,34.5,34.51
500236,5.76,15.5,clothing,False,,12.3,12.31
500237,14.31,8.7,food,False,,26.19,26.21
500238,23.65,34.9,fragile,False,,63.23,63.25
500239,9.79,71.8,books,True,,31.43,33.39
500240,6.69,94.1,standard,False,,18.08,18.07
500241,11.68,194.1,books,False,,28.39,30.72
500242,16.6,130.2,electronics,False,,56.31,56.32
500243,2.98,187.0,electronics,True,,41.99,41.97
500244,9.82,85.5,electronics,False,,33.74,33.72
500245,3.78,35.6,books,False,,7.83,8.58
500246,16.73,229.9,food,False,,41.61,41.61
500247,20.85,179.1,food,False,,46.48,46.47
500248,9.73,262.6,standard,False,,32.59,32.58
500249,9.61,275.6,food,True,,63.64,63.64
500250,13.72,141.2,clothing,True,,53.62,53.61
500251,5.77,63.0,food,False,,13.54,13.53
500252,6.56,55.9,food,False,,14.6,14.58
500253,8.58,137.4,electronics,True,,51.35,51.33
500254,11.71,91.4,fragile,False,,35.02,35.03
500255,2.5,214.9,standard,False,,15.74,15.75
500256,18.94,142.6,clothing,False,,45.01,45.01
500257,14.69,175.8,electronics,False,,52.86,52.85
500258,7.84,107.0,electronics,False,,28.87,28.87
500259,2.4,234.4,clothing,False,,16.52,16.54
500260,19.2,157.0,books,False,,38.57,42.4
500261,3.71,256.0,clothing,False,,20.22,20.21
500262,3.76,144.3,standard,True,,34.16,34.16
500263,3.7,255.4,standard,True,SAVE10,45.64,45.63
500264,2.49,246.3,standard,True,SAVE10,42.23,42.23
500265,22.71,88.8,clothing,False,SAVE10,44.87,44.85
500266,7.1,91.9,standard,False,,18.8,18.78
500267,8.01,296.8,standard,False,,30.86,30.87
500268,20.9,124.7,clothing,False,SAVE10,43.23,43.22
500269,15.69,190.0,books,False,,34.6,37.74
500270,5.09,273.2,standard,False,,23.84,23.84
500271,11.15,163.9,books,True,,47.42,49.64
500272,22.16,24.7,fragile,False,SAVE10,52.97,52.97
500273,9.7,125.7,fragile,True,,49.08,66.64
500274,17.92,161.1,electronics,False,,61.82,61.81
500275,2.87,284.1,standard,True,,53.36,53.36
500276,18.32,282.4,standard,False,,50.76,50.77
500277,19.52,85.7,standard,False,,43.32,43.32
500278,20.73,38.2,food,False,,39.22,39.24
500279,17.02,151.2,fragile,False,SAVE10,46.63,46.63
500280,9.58,128.4,standard,False,SAVE10,23.02,23.03
500281,2.07,228.4,fragile,False,SAVE10,15.12,15.11
500282,13.21,147.6,food,False,,31.16,31.15
500283,19.06,52.0,standard,False,SAVE10,36.65,36.66
500284,5.18,122.7,clothing,False,,16.5,16.48
500285,7.02,60.8,clothing,False,,17.08,17.1
500286,13.63,237.8,fragile,False,,47.33,47.31
500287,18.83,160.9,standard,True,,66.8,66.81
500288,22.47,226.7,books,False,,47.29,51.78
500289,3.58,42.6,food,False,,8.57,8.59
500290,5.01,299.9,food,False,,24.01,24.0
500291,20.09,135.5,fragile,False,,59.01,59.02
500292,16.29,189.4,electronics,True,,82.28,82.29
500293,18.16,237.7,clothing,True,,76.97,76.99
500294,24.92,212.3,books,False,,50.49,55.48
500295,23.51,281.9,books,True,,84.9,89.59
500296,21.15,49.5,books,False,,36.32,40.55
500297,19.54,226.6,fragile,True,SAVE10,80.81,105.69
500298,10.18,287.1,clothing,False,,34.72,34.71
500299,16.21,236.5,food,False,SAVE10,36.9,36.91
500300,5.02,244.8,electronics,False,SAVE10,24.57,24.55
500301,19.11,42.1,standard,False,,40.32,40.34
500302,19.06,78.4,standard,False,,42.04,42.05
500303,18.17,295.5,standard,False,,51.12,51.13
500304,11.4,103.2,books,True,,38.72,41.01
500305,9.77,192.8,books,False,,25.27,27.23
500306,10.78,174.9,books,False,SAVE10,23.39,25.34
500307,1.32,296.6,standard,True,,52.13,52.14
500308,21.19,103.9,books,False,SAVE10,35.19,39.0
500309,13.79,78.9,clothing,False,,31.52,31.54
500310,9.99,151.4,standard,False,,27.55,27.57
500311,13.93,244.1,standard,False,,40.06,40.05
500312,18.18,79.7,books,False,,33.07,36.73
500313,9.85,32.2,clothing,False,,21.31,21.33
500314,20.85,66.9,fragile,False,,57.56,57.55
500315,23.03,217.6,clothing,False,,56.94,56.95
500316,9.99,34.5,food,False,,19.71,19.71
500317,3.88,179.5,books,True,,38.13,38.91
500318,19.13,291.5,standard,False,,52.84,52.82
500319,24.83,267.7,clothing,True,SAVE10,85.33,85.32
500320,4.13,82.3,clothing,False,,12.38,12.36
500321,17.96,8.6,food,False,,32.76,32.75
500322,20.72,13.6,clothing,True,,48.48,48.48
500323,23.05,238.6,fragile,False,SAVE10,64.67,64.66
500324,3.52,243.7,food,True,SAVE10,43.1,43.1
500325,2.75,41.8,standard,True,,16.77,16.76
500326,24.7,194.2,books,False,,49.23,54.19
500327,3.36,64.7,food,False,,9.28,9.28
500328,4.83,98.9,clothing,False,,14.6,14.6
500329,14.59,166.0,books,False,,31.64,34.54
500330,11.43,288.9,standard,False,SAVE10,33.57,33.58
500331,18.88,21.7,clothing,False,SAVE10,34.96,34.96
500332,5.17,216.2,fragile,True,,50.87,77.51
500333,22.9,265.1,books,True,,81.4,86.0
500334,5.82,142.0,electronics,True,,43.76,43.78
500335,19.34,273.9,electronics,False,,71.72,71.72
500336,2.16,117.8,electronics,False,SAVE10,11.13,11.12
500337,12.1,14.8,books,False,SAVE10,18.09,20.26
500338,1.3,128.0,fragile,False,SAVE10,8.8,8.79
500339,8.19,149.9,books,False,,20.6,22.22
500340,8.15,183.6,clothing,False,,25.48,25.47
500341,18.13,20.8,fragile,False,,48.18,48.19
500342,11.65,18.1,food,False,,21.88,21.86
500343,1.89,43.1,books,False,SAVE10,4.66,5.01
500344,24.89,47.7,food,True,,56.96,56.97
500345,22.27,67.4,books,True,,50.74,55.21
500346,22.95,190.3,books,True,,70.26,74.84
500347,6.54,110.3,fragile,True,SAVE10,34.69,49.11
500348,10.16,261.9,electronics,True,,74.76,74.75
500349,6.07,263.3,books,False,,22.88,24.11
500350,3.56,268.4,food,False,,19.83,19.82
500351,1.31,255.8,books,True,,45.47,45.73
500352,12.83,299.3,fragile,False,,48.32,48.33
500353,3.52,167.2,clothing,True,SAVE10,33.41,33.4
500354,4.82,121.3,electronics,False,,20.52,20.53
500355,21.58,132.1,fragile,False,SAVE10,56.44,56.45
500356,12.36,37.0,electronics,False,,38.93,38.95
500357,5.0,52.5,clothing,False,,12.62,12.61
500358,16.91,289.1,food,False,SAVE10,40.4,40.4
500359,7.01,213.9,electronics,False,SAVE10,28.55,28.54
500360,13.41,264.8,electronics,False,,53.47,53.47
500361,7.43,266.1,food,True,,58.29,58.27
500362,13.15,250.4,electronics,False,,51.97,51.96
500363,15.9,113.9,fragile,True,,63.42,79.82
500364,13.64,19.4,electronics,True,,48.83,48.84
500365,10.19,133.5,food,True,,43.37,43.35
500366,19.87,294.3,books,False,,46.51,50.47
500367,21.9,40.8,clothing,False,,45.84,45.83
500368,4.89,163.5,fragile,True,,42.24,63.58
500369,3.84,53.8,food,False,,9.6,9.59
500370,3.27,245.5,electronics,False,,22.08,22.09
500371,24.5,254.2,electronics,False,SAVE10,77.59,77.6
500372,23.57,38.7,clothing,False,SAVE10,44.17,44.17
500373,6.15,191.6,food,False,SAVE10,18.58,18.58
500374,24.26,297.6,books,False,SAVE10,48.33,52.68
500375,5.59,98.8,fragile,False,,19.47,19.45
500376,12.91,152.1,fragile,False,,41.17,41.15
500377,12.69,133.8,fragile,False,SAVE10,35.72,35.72
500378,22.92,118.0,standard,False,,51.74,51.74
500379,1.49,152.8,fragile,False,,11.51,11.51
500380,8.23,63.5,fragile,False,,24.57,24.56
500381,15.2,154.1,electronics,False,,53.3,53.31
500382,2.13,136.2,standard,True,SAVE10,26.72,26.71
500383,6.3,283.3,food,False,,25.51,25.52
500384,11.89,119.4,clothing,False,,29.75,29.73
500385,22.08,273.4,clothing,False,,57.83,57.83
500386,19.14,213.8,electronics,False,,68.11,68.11
500387,20.81,276.5,clothing,False,SAVE10,49.9,49.9
500388,19.15,284.9,standard,True,,86.04,86.04
500389,17.84,262.2,clothing,True,SAVE10,72.01,72.01
500390,21.32,144.5,clothing,False,,49.86,49.87
500391,17.2,205.1,standard,False,,44.66,44.66
500392,18.52,55.7,standard,True,,50.4,50.38
500393,7.89,285.9,electronics,False,,37.96,37.97
500394,4.61,256.0,books,False,,20.18,21.1
500395,19.03,146.0,fragile,False,SAVE10,51.1,51.09
500396,4.56,243.4,books,False,,19.47,20.38
500397,23.03,191.7,books,False,,46.43,51.05
500398,15.12,23.3,books,False,,25.36,28.36
500399,8.57,95.8,clothing,True,,36.51,36.52
500400,23.45,21.7,books,False,,38.61,43.3
500401,4.3,194.4,fragile,False,,20.9,20.92
500402,13.1,256.9,electronics,False,,52.14,52.15
500403,2.74,48.9,standard,True,,17.82,17.83
500404,24.15,39.3,books,False,,40.61,45.43
500405,14.6,23.9,electronics,False,,45.0,44.98
500406,20.19,156.7,electronics,False,,68.4,68.42
500407,7.41,292.3,fragile,False,SAVE10,30.49,30.48
500408,20.14,284.4,food,False,,50.47,50.49
500409,17.72,200.2,clothing,False,SAVE10,40.9,40.91
500410,16.27,102.7,food,False,SAVE10,30.98,30.97
500411,23.79,263.8,food,True,,87.39,87.4
500412,11.12,11.1,food,False,,20.57,20.56
500413,10.67,149.7,clothing,False,,28.82,28.81
500414,17.46,176.9,standard,True,,66.46,66.46
500415,20.96,297.4,fragile,False,,69.37,69.36
500416,8.71,106.6,standard,False,,22.75,22.77
500417,16.91,295.0,books,False,SAVE10,37.63,40.65
500418,5.62,119.1,clothing,False,,17.2,17.19
500419,14.02,286.4,books,False,SAVE10,33.08,35.6
500420,19.34,178.2,clothing,True,,70.41,70.4
500421,2.1,100.5,food,False,,8.8,8.79
500422,18.33,166.1,fragile,True,SAVE10,69.82,89.26
500423,0.88,186.4,books,False,,10.73,10.91
500424,23.98,122.5,clothing,False,,54.08,54.09
500425,11.98,44.5,fragile,False,,33.37,33.36
500426,10.52,12.2,clothing,False,SAVE10,19.48,19.5
500427,18.15,160.9,electronics,False,SAVE10,56.25,56.25
500428,13.32,285.8,electronics,True,SAVE10,79.05,79.03
500429,18.41,38.9,electronics,False,,57.18,57.16
500430,2.58,85.4,fragile,False,SAVE10,9.88,9.9
500431,14.29,168.6,fragile,False,,45.58,45.6
500432,14.17,63.1,fragile,False,,40.0,39.99
500433,23.34,136.9,electronics,False,SAVE10,69.18,69.19
500434,1.47,261.9,clothing,False,,16.04,16.03
500435,11.59,133.5,electronics,True,,59.79,59.8
500436,15.96,246.9,books,False,,37.88,41.07
500437,13.99,279.9,clothing,False,,41.98,41.97
500438,2.32,270.9,standard,False,,18.18,18.2
500439,15.03,117.7,clothing,False,SAVE10,32.35,32.36
500440,5.94,218.0,food,False,,21.59,21.6
500441,5.29,113.7,food,False,,15.21,15.2
500442,22.03,234.3,standard,True,,84.21,84.2
500443,5.35,195.7,clothing,True,,45.06,45.07
500444,11.63,205.4,books,True,SAVE10,48.98,51.05
500445,18.88,82.8,fragile,False,,53.23,53.23
500446,17.83,98.9,fragile,False,,51.3,51.29
500447,14.06,276.0,books,True,SAVE10,62.01,64.53
500448,20.27,241.0,food,True,,77.64,77.65
500449,11.91,104.9,food,True,,42.17,42.19
500450,15.7,215.1,fragile,False,,51.58,51.59
500451,20.56,29.9,standard,False,,42.61,42.63
500452,17.11,94.7,clothing,False,,38.96,38.94
500453,16.22,127.5,food,False,,35.57,35.58
500454,10.45,170.6,fragile,False,,35.7,35.68
500455,14.18,206.8,standard,False,,38.7,38.68
500456,10.2,27.2,fragile,False,,27.88,27.86
500457,18.74,133.4,fragile,False,,55.39,55.37
500458,9.82,66.4,food,False,SAVE10,18.9,18.91
500459,11.93,292.2,food,False,,36.08,36.07
500460,19.01,19.3,food,True,,42.11,42.11
500461,12.84,99.1,books,False,SAVE10,22.95,25.27
500462,8.78,81.2,standard,False,,21.62,21.62
500463,20.76,42.9,fragile,True,,65.41,74.7
500464,9.83,85.3,fragile,True,,43.35,56.88
500465,21.2,62.9,electronics,True,SAVE10,70.23,70.25
500466,19.74,183.1,fragile,True,,83.79,107.09
500467,11.46,169.3,electronics,False,,42.85,42.85
500468,17.97,202.7,electronics,False,,64.04,64.05
500469,1.34,298.8,books,False,,17.08,17.33
500470,10.05,117.4,electronics,True,SAVE10,47.48,47.49
500471,21.58,254.3,books,False,,47.24,51.57
500472,14.7,208.1,fragile,True,,74.44,100.25
500473,14.17,234.9,food,True,,65.74,65.73
500474,16.79,206.9,electronics,True,,86.4,86.42
500475,17.1,19.7,books,False,SAVE10,25.51,28.59
500476,14.8,281.3,books,False,,37.75,40.69
500477,10.81,184.6,books,False,,26.53,28.69
500478,5.0,291.3,clothing,False,,24.56,24.55
500479,7.67,280.0,clothing,True,,62.34,62.35
500480,7.68,19.3,electronics,False,,24.0,24.0
500481,11.05,84.1,books,False,,21.89,24.08
500482,24.98,143.8,books,False,,47.16,52.15
500483,9.14,255.1,standard,False,SAVE10,27.93,27.92
500484,11.46,49.2,electronics,True,,46.76,46.75
500485,9.6,181.7,food,False,SAVE10,23.73,23.73
500486,14.74,69.6,clothing,False,SAVE10,29.66,29.66
500487,23.72,122.3,standard,False,,53.56,53.56
500488,22.28,95.5,clothing,True,,63.89,63.88
500489,9.74,41.7,clothing,False,SAVE10,19.41,19.41
500490,7.04,266.0,electronics,False,,34.42,34.44
500491,22.17,201.7,food,False,,49.99,50.01
500492,12.6,277.4,books,False,SAVE10,30.63,32.88
500493,17.3,57.3,electronics,False,,54.77,54.76
500494,2.3,196.1,fragile,False,,15.78,15.77
500495,21.73,169.8,fragile,False,,64.99,65.01
500496,8.17,267.2,clothing,True,,61.42,61.41
500497,12.62,60.7,electronics,False,,40.89,40.91
500498,5.35,72.6,fragile,False,,17.54,17.54
500499,10.8,123.7,clothing,True,SAVE10,40.64,40.66
500500,20.79,297.6,books,False,,48.14,52.3
500501,20.78,66.8,electronics,False,,65.68,65.66
500502,12.1,153.9,standard,False,,31.9,31.91
500503,19.31,87.4,food,True,,52.87,52.85
500504,11.72,17.4,books,False,,19.62,21.98
500505,9.65,252.0,food,False,,29.97,29.95
500506,13.87,134.0,clothing,False,,34.44,34.42
500507,5.43,112.7,fragile,False,,19.75,19.77
500508,8.26,266.8,books,False,,26.56,28.21
500509,17.81,195.6,fragile,False,,56.09,56.1
500510,19.38,285.4,books,False,SAVE10,40.75,44.25
500511,1.89,53.9,food,True,,16.49,16.48
500512,18.45,233.1,books,True,,69.48,73.16
500513,20.53,45.7,food,True,,48.81,48.79
500514,11.41,231.4,electronics,False,,45.8,45.8
500515,2.03,137.6,books,False,,10.13,10.53
500516,17.23,268.8,food,False,,44.45,44.46
500517,6.53,111.4,food,True,SAVE10,30.12,30.11
500518,16.26,243.8,food,False,SAVE10,37.31,37.3
500519,9.73,107.6,clothing,False,,24.84,24.85
500520,16.11,28.6,fragile,False,,43.32,43.33
500521,6.82,186.0,electronics,False,,29.76,29.75
500522,12.18,72.9,food,True,,37.86,37.87
500523,13.35,230.9,electronics,True,SAVE10,71.72,71.7
500524,15.96,235.3,books,True,,65.83,69.01
500525,5.48,116.0,clothing,True,,33.36,33.37
500526,24.07,57.2,standard,True,,61.72,61.73
500527,7.58,244.6,electronics,True,,64.43,64.42
500528,8.0,276.5,standard,True,,62.48,62.48
500529,6.78,281.6,fragile,True,,64.87,98.02
500530,2.15,232.8,electronics,False,SAVE10,16.28,16.27
500531,10.86,64.7,fragile,False,,31.47,31.47
500532,19.41,260.6,standard,True,,82.91,82.89
500533,17.88,122.0,standard,True,,59.06,59.06
500534,5.29,151.9,standard,True,,38.36,38.35
500535,3.85,80.5,food,False,,10.96,10.97
500536,8.37,228.5,books,True,,52.67,54.33
500537,19.32,291.6,books,True,SAVE10,71.69,75.15
500538,12.46,113.3,standard,False,,30.58,30.58
500539,23.12,61.8,electronics,True,,83.63,83.62
500540,16.58,145.7,fragile,True,,69.96,89.53
500541,15.71,61.0,food,False,,31.33,31.32
500542,19.31,47.9,food,False,,37.15,37.14
500543,18.88,144.5,food,False,SAVE10,37.09,37.1
500544,8.92,137.3,fragile,True,,48.79,67.52
500545,6.8,8.6,standard,False,,14.03,14.02
500546,11.22,287.6,books,False,,32.33,34.59
500547,12.49,297.8,electronics,True,,87.14,87.13
500548,3.97,247.9,electronics,False,SAVE10,21.87,21.87
500549,11.31,94.7,books,False,,22.83,25.11
500550,16.18,192.9,books,False,,35.53,38.78
500551,3.83,277.7,fragile,True,,56.61,89.39
500552,3.88,241.3,electronics,False,SAVE10,21.33,21.32
500553,4.76,292.2,electronics,False,,28.89,28.89
500554,7.44,222.6,electronics,True,,60.71,60.71
500555,24.06,100.5,books,False,,43.52,48.31
500556,1.13,87.3,clothing,False,,6.62,6.62
500557,5.0,74.4,clothing,False,,13.72,13.72
500558,4.54,292.0,standard,False,,23.68,23.68
500559,12.12,121.7,books,False,,25.48,27.89
500560,0.87,180.1,food,False,,10.57,10.56
500561,11.73,229.7,books,False,,30.25,32.6
500562,4.49,17.0,books,False,,8.03,8.94
500563,7.11,86.1,standard,True,,32.14,32.13
500564,19.91,270.2,books,False,,45.37,49.34
500565,5.01,136.6,fragile,False,,19.86,19.87
500566,15.62,92.4,clothing,True,SAVE10,45.09,45.1
500567,10.45,195.7,standard,False,,30.68,30.7
500568,10.73,68.0,electronics,False,,35.59,35.6
500569,20.51,228.5,fragile,False,,64.75,64.75
500570,4.44,199.4,standard,True,SAVE10,39.41,39.42
500571,23.13,268.1,books,False,SAVE10,45.37,49.54
500572,22.39,63.9,electronics,False,,70.37,70.38
500573,16.87,46.9,clothing,True,,45.78,45.77
500574,1.71,209.8,fragile,False,,14.94,14.92
500575,16.75,169.7,food,False,SAVE10,34.77,34.77
500576,15.21,276.7,fragile,True,,86.05,118.74
500577,19.42,281.3,food,False,,49.02,49.04
500578,5.74,275.2,food,True,SAVE10,50.95,50.97
500579,23.86,15.4,fragile,False,SAVE10,56.53,56.53
500580,22.21,221.6,electronics,False,SAVE10,69.94,69.94
500581,3.3,240.2,standard,False,,18.61,18.6
500582,8.22,202.4,standard,False,,26.56,26.56
500583,1.29,76.6,electronics,False,,7.7,7.7
500584,20.86,125.6,electronics,False,,68.86,68.86
500585,22.92,141.3,standard,False,,52.9,52.89
500586,24.75,44.0,standard,False,,51.7,51.72
500587,15.49,189.9,clothing,False,SAVE10,36.43,36.44
500588,16.82,68.5,fragile,False,,47.16,47.16
500589,17.12,71.9,clothing,False,,37.84,37.84
500590,14.47,197.0,fragile,False,,47.47,47.46
500591,23.83,111.3,standard,False,,53.22,53.24
500592,15.39,249.3,electronics,True,,88.57,88.56
500593,8.73,7.5,books,True,,20.09,21.82
500594,13.07,286.2,fragile,False,,48.29,48.29
500595,0.96,210.6,books,False,,12.07,12.27
500596,18.24,97.7,food,True,,52.49,52.48
500597,17.5,125.9,food,False,,37.8,37.8
500598,10.82,265.3,food,True,,64.27,64.29
500599,21.36,284.9,standard,False,SAVE10,51.27,51.27
500600,19.01,91.6,fragile,False,,54.01,54.02
500601,8.75,200.3,electronics,False,,36.26,36.25
500602,2.4,145.0,clothing,False,,12.05,12.05
500603,3.74,218.2,standard,False,,18.39,18.4
500604,5.01,228.3,electronics,False,,26.44,26.43
500605,7.95,130.9,standard,False,,22.44,22.43
500606,11.46,48.4,books,False,,20.76,23.06
500607,23.24,43.0,fragile,False,,62.57,62.59
500608,7.32,249.8,clothing,False,,27.13,27.13
500609,22.52,139.2,fragile,True,,84.43,103.37
500610,17.17,250.9,fragile,True,,87.28,117.39
500611,21.41,251.0,fragile,True,,98.32,128.43
500612,10.38,219.8,books,False,SAVE10,24.84,26.7
500613,0.58,56.2,clothing,True,,14.59,14.58
500614,19.78,297.4,clothing,False,,54.43,54.45
500615,6.51,128.2,electronics,False,,25.94,25.93
500616,3.99,290.8,electronics,True,SAVE10,54.53,54.55
500617,20.09,9.0,standard,False,,40.63,40.63
500618,17.32,229.7,standard,False,,46.12,46.11
500619,5.7,265.0,fragile,False,,28.07,28.07
500620,7.06,251.7,clothing,False,,26.7,26.72
500621,23.51,197.1,standard,False,,56.88,56.87
500622,7.08,299.3,clothing,False,,29.12,29.13
500623,17.71,76.8,electronics,True,,69.65,69.66
500624,3.67,137.6,electronics,False,,17.89,17.89
500625,20.47,73.5,food,True,,52.87,52.88
500626,3.38,242.9,books,True,SAVE10,42.16,42.79
500627,13.14,169.7,standard,False,,34.76,34.77
500628,1.36,235.1,fragile,True,,43.8,72.32
500629,13.98,27.1,food,False,,26.52,26.51
500630,21.24,18.4,food,False,,39.15,39.16
500631,2.57,29.3,books,False,,5.58,6.1
500632,7.22,258.4,fragile,False,,31.69,31.69
500633,19.23,162.1,clothing,False,SAVE10,41.91,41.91
500634,15.4,23.2,food,False,,28.88,28.9
500635,8.16,21.5,food,False,,15.76,15.75
500636,15.91,221.6,fragile,False,,52.45,52.46
500637,11.64,58.0,clothing,True,,36.98,36.98
500638,21.63,202.8,standard,False,,53.4,53.39
500639,7.68,62.4,books,False,,15.41,16.94
500640,19.06,271.0,fragile,False,SAVE10,56.8,56.81
500641,16.07,104.3,standard,False,,37.36,37.37
500642,18.64,230.2,clothing,False,SAVE10,43.91,43.91
500643,9.77,95.8,books,False,,20.42,22.36
500644,18.26,7.3,standard,False,,36.89,36.87
500645,17.61,52.4,books,True,,41.04,44.57
500646,9.99,241.1,books,False,,28.04,30.03
500647,1.15,107.3,food,False,SAVE10,6.69,6.7
500648,24.09,212.1,fragile,False,,73.24,73.25
500649,17.98,60.1,standard,True,,49.98,49.97
500650,5.52,135.3,books,False,SAVE10,14.04,15.05
500651,18.4,167.4,food,False,SAVE10,37.34,37.36
500652,7.33,229.1,food,True,,52.56,52.54
500653,12.0,280.4,books,False,,33.22,35.63
500654,21.57,113.2,fragile,False,,61.74,61.75
500655,11.48,92.0,electronics,False,,39.04,39.03
500656,7.56,68.8,books,False,,15.54,17.04
500657,7.98,209.3,clothing,True,,52.36,52.37
500658,2.39,203.6,electronics,False,SAVE10,15.62,15.62
500659,5.88,85.4,fragile,False,SAVE10,17.6,17.59
500660,7.14,64.5,clothing,False,,17.5,17.49
500661,4.74,34.0,fragile,False,,14.02,14.03
500662,2.05,40.6,clothing,True,,15.19,15.19
500663,11.91,230.7,standard,True,,63.42,63.43
500664,5.75,240.3,food,True,,51.4,51.4
500665,18.6,144.3,standard,True,SAVE10,57.46,57.44
500666,23.1,232.1,clothing,True,SAVE10,77.41,77.4
500667,7.19,161.6,food,False,,21.02,21.03
500668,14.52,182.9,food,True,,58.57,58.57
500669,12.91,262.3,food,True,,67.58,67.56
500670,2.34,141.3,food,True,,30.41,30.43
500671,3.56,160.9,books,False,,13.74,14.45
500672,22.18,297.9,standard,False,,59.26,59.24
500673,12.12,296.8,standard,False,,39.08,39.09
500674,20.21,186.1,books,False,,41.64,45.67
500675,2.13,151.9,food,False,,11.43,11.43
500676,15.07,9.7,clothing,True,,36.6,36.6
500677,21.7,139.7,electronics,False,,72.08,72.07
500678,21.74,90.0,food,False,,43.63,43.62
500679,0.64,136.8,electronics,False,,8.76,8.77
500680,13.28,74.3,books,False,,24.96,27.63
500681,9.54,296.2,electronics,False,,43.43,43.43
500682,19.12,74.0,clothing,True,SAVE10,48.91,48.92
500683,2.29,200.4,standard,False,,14.6,14.59
500684,6.99,13.2,standard,False,,14.64,14.62
500685,20.41,125.4,fragile,False,,59.34,59.33
500686,12.0,298.3,standard,True,,73.74,73.75
500687,11.6,118.4,fragile,False,,36.08,36.07
500688,24.23,32.5,clothing,True,,58.34,58.32
500689,8.34,205.0,fragile,False,SAVE10,28.74,28.73
500690,1.52,257.8,food,False,SAVE10,14.06,14.04
500691,10.11,17.4,food,False,,19.07,19.06
500692,4.26,187.3,electronics,False,,22.14,22.13
500693,2.51,29.5,standard,False,,6.49,6.51
500694,14.41,239.4,electronics,False,,55.2,55.21
500695,23.86,184.7,clothing,False,,56.96,56.97
500696,14.7,247.7,fragile,False,,50.6,50.62
500697,16.35,284.4,food,False,,43.65,43.64
500698,8.43,225.1,electronics,False,SAVE10,32.89,32.91
500699,14.49,240.9,food,True,,67.22,67.21
500700,18.93,132.4,standard,True,,62.72,62.72
500701,14.94,98.3,books,True,,43.65,46.62
500702,20.17,280.8,clothing,False,,54.38,54.38
500703,13.99,97.6,food,False,SAVE10,27.06,27.04
500704,5.35,264.3,books,True,SAVE10,47.88,48.84
500705,14.78,141.6,clothing,False,,36.64,36.64
500706,12.53,11.8,electronics,False,,38.18,38.17
500707,4.57,180.8,books,False,,16.35,17.25
500708,15.67,226.7,standard,False,,42.68,42.69
500709,20.52,12.3,electronics,False,,62.18,62.16
500710,3.81,296.8,fragile,True,,59.43,94.11
500711,13.85,104.6,clothing,False,,32.93,32.93
500712,18.48,139.9,electronics,True,SAVE10,73.28,73.29
500713,10.37,224.5,clothing,False,,31.96,31.96
500714,7.12,176.7,food,False,,21.65,21.66
500715,9.62,144.4,clothing,True,SAVE10,41.31,41.3
500716,13.77,290.1,fragile,False,SAVE10,45.28,45.26
500717,17.32,43.8,books,False,,29.9,33.37
500718,14.2,216.9,fragile,True,,74.46,101.16
500719,3.12,9.3,fragile,False,,8.58,8.57
500720,20.54,231.7,electronics,False,,73.2,73.19
500721,23.13,215.8,clothing,False,,57.05,57.03
500722,2.98,126.1,standard,True,,29.88,29.89
500723,6.61,127.0,clothing,False,,19.57,19.58
500724,4.76,173.6,clothing,False,,18.2,18.21
500725,21.3,271.0,clothing,False,SAVE10,50.54,50.55
500726,22.8,50.9,electronics,False,,70.95,70.93
500727,1.58,118.9,fragile,False,,10.05,10.06
500728,8.64,140.5,standard,False,,24.3,24.3
500729,5.22,109.3,clothing,False,SAVE10,14.31,14.33
500730,12.0,76.1,food,False,,25.4,25.39
500731,23.08,148.5,electronics,False,,76.66,76.67
500732,2.22,104.1,fragile,False,SAVE10,9.88,9.87
500733,4.7,179.2,food,False,,17.42,17.44
500734,12.43,132.9,books,False,,26.53,29.02
500735,13.34,250.4,clothing,False,,39.2,39.22
500736,18.76,251.6,electronics,True,,99.02,99.02
500737,11.22,165.7,electronics,False,,41.95,41.94
500738,3.96,263.1,electronics,True,,56.34,56.34
500739,9.16,155.2,electronics,True,,55.76,55.75
500740,24.56,109.6,clothing,True,,70.56,70.56
500741,18.89,174.6,fragile,False,SAVE10,52.06,52.08
500742,3.35,256.0,food,False,,18.83,18.83
500743,20.3,165.9,food,True,,66.42,66.43
500744,8.12,241.7,standard,False,,28.32,28.31
500745,19.64,109.2,books,False,,36.88,40.82
500746,0.81,201.5,books,False,,11.37,11.52
500747,21.85,171.5,books,True,,65.68,70.05
500748,4.48,198.1,electronics,False,SAVE10,21.01,21.0
500749,11.67,136.4,fragile,False,,37.16,37.16
500750,16.71,43.5,clothing,True,,44.94,44.96
500751,12.94,9.7,standard,False,SAVE10,23.73,23.73
500752,4.55,30.8,fragile,True,,21.45,29.51
500753,3.91,26.1,standard,False,,9.12,9.12
500754,7.47,130.2,electronics,True,,46.94,46.95
500755,1.78,116.2,food,False,,9.01,9.03
500756,5.81,191.0,fragile,False,,24.66,24.67
500757,3.69,286.7,electronics,False,,25.4,25.39
500758,11.89,127.5,electronics,False,,42.04,42.05
500759,9.23,100.8,food,False,,21.65,21.64
500760,14.88,187.3,food,False,,36.15,36.17
500761,7.38,159.5,fragile,False,,27.16,27.17
500762,1.33,20.5,standard,False,,3.69,3.69
500763,8.61,238.0,books,False,,25.68,27.39
500764,19.0,108.9,books,True,,51.74,55.53
500765,6.77,166.0,food,False,,20.49,20.48
500766,10.41,196.7,fragile,True,,61.57,86.24
500767,19.0,279.7,books,True,,77.36,81.16
500768,10.46,99.2,electronics,True,,51.26,51.24
500769,22.23,142.7,standard,False,,51.6,51.58
500770,22.99,262.1,electronics,False,,82.08,82.07
500771,8.11,284.7,electronics,False,SAVE10,34.71,34.7
500772,18.53,220.4,books,False,,40.67,44.38
500773,6.7,248.9,books,False,,23.16,24.52
500774,3.92,15.0,books,True,,13.52,14.29
500775,11.23,175.4,clothing,False,,31.23,31.22
500776,15.26,94.5,standard,True,,49.7,49.68
500777,23.42,181.3,food,False,,51.22,51.22
500778,4.07,191.8,food,False,,16.92,16.92
500779,17.95,124.0,electronics,False,SAVE10,54.04,54.06
500780,12.15,258.4,food,False,,34.79,34.79
500781,3.73,245.5,food,False,,18.99,18.98
500782,24.33,22.5,books,True,,47.3,52.19
500783,17.55,267.4,clothing,True,,80.21,80.23
500784,3.66,224.1,clothing,False,,18.52,18.52
500785,22.69,255.8,fragile,False,,71.78,71.8
500786,3.03,95.1,clothing,False,,10.82,10.81
500787,2.77,124.8,clothing,False,SAVE10,10.6,10.61
500788,8.62,225.3,electronics,False,,37.12,37.11
500789,23.48,260.5,books,False,,50.59,55.27
500790,1.31,91.6,electronics,False,SAVE10,7.66,7.67
500791,23.0,206.0,standard,False,,56.3,56.29
500792,15.48,120.7,clothing,True,,54.07,54.07
500793,2.14,143.5,fragile,False,SAVE10,11.47,11.46
500794,14.43,149.0,books,False,,30.54,33.42
500795,11.74,118.9,standard,True,SAVE10,41.68,41.67
500796,14.32,267.2,food,False,,39.14,39.16
500797,18.56,251.8,fragile,False,,60.85,60.86
500798,17.13,17.8,electronics,False,SAVE10,47.05,47.03
500799,24.93,23.7,fragile,False,,66.0,66.01
500800,4.34,28.8,fragile,False,SAVE10,11.45,11.46
500801,20.41,48.1,clothing,False,,43.22,43.23
500802,10.57,68.4,food,False,,22.45,22.44
500803,19.69,63.3,books,False,,34.67,38.62
500804,22.35,88.6,fragile,False,SAVE10,56.29,56.29
500805,24.8,120.1,fragile,False,,70.48,70.48
500806,7.02,218.6,books,True,,49.02,50.43
500807,11.6,181.2,books,False,,27.62,29.94
500808,23.6,41.9,books,False,,39.86,44.56
500809,23.67,203.6,standard,False,,57.52,57.54
500810,9.64,176.4,standard,False,SAVE10,25.29,25.28
500811,23.54,5.7,books,True,,43.52,48.24
500812,10.44,261.4,electronics,False,,44.39,44.39
500813,9.68,66.3,fragile,False,,28.48,28.47
500814,19.04,152.7,books,False,SAVE10,34.29,37.71
500815,12.04,157.9,food,False,,29.57,29.55
500816,11.48,22.1,books,False,SAVE10,17.53,19.6
500817,9.96,47.8,books,False,,18.33,20.3
500818,11.1,55.5,fragile,False,,31.64,31.63
500819,3.93,276.7,fragile,False,SAVE10,21.65,21.64
500820,2.0,270.0,food,False,,17.1,17.1
500821,18.97,265.2,fragile,True,,94.1,125.62
500822,14.33,77.9,fragile,True,,53.94,66.75
500823,16.96,128.1,books,False,,33.54,36.95
500824,20.16,165.8,food,False,,44.58,44.58
500825,6.14,21.3,clothing,False,,13.34,13.34
500826,6.23,44.8,fragile,False,SAVE10,16.59,16.59
500827,7.31,144.9,standard,False,,21.86,21.88
500828,7.95,37.5,food,False,,16.19,16.18
500829,19.14,141.1,food,False,,41.51,41.52
500830,9.67,161.5,clothing,False,,27.42,27.43
500831,8.42,14.0,electronics,False,,25.96,25.94
500832,16.09,233.7,food,False,,40.65,40.66
500833,5.07,119.0,food,False,,15.08,15.07
500834,3.11,145.2,electronics,False,,16.59,16.58
500835,17.58,198.6,books,True,,62.92,66.45
500836,19.03,261.9,books,True,SAVE10,67.26,70.69
500837,7.76,52.0,food,False,,16.57,16.55
500838,16.08,57.8,electronics,False,,51.13,51.15
500839,1.33,192.1,standard,False,,12.26,12.25
500840,10.41,267.4,standard,True,,65.93,65.91
500841,14.66,69.1,electronics,True,,59.34,59.35
500842,6.71,143.0,food,False,,19.23,19.23
500843,9.03,16.9,fragile,False,,24.32,24.33
500844,15.43,7.6,food,False,SAVE10,25.34,25.32
500845,14.95,278.7,food,False,,40.84,40.83
500846,4.28,230.2,books,False,,18.36,19.21
500847,17.81,210.5,clothing,False,SAVE10,41.53,41.53
500848,2.46,20.9,standard,False,,5.96,5.98
500849,24.26,211.4,fragile,False,,73.65,73.63
500850,5.46,216.9,food,False,,20.67,20.68
500851,6.71,105.1,electronics,True,,40.89,40.91
500852,5.41,243.6,standard,False,,23.0,22.99
500853,24.79,299.2,clothing,False,,64.54,64.54
500854,7.52,78.3,standard,True,,31.78,31.77
500855,15.33,15.9,fragile,True,,47.24,53.83
500856,24.77,90.3,electronics,True,SAVE10,83.57,83.56
500857,23.78,204.7,standard,False,,57.8,57.79
500858,1.54,270.5,electronics,False,,18.14,18.13
500859,13.27,282.8,standard,True,SAVE10,66.56,66.57
500860,15.23,244.6,food,False,,39.64,39.63
500861,17.71,185.8,food,False,,41.17,41.16
500862,8.73,67.2,food,False,SAVE10,17.17,17.17
500863,8.53,99.2,electronics,False,,30.55,30.56
500864,0.6,66.7,food,True,,16.08,16.1
500865,1.36,175.2,electronics,True,,35.36,35.37
500866,13.98,33.3,clothing,False,,29.62,29.64
500867,2.36,239.7,food,True,,45.2,45.22
500868,5.46,195.3,electronics,False,SAVE10,23.53,23.52
500869,8.67,239.6,electronics,False,,37.99,38.01
500870,2.23,214.3,books,False,,14.28,14.72
500871,1.26,201.3,food,True,SAVE10,33.72,33.73
500872,23.21,98.2,fragile,False,,65.26,65.25
500873,11.16,272.4,standard,False,SAVE10,32.35,32.34
500874,5.52,230.4,standard,True,,50.6,50.59
500875,17.86,41.1,standard,False,,37.78,37.77
500876,0.73,73.3,clothing,False,,5.12,5.11
500877,6.5,33.7,food,False,,13.39,13.4
500878,24.04,204.7,fragile,True,,98.21,123.68
500879,22.49,139.0,fragile,False,SAVE10,58.88,58.88
500880,16.08,74.4,electronics,False,,51.96,51.95
500881,2.78,213.4,clothing,True,,42.57,42.58
500882,8.29,37.8,electronics,False,,26.76,26.76
500883,1.18,296.3,food,False,,16.94,16.94
500884,5.87,286.6,clothing,False,SAVE10,23.46,23.47
500885,1.12,34.0,fragile,True,,13.01,21.4
500886,3.59,205.1,books,True,,41.51,42.21
500887,16.01,185.1,electronics,False,,57.28,57.27
500888,2.96,94.4,electronics,True,,28.04,28.04
500889,4.32,103.7,electronics,False,,18.15,18.14
500890,22.62,287.2,fragile,True,,106.89,140.61
500891,8.72,28.7,clothing,False,,18.88,18.86
500892,8.66,270.8,electronics,False,,39.52,39.5
500893,2.62,149.8,standard,True,,32.71,32.7
500894,20.0,167.3,clothing,False,,48.36,48.35
500895,17.07,154.3,food,True,,58.87,58.88
500896,13.9,236.8,standard,False,,39.64,39.66
500897,15.64,61.4,clothing,False,,34.35,34.33
500898,2.96,73.6,standard,False,,9.6,9.62
500899,6.88,37.7,standard,False,,15.64,15.63
500900,14.8,137.6,electronics,False,,51.28,51.27
500901,23.83,16.9,books,True,,45.66,50.41
500902,20.52,290.7,fragile,False,,67.89,67.89
500903,16.2,134.6,books,False,,32.65,35.87
500904,13.21,108.3,clothing,True,SAVE10,42.9,42.91
500905,0.87,279.0,standard,False,,15.69,15.69
500906,22.32,258.2,electronics,False,,79.87,79.85
500907,2.14,69.7,clothing,False,,7.76,7.78
500908,3.66,27.8,fragile,True,,18.69,26.48
500909,17.48,217.1,fragile,True,,83.01,109.73
500910,20.4,110.8,standard,False,,46.34,46.35
500911,19.77,249.2,clothing,True,,81.92,81.92
500912,11.58,116.7,electronics,True,,57.24,57.24
500913,4.84,93.8,standard,False,,14.37,14.36
500914,1.36,140.5,fragile,False,,10.56,10.55
500915,21.36,17.7,standard,False,SAVE10,39.24,39.23
500916,24.45,56.6,fragile,False,,66.4,66.41
500917,6.48,49.2,fragile,False,SAVE10,17.38,17.39
500918,21.72,213.9,standard,False,,54.14,54.13
500919,10.36,93.6,food,False,,23.33,23.32
500920,8.13,245.5,food,True,,56.46,56.45
500921,12.88,284.8,books,False,,34.85,37.42
500922,0.7,150.8,electronics,False,,9.64,9.65
500923,11.35,60.2,clothing,True,,36.73,36.71
500924,5.39,9.3,electronics,True,SAVE10,20.31,20.33
500925,17.96,288.8,food,False,,46.77,46.77
500926,12.81,40.5,food,False,SAVE10,22.57,22.57
500927,21.79,224.8,standard,False,,54.82,54.8
500928,22.47,10.8,clothing,False,,45.48,45.48
500929,8.26,274.9,fragile,False,,35.22,35.22
500930,7.37,169.9,books,False,,20.29,21.75
500931,23.51,199.1,clothing,True,SAVE10,73.7,73.69
500932,12.85,186.9,fragile,True,,66.45,90.13
500933,2.86,74.4,books,False,SAVE10,7.47,7.98
500934,1.62,39.9,standard,False,,5.24,5.24
500935,24.77,251.3,clothing,True,SAVE10,83.01,83.01
500936,14.69,168.5,clothing,False,,37.8,37.81
500937,1.84,172.8,books,True,,33.86,34.25
500938,13.03,38.1,food,False,,25.36,25.37
500939,12.85,284.3,fragile,False,,47.63,47.63
500940,11.17,210.5,clothing,False,SAVE10,29.58,29.59
500941,23.81,129.8,books,False,,44.59,49.35
500942,23.74,19.1,food,True,,50.6,50.61
500943,3.56,143.6,food,True,,32.95,32.93
500944,4.22,293.6,clothing,False,SAVE10,20.81,20.82
500945,10.48,229.5,fragile,False,,38.72,38.73
500946,20.93,11.7,food,False,SAVE10,34.43,34.43
500947,15.78,225.7,clothing,True,,70.41,70.41
500948,18.38,261.9,clothing,False,,49.86,49.85
500949,14.61,80.7,food,False,,30.33,30.34
500950,5.65,253.4,food,False,,22.84,22.84
500951,20.54,291.6,electronics,False,,76.2,76.18
500952,0.84,128.4,food,True,SAVE10,23.19,23.21
500953,17.61,35.5,clothing,True,,45.54,45.53
500954,5.26,114.4,standard,False,,16.24,16.23
500955,12.04,272.1,standard,False,,37.68,37.7
500956,24.39,142.0,clothing,False,SAVE10,50.29,50.28
500957,13.71,93.3,electronics,False,SAVE10,41.22,41.22
500958,1.9,135.5,fragile,False,SAVE10,10.54,10.54
500959,11.01,250.6,books,False,,30.15,32.35
500960,16.68,184.4,food,True,SAVE10,56.42,56.41
500961,1.89,39.0,food,True,,14.25,14.24
500962,6.69,98.8,electronics,True,,39.89,39.87
500963,0.95,89.3,electronics,False,,7.32,7.3
500964,13.73,231.2,electronics,False,,52.75,52.74
500965,9.85,156.2,books,False,,23.57,25.54
500966,12.84,26.6,food,True,,32.1,32.09
500967,7.75,10.5,food,False,,14.48,14.46
500968,16.59,112.5,fragile,False,,48.76,48.76
500969,4.74,172.4,fragile,True,,43.18,65.44
500970,22.71,174.9,clothing,True,,76.66,76.65
500971,24.02,118.5,standard,False,,53.96,53.98
500972,12.58,126.5,food,True,SAVE10,41.96,41.97
500973,11.9,94.3,books,False,,23.76,26.15
500974,21.56,51.7,clothing,False,,45.7,45.72
500975,7.6,102.0,standard,True,,35.5,35.48
500976,20.18,198.9,electronics,True,,95.38,95.38
500977,7.54,91.8,food,False,,18.16,18.17
500978,18.14,272.6,food,True,SAVE10,70.69,70.71
500979,8.68,170.3,standard,False,,25.88,25.87
500980,15.26,52.8,standard,False,,33.16,33.15
500981,23.18,141.6,fragile,False,,67.35,67.36
500982,1.83,57.0,fragile,True,,18.31,29.0
500983,20.28,43.8,electronics,False,,63.03,63.04
500984,13.78,37.3,electronics,False,,43.2,43.22
500985,9.79,55.2,clothing,False,,22.34,22.36
500986,9.08,60.5,food,True,,30.42,30.43
500987,2.2,291.0,food,False,,18.51,18.51
500988,6.83,19.5,clothing,False,,14.64,14.64
500989,15.77,138.5,clothing,True,SAVE10,51.58,51.58
500990,2.89,196.6,books,False,,14.45,15.05
500991,16.9,26.0,food,True,,39.32,39.32
500992,24.08,101.5,fragile,False,SAVE10,60.91,60.93
500993,24.53,124.2,electronics,False,SAVE10,71.82,71.82
500994,22.29,144.9,books,True,,62.4,66.85
500995,20.26,205.3,food,False,SAVE10,42.06,42.07
500996,4.86,156.0,books,False,,15.58,16.55
500997,24.27,159.1,clothing,False,SAVE10,50.85,50.84
500998,5.47,88.1,electronics,True,SAVE10,31.16,31.17
500999,21.79,20.8,books,False,,35.9,40.24
501000,22.01,200.1,books,False,,45.22,49.64
501001,15.74,160.3,fragile,False,SAVE10,44.05,44.04
501002,13.27,156.8,fragile,True,,63.02,83.69
501003,5.41,176.0,food,False,SAVE10,16.68,16.69
501004,13.23,281.0,books,False,SAVE10,31.7,34.09
501005,7.62,228.4,food,False,,25.14,25.15
501006,3.58,149.7,electronics,False,,18.23,18.24
501007,3.64,65.6,clothing,True,,22.12,22.13
501008,20.13,53.6,books,False,,34.89,38.91
501009,23.1,175.8,books,False,,45.75,50.38
501010,3.98,235.5,food,False,,18.94,18.95
501011,0.82,203.8,standard,False,SAVE10,10.65,10.66
501012,6.96,229.7,fragile,False,,29.58,29.58
501013,3.79,28.0,books,False,,7.46,8.21
501014,5.12,29.6,clothing,False,,11.72,11.74
501015,14.79,171.6,food,False,,35.2,35.18
501016,10.85,232.7,food,True,,59.44,59.44
501017,11.02,64.0,food,False,,23.04,23.03
501018,5.54,296.6,food,False,,24.8,24.82
501019,16.78,143.8,clothing,False,SAVE10,36.68,36.66
501020,7.59,22.6,fragile,False,,20.86,20.86
501021,10.28,182.6,books,False,,25.58,27.61
501022,11.85,299.6,standard,True,,73.64,73.63
501023,22.66,295.6,clothing,False,SAVE10,54.09,54.09
501024,6.54,292.5,standard,False,,27.7,27.69
501025,18.11,135.8,clothing,False,SAVE10,38.71,38.72
501026,8.08,264.3,books,True,SAVE10,51.82,53.26
501027,22.41,104.4,electronics,False,,72.45,72.46
501028,10.15,262.2,clothing,True,,64.63,64.64
501029,12.88,158.5,electronics,False,,46.56,46.57
501030,21.99,117.7,fragile,False,,63.06,63.06
501031,16.98,17.6,fragile,False,,45.03,45.03
501032,2.81,120.2,fragile,False,,13.32,13.32
501033,3.85,202.2,electronics,True,,46.88,46.88
501034,24.77,59.5,clothing,False,SAVE10,47.26,47.28
501035,1.21,137.4,clothing,True,SAVE10,25.23,25.23
501036,7.87,77.9,food,True,,30.85,30.84
501037,23.99,53.8,electronics,False,,74.66,74.67
501038,0.87,106.0,standard,False,,7.04,7.05
501039,4.45,53.6,fragile,False,SAVE10,12.82,12.84
501040,5.73,179.5,fragile,False,,23.87,23.88
501041,2.62,201.1,standard,False,,15.3,15.28
501042,12.06,103.5,books,False,,24.47,26.9
501043,15.01,31.1,fragile,False,SAVE10,36.52,36.52
501044,8.3,95.6,electronics,True,,44.24,44.22
501045,3.16,43.9,standard,False,SAVE10,7.66,7.68
501046,20.37,191.7,electronics,True,,94.86,94.86
501047,20.21,263.4,fragile,True,,97.06,128.38
501048,14.27,22.3,standard,True,,36.88,36.88
501049,3.87,136.4,standard,False,,14.56,14.57
501050,13.78,149.2,clothing,False,,35.02,35.01
501051,15.92,17.2,standard,False,,32.7,32.7
501052,10.99,296.2,electronics,False,,47.78,47.79
501053,21.66,39.7,electronics,True,,75.94,75.93
501054,10.06,39.7,books,True,,27.05,29.07
501055,13.02,24.5,electronics,False,,40.29,40.28
501056,3.3,116.0,electronics,False,,15.7,15.7
501057,14.31,200.6,electronics,False,,52.96,52.95
501058,19.28,160.7,standard,False,,46.6,46.59
501059,18.42,129.9,food,True,,57.64,57.63
501060,6.8,77.0,standard,False,,17.45,17.46
501061,24.8,251.2,food,True,,87.32,87.3
501062,18.14,78.2,standard,True,,53.01,53.01
501063,10.88,137.1,electronics,False,,39.5,39.5
501064,10.67,204.0,clothing,False,,31.54,31.53
501065,19.59,11.8,food,False,,35.85,35.85
501066,4.8,50.6,books,False,SAVE10,9.19,10.04
501067,16.17,140.8,books,False,SAVE10,29.62,32.53
501068,18.11,84.8,fragile,False,,51.33,51.33
501069,13.15,60.6,standard,False,,29.33,29.34
501070,21.89,290.5,books,True,,83.6,87.99
501071,11.98,9.0,food,False,,22.01,22.02
501072,11.89,95.9,books,True,,38.41,40.78
501073,7.47,55.0,books,True,,25.2,26.69
501074,23.02,68.0,books,False,,40.23,44.82
501075,8.25,281.0,electronics,False,,38.8,38.81
501076,17.53,111.6,fragile,False,,51.16,51.16
501077,10.53,178.1,fragile,False,,36.28,36.3
501078,23.42,189.1,clothing,False,,56.3,56.31
501079,23.73,273.8,books,True,,84.04,88.79
501080,1.24,278.0,clothing,False,,16.38,16.37
501081,24.87,106.7,clothing,False,,55.08,55.07
501082,15.32,199.6,clothing,True,,65.58,65.56
501083,2.31,35.1,clothing,True,,14.88,14.9
501084,12.68,200.1,food,False,,32.83,32.83
501085,1.71,75.8,food,False,SAVE10,6.18,6.2
501086,13.95,8.2,fragile,False,SAVE10,33.01,33.03
501087,5.04,232.2,electronics,False,SAVE10,24.06,24.04
501088,9.51,298.7,clothing,True,,68.82,68.84
501089,7.97,211.2,books,False,SAVE10,20.98,22.43
501090,15.25,236.3,clothing,True,,70.94,70.93
501091,20.65,280.1,fragile,False,,67.69,67.71
501092,23.45,107.8,standard,True,,68.07,68.08
501093,8.56,264.5,books,False,,26.92,28.62
501094,14.46,150.3,electronics,False,SAVE10,45.81,45.79
501095,0.64,157.1,fragile,False,,9.52,9.53
501096,9.62,26.5,clothing,False,SAVE10,18.51,18.52
501097,24.04,87.1,clothing,False,,52.43,52.44
501098,3.41,122.6,food,True,,29.53,29.53
501099,21.81,167.0,food,True,,69.31,69.3
501100,16.49,71.9,standard,False,,36.57,36.59
501101,7.7,293.0,electronics,False,,37.75,37.77
501102,19.56,261.8,electronics,False,,71.77,71.77
501103,7.59,47.5,standard,False,,17.56,17.55
501104,22.42,37.3,clothing,True,,55.44,55.43
501105,2.53,19.8,food,False,SAVE10,4.99,4.97
501106,3.42,62.5,fragile,True,,23.27,34.5
501107,18.88,233.4,fragile,False,,60.76,60.76
501108,11.5,74.5,standard,False,,26.72,26.73
501109,4.11,180.6,food,False,SAVE10,14.79,14.79
501110,13.08,171.1,food,False,SAVE10,28.89,28.89
501111,7.78,288.4,standard,False,,29.98,29.99
501112,13.96,132.6,clothing,False,,34.55,34.53
501113,18.72,66.4,clothing,False,,40.76,40.78
501114,21.49,157.4,fragile,True,,84.48,105.23
501115,1.95,115.8,clothing,True,,26.27,26.26
501116,15.01,39.3,clothing,True,,40.92,40.93
501117,24.6,264.9,electronics,False,,87.05,87.05
501118,11.77,108.0,fragile,False,,36.0,36.0
501119,19.35,7.3,fragile,False,,50.68,50.68
501120,2.88,256.0,books,False,,17.41,17.98
501121,21.9,254.7,food,False,,52.16,52.16
501122,14.76,120.4,fragile,False,,44.4,44.4
501123,22.26,238.6,electronics,False,,78.71,78.72
501124,19.78,152.0,books,False,,39.25,43.22
501125,21.8,184.5,fragile,False,,65.9,65.92
501126,1.9,143.3,books,True,,29.54,29.92
501127,18.03,42.7,standard,True,,47.46,47.46
501128,5.33,285.5,food,False,,23.87,23.87
501129,7.01,9.5,standard,False,SAVE10,13.05,13.04
501130,8.46,13.5,books,False,,14.21,15.9
501131,14.99,137.4,food,False,,33.85,33.85
501132,15.88,63.4,food,True,,43.09,43.08
501133,23.32,251.5,fragile,True,,103.36,133.5
501134,0.81,261.9,standard,False,,14.72,14.71
501135,5.24,95.4,fragile,True,,32.93,47.48
501136,9.37,31.7,food,False,,18.45,18.47
501137,20.54,166.2,standard,False,,49.39,49.39
501138,13.97,116.5,fragile,False,,42.15,42.15
501139,13.04,296.9,electronics,False,,53.96,53.97
501140,19.12,117.6,clothing,False,,44.12,44.14
501141,16.55,188.1,electronics,True,,82.86,82.88
501142,7.6,288.3,books,False,,26.58,28.1
501143,2.63,271.7,food,False,,18.32,18.32
501144,11.83,45.8,electronics,False,,37.78,37.77
501145,22.06,132.0,electronics,False,,72.78,72.79
501146,15.15,159.7,standard,False,,38.28,38.27
501147,1.81,227.6,books,False,,14.28,14.64
501148,11.28,257.9,standard,False,,35.46,35.45
501149,9.92,269.9,books,False,,29.37,31.34
501150,14.77,178.3,fragile,True,,70.15,92.96
501151,14.88,244.2,food,False,,38.99,38.99
501152,23.81,261.6,electronics,True,SAVE10,104.1,104.1
501153,8.78,36.9,books,False,,15.89,17.65
501154,10.5,294.2,electronics,False,,46.21,46.22
501155,15.53,103.6,food,True,,48.49,48.48
501156,22.22,10.0,clothing,False,,44.94,44.96
501157,17.8,85.8,fragile,True,,64.15,77.73
501158,12.04,196.3,food,False,,31.49,31.5
501159,20.46,116.9,electronics,False,,67.23,67.21
501160,12.39,180.1,books,True,,51.84,54.3
501161,24.11,237.8,electronics,False,,84.22,84.21
501162,7.42,98.6,clothing,False,,19.77,19.78
501163,3.62,65.8,fragile,True,,24.28,35.86
501164,20.84,225.4,standard,False,,52.95,52.96
501165,7.78,30.2,standard,False,,17.07,17.06
501166,21.26,278.4,fragile,True,SAVE10,91.83,121.38
501167,15.43,251.0,electronics,False,,58.84,58.85
501168,12.97,106.1,standard,False,,31.24,31.25
501169,2.63,152.5,electronics,False,SAVE10,13.96,13.98
501170,19.76,222.3,electronics,True,,97.63,97.63
501171,2.12,270.9,electronics,False,,19.9,19.9
501172,24.15,294.5,fragile,False,,77.52,77.52
501173,21.99,153.7,electronics,False,,73.66,73.64
501174,7.92,128.1,fragile,False,,27.0,26.98
501175,3.63,23.0,fragile,False,,10.59,10.61
501176,22.2,298.5,fragile,True,,107.5,142.35
501177,12.26,84.0,books,False,,23.82,26.26
501178,3.56,69.8,electronics,True,,26.15,26.14
501179,12.71,267.2,electronics,True,,83.21,83.19
501180,6.55,226.7,food,False,,23.12,23.14
501181,10.49,148.7,electronics,False,SAVE10,35.01,35.03
501182,16.19,193.7,clothing,False,,42.07,42.06
501183,22.93,280.4,fragile,True,SAVE10,96.01,125.73
501184,20.12,144.0,clothing,True,,66.84,66.84
501185,4.44,22.3,fragile,False,,12.66,12.64
501186,12.19,299.8,food,False,,36.93,36.93
501187,12.55,291.7,fragile,True,,81.39,115.57
501188,24.74,271.4,fragile,True,,110.03,142.15
501189,2.63,63.5,fragile,False,,10.01,10.02
501190,13.01,93.5,standard,True,,45.04,45.05
501191,22.9,19.4,electronics,False,,69.67,69.67
501192,10.27,174.0,fragile,False,,35.4,35.38
501193,6.91,278.6,clothing,True,,60.61,60.61
501194,14.12,165.0,electronics,True,,72.11,72.1
501195,8.34,37.8,standard,False,,18.57,18.56
501196,23.21,44.1,clothing,True,,58.04,58.03
501197,2.58,230.1,electronics,True,,47.26,47.26
501198,5.56,73.4,fragile,False,,18.13,18.13
501199,2.55,231.2,clothing,True,,44.78,44.77
501200,17.94,179.8,food,False,,41.28,41.3
501201,7.68,119.5,food,False,,19.8,19.79
501202,22.55,135.9,fragile,False,,65.42,65.42
501203,22.39,248.7,standard,False,SAVE10,51.49,51.48
501204,23.44,289.1,clothing,False,,61.34,61.32
501205,6.78,50.5,books,False,,13.37,14.72
501206,0.52,234.7,electronics,True,,41.76,41.77
501207,10.0,186.6,fragile,False,,35.33,35.34
501208,24.08,74.5,clothing,False,,51.88,51.88
501209,19.21,64.0,food,False,,37.78,37.79
501210,1.96,68.9,fragile,False,,8.54,8.54
501211,17.71,286.9,electronics,False,,67.47,67.48
501212,22.97,219.1,electronics,False,,79.86,79.85
501213,24.21,5.6,fragile,False,,63.23,63.24
501214,18.04,128.8,clothing,True,,60.4,60.42
501215,21.64,223.7,electronics,False,,76.1,76.12
501216,21.12,65.1,clothing,False,,45.5,45.5
501217,9.28,134.5,clothing,False,SAVE10,22.76,22.76
501218,2.93,99.4,fragile,False,,12.59,12.59
501219,18.32,153.3,standard,False,SAVE10,39.87,39.89
501220,3.85,33.8,books,False,,7.85,8.61
501221,9.91,200.2,food,False,,27.85,27.85
501222,24.9,36.1,standard,False,,51.6,51.6
501223,14.21,155.0,food,True,,53.83,53.81
501224,13.28,54.1,food,True,,37.02,37.02
501225,23.72,183.1,electronics,True,,103.62,103.62
501226,7.46,25.9,electronics,True,,31.26,31.26
501227,24.99,78.4,electronics,False,,78.89,78.9
501228,22.84,233.2,books,False,,48.2,52.79
501229,9.42,35.7,food,True,,27.31,27.29
501230,8.52,67.1,fragile,True,,37.22,48.95
501231,3.6,187.8,fragile,False,SAVE10,16.88,16.86
501232,22.93,179.1,clothing,False,,54.82,54.83
501233,5.05,24.8,books,True,,16.8,17.81
501234,0.72,165.3,standard,True,SAVE10,28.11,28.11
501235,22.31,278.5,fragile,False,SAVE10,64.74,64.74
501236,15.15,39.2,fragile,False,,41.35,41.34
501237,16.96,115.9,clothing,False,,39.72,39.72
501238,18.46,16.2,clothing,False,,37.73,37.74
501239,1.55,200.2,clothing,False,,13.11,13.12
501240,2.75,31.1,food,True,,14.62,14.61
501241,12.75,119.9,books,True,,43.39,45.92
501242,1.73,60.7,standard,False,,6.5,6.5
501243,12.86,229.7,standard,True,,65.18,65.18
501244,18.54,60.5,books,False,SAVE10,29.42,32.76
501245,16.61,90.5,clothing,False,,37.74,37.76
501246,15.61,203.6,electronics,True,,82.37,82.38
501247,1.64,28.4,books,True,SAVE10,10.7,10.98
501248,6.3,166.0,fragile,False,,24.68,24.68
501249,22.49,52.6,clothing,True,,57.87,57.86
501250,3.52,57.9,food,True,,20.02,20.01
501251,13.56,299.0,fragile,False,,50.21,50.22
501252,1.73,28.6,food,False,,4.54,4.53
501253,23.51,79.2,fragile,False,,65.09,65.09
501254,4.7,106.0,fragile,False,SAVE10,15.77,15.76
501255,10.55,215.2,electronics,False,,42.41,42.39
501256,13.9,62.4,electronics,False,,44.82,44.82
501257,18.11,43.4,fragile,False,,49.26,49.27
501258,23.47,84.6,books,False,,41.78,46.49
501259,18.54,182.5,food,True,SAVE10,59.17,59.17
501260,9.01,291.0,standard,True,,66.67,66.68
501261,2.35,175.7,food,True,,35.58,35.59
501262,17.83,9.5,fragile,False,,46.83,46.83
501263,24.33,116.9,food,True,,66.33,66.34
501264,0.92,165.6,electronics,True,,32.6,32.61
501265,19.48,241.7,standard,False,,51.04,51.06
501266,4.82,295.2,standard,True,,58.92,58.92
501267,11.77,45.2,books,False,SAVE10,18.98,21.1
501268,13.3,245.4,clothing,False,SAVE10,34.98,34.97
501269,15.55,213.7,books,False,SAVE10,32.01,34.81
501270,24.74,195.7,electronics,True,,108.57,108.56
501271,17.34,167.2,books,False,,36.1,39.59
501272,10.11,196.4,food,False,SAVE10,25.22,25.23
501273,18.02,100.4,standard,True,SAVE10,50.49,50.48
501274,11.93,25.6,clothing,True,,32.7,32.72
501275,10.62,81.7,standard,False,,25.32,25.33
501276,9.46,12.3,standard,False,,19.54,19.55
501277,12.59,235.3,clothing,False,,36.94,36.93
501278,7.39,84.0,fragile,False,,23.41,23.43
501279,6.43,274.7,clothing,False,,26.6,26.61
501280,4.14,173.3,books,True,,37.62,38.45
501281,11.29,209.9,clothing,False,,33.08,33.09
501282,7.68,155.6,electronics,False,,30.82,30.81
501283,21.01,260.8,food,False,,50.86,50.85
501284,21.27,230.3,fragile,False,SAVE10,60.14,60.15
501285,8.92,43.2,books,False,SAVE10,14.79,16.41
501286,15.67,207.0,clothing,False,SAVE10,37.52,37.52
501287,22.61,249.3,electronics,True,SAVE10,99.2,99.21
501288,9.3,211.1,electronics,False,,38.46,38.44
501289,14.09,250.5,fragile,True,,79.21,109.25
501290,11.37,207.9,food,False,,30.86,30.86
501291,16.43,139.1,fragile,False,,49.67,49.66
501292,24.01,26.7,books,False,SAVE10,35.78,40.09
501293,3.9,75.0,fragile,False,,13.89,13.91
501294,24.15,216.9,fragile,True,,100.32,127.0
501295,16.81,91.7,standard,True,,52.38,52.39
501296,20.0,230.2,standard,False,,51.51,51.52
501297,16.06,244.7,standard,False,SAVE10,39.92,39.92
501298,21.82,298.3,fragile,False,SAVE10,64.48,64.5
501299,8.49,269.3,electronics,False,,38.94,38.92
501300,17.85,293.5,clothing,False,,50.38,50.38
501301,6.97,76.9,electronics,False,SAVE10,22.28,22.28
501302,12.96,32.7,clothing,True,,35.83,35.81
501303,17.2,251.9,food,False,,43.56,43.54
501304,5.43,101.0,electronics,True,,36.44,36.44
501305,2.0,267.0,books,False,,16.55,16.95
501306,19.88,216.2,fragile,True,,89.12,115.74
501307,20.32,295.4,fragile,False,,67.6,67.6
501308,16.81,65.9,electronics,True,,65.32,65.3
501309,8.38,88.0,clothing,True,,34.96,34.95
501310,16.63,206.2,electronics,False,,60.2,60.21
501311,2.56,7.6,fragile,False,,7.04,7.02
501312,16.73,205.9,food,False,,40.41,40.39
501313,14.62,167.1,food,True,,56.38,56.36
501314,15.62,148.6,food,False,,35.55,35.56
501315,11.45,26.4,food,False,,21.93,21.94
501316,6.02,224.8,standard,False,,23.28,23.27
501317,18.28,20.8,books,False,,30.29,33.93
501318,11.87,210.6,electronics,True,,72.2,72.19
501319,18.76,242.5,books,False,SAVE10,37.93,41.29
501320,9.42,80.1,clothing,False,,22.84,22.86
501321,2.65,260.3,food,False,SAVE10,16.01,16.0
501322,13.79,73.6,food,False,SAVE10,25.65,25.63
501323,15.76,116.1,clothing,False,SAVE10,33.59,33.58
501324,23.08,242.8,standard,False,,58.3,58.31
501325,22.25,266.3,clothing,False,,57.82,57.81
501326,1.9,277.5,fragile,False,SAVE10,16.93,16.93
501327,19.41,232.9,books,False,,42.7,46.57
501328,6.9,11.1,standard,False,,14.36,14.35
501329,17.58,254.9,clothing,False,SAVE10,43.11,43.1
501330,9.8,259.7,food,False,,30.62,30.63
501331,8.39,273.5,fragile,False,,35.49,35.5
501332,12.46,104.7,standard,False,,30.16,30.17
501333,13.5,45.4,fragile,False,,37.37,37.38
501334,17.51,244.5,electronics,False,,64.76,64.77
501335,16.13,86.4,food,False,,33.35,33.35
501336,17.12,125.8,books,False,,33.68,37.09
501337,9.91,269.2,food,False,,31.3,31.31
501338,17.09,58.3,standard,False,,37.1,37.11
501339,8.96,87.3,electronics,False,,31.25,31.25
501340,15.38,103.0,books,False,,29.76,32.82
501341,11.76,244.0,fragile,False,,42.78,42.79
501342,14.29,285.3,electronics,False,,57.14,57.12
501343,0.93,54.4,books,False,SAVE10,3.79,3.96
501344,12.72,88.4,food,True,,41.16,41.14
501345,5.89,232.5,books,False,SAVE10,18.94,19.99
501346,9.95,68.1,fragile,False,,29.28,29.29
501347,2.31,181.5,standard,True,SAVE10,33.16,33.16
501348,16.59,139.4,fragile,True,SAVE10,62.14,79.18
501349,22.39,252.6,electronics,False,,79.8,79.81
501350,9.19,82.6,books,False,,18.83,20.66
501351,3.07,159.1,food,False,,13.48,13.47
501352,15.7,178.2,electronics,False,,56.01,55.99
501353,3.61,17.0,food,False,,7.35,7.35
501354,22.34,24.3,clothing,True,,53.32,53.32
501355,3.5,65.3,clothing,False,,10.26,10.27
501356,9.37,17.2,food,False,,17.73,17.73
501357,12.62,118.5,food,True,,45.49,45.49
501358,3.39,171.1,food,False,,14.66,14.64
501359,8.31,148.5,electronics,False,,32.36,32.34
501360,7.24,193.3,books,False,,21.25,22.7
501361,17.98,175.8,clothing,False,,44.75,44.76
501362,24.66,216.1,books,True,SAVE10,69.18,73.63
501363,9.39,256.3,food,True,,60.35,60.33
501364,19.87,11.6,electronics,False,,60.19,60.2
501365,3.94,24.5,clothing,True,SAVE10,14.9,14.88
501366,14.71,13.6,standard,False,,30.1,30.12
501367,11.1,169.2,standard,True,SAVE10,47.32,47.33
501368,7.56,50.9,electronics,False,,25.22,25.24
501369,20.63,149.4,clothing,False,SAVE10,43.86,43.85
501370,18.79,86.8,fragile,False,SAVE10,47.87,47.89
501371,3.78,129.0,standard,False,,14.01,14.02
501372,7.66,134.1,food,False,,20.49,20.48
501373,20.58,180.3,books,False,,41.94,46.05
501374,24.81,12.1,fragile,False,SAVE10,58.6,58.61
501375,15.48,152.7,books,False,,32.4,35.5
501376,21.86,94.0,clothing,False,,48.42,48.44
501377,24.61,168.8,clothing,False,,57.66,57.65
501378,18.64,122.8,food,True,,56.97,56.99
501379,16.3,10.7,books,False,,26.62,29.86
501380,5.92,135.9,books,False,,16.27,17.44
501381,9.58,167.4,fragile,False,SAVE10,29.95,29.96
501382,15.78,260.2,food,False,SAVE10,37.27,37.28
501383,23.2,145.2,standard,False,,53.66,53.66
501384,7.9,87.6,standard,False,,20.18,20.2
501385,10.18,12.3,electronics,True,,37.38,37.38
501386,1.04,52.7,electronics,True,,16.02,16.02
501387,17.57,284.3,food,True,,79.27,79.28
501388,11.37,165.8,fragile,True,,59.43,81.03
501389,20.04,273.8,electronics,True,,106.19,106.19
501390,6.22,37.3,clothing,True,,23.04,23.02
501391,16.66,52.2,clothing,True,,46.15,46.14
501392,16.99,264.4,electronics,False,,64.19,64.19
501393,11.88,18.1,food,False,,22.29,22.3
501394,5.12,145.7,food,True,,36.07,36.05
501395,10.37,198.2,fragile,False,,36.87,36.87
501396,18.75,161.3,fragile,True,,77.94,99.09
501397,5.14,200.4,food,False,,19.27,19.27
501398,2.71,19.1,food,False,,5.83,5.84
501399,11.84,167.1,clothing,False,,32.03,32.02
501400,6.25,162.4,electronics,False,,26.87,26.88
501401,20.11,234.4,fragile,False,,64.01,64.02
501402,20.52,147.3,books,False,,40.2,44.29
501403,23.66,100.7,electronics,False,SAVE10,68.41,68.42
501404,21.07,139.1,clothing,False,SAVE10,44.19,44.18
501405,16.36,54.4,standard,False,,35.44,35.45
501406,5.08,234.7,clothing,False,SAVE10,19.71,19.71
501407,20.66,163.6,standard,True,,70.86,70.84
501408,18.34,83.6,books,False,,33.52,37.2
501409,18.8,209.8,electronics,True,,92.87,92.88
501410,17.59,97.3,fragile,True,,65.33,80.06
501411,20.84,154.7,standard,False,,49.42,49.42
501412,7.8,296.7,standard,False,,30.44,30.45
501413,16.98,280.2,books,False,,41.18,44.57
501414,13.17,136.9,standard,False,,33.18,33.2
501415,8.78,82.3,fragile,False,,26.94,26.93
501416,8.51,224.0,fragile,False,SAVE10,29.99,30.01
501417,4.31,291.2,food,True,SAVE10,50.79,50.79
501418,12.54,259.4,clothing,False,,38.05,38.06
501419,9.53,180.6,standard,False,,28.09,28.08
501420,10.83,227.8,standard,False,,33.05,33.05
501421,21.37,299.3,books,True,SAVE10,75.68,79.54
501422,17.2,92.1,clothing,False,,39.0,39.02
501423,17.17,32.4,standard,False,,35.96,35.95
501424,24.61,226.5,books,False,,50.7,55.64
501425,5.84,277.0,standard,False,,25.53,25.54
501426,12.94,175.7,books,True,,52.06,54.67
501427,2.77,94.5,standard,False,SAVE10,9.24,9.24
501428,10.12,119.3,clothing,False,SAVE10,23.58,23.59
501429,23.78,6.6,food,False,,43.13,43.15
501430,2.61,225.0,standard,False,,16.47,16.48
501431,19.06,294.3,fragile,True,,98.7,133.14
501432,21.7,47.1,food,True,,51.12,51.11
501433,12.97,177.7,clothing,True,,57.6,57.6
501434,20.04,133.2,fragile,False,,58.76,58.75
501435,11.31,192.2,books,False,SAVE10,24.94,26.97
501436,9.16,291.1,electronics,False,,42.04,42.03
501437,12.89,247.8,food,True,SAVE10,58.83,58.85
501438,5.27,189.9,fragile,False,SAVE10,20.88,20.88
501439,8.03,15.9,food,False,,15.25,15.26
501440,7.98,104.0,electronics,True,,44.54,44.53
501441,24.72,101.5,electronics,False,,79.24,79.23
501442,8.71,218.1,books,False,,24.84,26.6
501443,6.11,45.6,fragile,False,SAVE10,16.35,16.37
501444,23.52,75.1,electronics,True,,86.82,86.82
501445,3.9,39.0,food,False,,8.97,8.99
501446,24.16,208.5,fragile,True,,99.09,124.95
501447,21.41,5.7,clothing,False,SAVE10,38.79,38.78
501448,16.35,116.1,fragile,True,,64.93,81.54
501449,10.98,108.2,standard,True,,43.19,43.18
501450,5.33,268.4,electronics,False,,29.41,29.41
501451,3.1,21.0,standard,False,SAVE10,6.52,6.51
501452,3.04,222.5,books,False,SAVE10,14.39,14.93
501453,9.05,137.1,standard,False,SAVE10,22.46,22.48
501454,10.48,100.2,electronics,False,,36.45,36.45
501455,23.13,14.7,electronics,True,,76.6,76.58
501456,13.64,120.7,clothing,False,,33.32,33.32
501457,24.77,290.5,food,False,,59.11,59.1
501458,18.16,225.0,standard,False,,47.57,47.59
501459,4.08,51.5,standard,False,,10.74,10.75
501460,14.06,42.7,books,True,,33.9,36.7
501461,4.4,164.3,electronics,True,,42.85,42.85
501462,1.46,194.7,fragile,False,,13.53,13.52
501463,23.62,278.9,fragile,False,,75.36,75.37
501464,8.78,284.2,clothing,True,,65.19,65.2
501465,5.14,261.2,electronics,True,,59.6,59.6
501466,2.99,42.9,clothing,True,SAVE10,15.67,15.66
501467,16.48,136.1,standard,False,,39.76,39.78
501468,11.8,69.5,food,True,,36.67,36.65
501469,0.79,186.1,food,False,,10.73,10.71
501470,18.02,79.4,food,False,,36.41,36.41
501471,6.79,132.6,standard,False,,20.21,20.23
501472,19.62,268.6,food,True,,80.61,80.62
501473,12.47,82.9,electronics,True,SAVE10,49.36,49.38
501474,13.62,263.9,electronics,False,,54.06,54.05
501475,11.7,185.1,food,True,SAVE10,48.44,48.44
501476,17.06,82.9,fragile,False,,48.5,48.49
501477,24.76,206.2,fragile,False,,74.69,74.67
501478,20.05,198.5,electronics,False,,70.08,70.08
501479,2.19,120.2,electronics,False,,12.58,12.57
501480,12.62,253.3,fragile,True,,75.81,106.15
501481,6.24,229.2,books,False,,21.44,22.68
501482,3.01,180.7,food,True,,37.52,37.53
501483,5.28,204.6,books,False,SAVE10,16.81,17.78
501484,6.58,247.4,books,True,,52.64,53.97
501485,24.01,174.5,food,False,SAVE10,46.75,46.74
501486,18.75,220.3,electronics,False,,67.26,67.25
501487,21.4,149.5,standard,False,,50.28,50.26
501488,17.62,136.6,fragile,False,,52.64,52.65
501489,8.23,112.8,standard,True,,38.38,38.38
501490,10.08,115.0,fragile,True,,48.46,64.94
501491,11.3,248.9,food,False,,32.79,32.79
501492,7.69,111.8,standard,True,,37.15,37.13
501493,10.83,171.4,clothing,False,,30.23,30.25
501494,19.39,116.6,fragile,False,,56.24,56.26
501495,2.35,179.8,books,False,,12.75,13.22
501496,7.28,41.9,standard,False,,16.66,16.67
501497,12.24,13.9,electronics,True,,43.8,43.82
501498,17.07,111.2,electronics,False,SAVE10,51.09,51.11
501499,16.33,82.8,food,True,,46.81,46.81
501500,18.26,257.8,fragile,True,,91.15,121.91
501501,3.08,234.5,books,False,,16.65,17.25
501502,4.93,258.4,standard,True,,53.62,53.62
501503,8.07,148.0,fragile,True,SAVE10,43.36,61.18
501504,7.4,197.4,standard,False,SAVE10,22.2,22.21
501505,19.01,228.9,standard,False,SAVE10,44.52,44.51
501506,24.84,99.7,books,True,SAVE10,53.73,58.21
501507,17.24,36.0,food,True,,41.43,41.42
501508,1.31,290.6,electronics,True,,52.52,52.51
501509,7.79,280.2,clothing,False,SAVE10,26.63,26.63
501510,20.17,25.0,books,False,,33.52,37.55
501511,23.15,56.4,clothing,False,,49.12,49.12
501512,15.08,251.1,books,True,,66.79,69.82
501513,9.05,199.6,clothing,False,,28.08,28.09
501514,9.2,238.8,electronics,False,,39.54,39.54
501515,16.02,148.0,clothing,True,SAVE10,53.32,53.3
501516,21.67,71.0,food,False,SAVE10,38.3,38.31
501517,8.85,58.0,food,False,,18.83,18.83
501518,5.17,273.2,books,False,,21.93,22.95
501519,0.57,165.0,standard,False,,9.39,9.41
501520,3.87,160.5,clothing,True,,36.82,36.83
501521,21.35,184.9,fragile,False,,64.76,64.75
501522,15.8,206.8,books,False,,35.62,38.76
501523,24.77,86.1,standard,False,,53.84,53.84
501524,2.2,28.9,food,False,,5.4,5.39
501525,9.47,276.9,clothing,True,,65.47,65.48
501526,19.99,58.0,electronics,False,,62.87,62.86
501527,16.7,223.2,clothing,False,SAVE10,40.1,40.09
501528,2.13,135.7,standard,False,,11.04,11.05
501529,10.34,101.8,electronics,False,,36.11,36.09
501530,16.12,277.3,clothing,False,,46.1,46.11
501531,17.35,219.3,food,False,,42.2,42.21
501532,11.57,234.0,books,True,,58.61,60.91
501533,5.11,91.3,clothing,False,,14.78,14.78
501534,24.17,216.2,clothing,False,,59.15,59.14
501535,11.93,112.0,electronics,False,,41.39,41.4
501536,18.07,227.9,food,False,,43.92,43.92
501537,13.6,261.5,standard,False,,40.28,40.26
501538,2.48,30.6,electronics,False,SAVE10,8.07,8.06
501539,6.3,243.1,standard,True,,54.07,54.07
501540,2.04,108.6,standard,False,SAVE10,8.56,8.57
501541,5.17,16.1,clothing,True,SAVE10,15.98,15.97
501542,5.4,211.1,fragile,False,,24.6,24.61
501543,10.66,244.7,electronics,False,,44.22,44.22
501544,8.38,75.1,electronics,False,,28.9,28.9
501545,9.38,205.2,standard,False,,29.02,29.03
501546,20.51,196.5,food,True,,71.39,71.38
501547,1.02,169.5,books,False,,10.11,10.29
501548,3.03,268.1,food,True,,50.67,50.65
501549,20.29,222.5,electronics,False,,72.0,71.99
501550,13.58,166.4,food,False,,32.76,32.75
501551,11.25,292.2,electronics,False,SAVE10,43.52,43.53
501552,7.05,13.3,clothing,False,,14.76,14.78
501553,13.79,195.1,fragile,True,,70.12,94.64
501554,5.93,203.7,books,False,,19.67,20.88
501555,21.53,204.4,clothing,False,,53.28,53.26
501556,20.69,235.8,food,False,,49.03,49.02
501557,8.39,151.7,fragile,False,SAVE10,26.46,26.47
501558,1.1,46.1,food,False,,4.28,4.3
501559,22.25,193.4,electronics,False,,76.42,76.4
501560,7.82,28.9,books,False,,13.96,15.53
501561,16.59,255.5,clothing,False,,45.96,45.96
501562,21.52,216.0,fragile,False,,66.75,66.77
501563,20.06,38.1,standard,False,SAVE10,37.82,37.82
501564,21.63,214.0,fragile,False,,66.94,66.94
501565,12.48,68.1,food,False,,25.87,25.87
501566,21.14,238.5,books,False,,45.75,49.97
501567,11.8,17.3,food,True,SAVE10,25.95,25.96
501568,6.96,11.5,standard,False,,14.5,14.49
501569,12.28,117.9,electronics,False,,42.74,42.74
501570,8.72,130.4,books,True,,38.51,40.27
501571,19.3,124.0,fragile,False,,56.38,56.39
501572,20.88,6.7,books,False,,33.74,37.91
501573,3.96,5.1,books,False,SAVE10,5.93,6.65
501574,4.53,142.8,books,False,,14.39,15.28
501575,9.9,206.6,food,False,,28.15,28.15
501576,11.85,288.5,food,False,,35.75,35.77
501577,23.93,238.2,books,True,,79.02,83.79
501578,23.57,101.6,fragile,False,,66.36,66.36
501579,24.19,142.8,clothing,False,,55.52,55.53
501580,18.38,222.0,clothing,False,SAVE10,43.07,43.07
501581,17.09,104.5,electronics,False,SAVE10,50.85,50.86
501582,7.12,182.4,fragile,False,,27.63,27.65
501583,9.63,122.8,fragile,False,SAVE10,28.06,28.05
501584,0.57,220.8,standard,False,,12.18,12.17
501585,20.91,113.3,books,False,SAVE10,35.21,38.98
501586,7.26,37.7,fragile,False,,20.76,20.76
501587,2.44,138.4,fragile,False,SAVE10,11.94,11.93
501588,8.23,136.6,fragile,False,,28.23,28.25
501589,8.42,170.5,fragile,False,,30.42,30.42
501590,18.24,92.8,standard,False,,41.12,41.13
501591,0.64,101.6,electronics,False,,7.0,6.99
501592,6.14,238.2,electronics,True,,59.15,59.15
501593,22.46,231.8,fragile,False,,69.99,69.99
501594,21.44,16.4,fragile,False,SAVE10,50.91,50.92
501595,15.91,151.1,electronics,False,,55.28,55.27
501596,14.19,232.9,electronics,False,,54.22,54.21
501597,5.95,22.3,standard,True,,20.24,20.23
501598,21.94,140.0,electronics,False,,72.82,72.82
501599,19.14,60.8,fragile,False,,52.8,52.81
501600,13.07,165.2,standard,False,SAVE10,30.96,30.95
501601,4.44,123.8,books,False,,13.29,14.19
501602,5.79,191.8,clothing,False,,21.17,21.17
501603,9.79,191.5,books,False,SAVE10,22.72,24.46
501604,8.61,23.2,books,True,SAVE10,20.03,21.58
501605,2.0,115.8,books,False,,8.99,9.39
501606,10.46,22.0,clothing,True,,29.22,29.22
501607,11.49,286.7,standard,True,,70.98,70.97
501608,7.53,19.1,electronics,False,,23.54,23.56
501609,9.92,62.1,food,False,,20.96,20.97
501610,8.64,40.6,electronics,False,SAVE10,25.16,25.17
501611,9.73,43.5,clothing,False,,21.64,21.64
501612,15.67,167.8,books,True,,55.24,58.38
501613,12.68,76.9,books,False,,24.13,26.67
501614,5.34,218.0,standard,False,,21.58,21.59
501615,19.98,292.9,fragile,False,,66.59,66.59
501616,13.07,249.4,standard,False,,38.61,38.6
501617,11.73,95.0,electronics,False,SAVE10,35.95,35.96
501618,17.98,79.0,standard,False,,39.91,39.9
501619,18.93,49.4,food,True,,46.48,46.5
501620,21.3,216.7,books,True,,71.59,75.85
501621,20.38,33.3,electronics,False,,62.8,62.79
501622,16.89,296.9,books,True,SAVE10,68.9,71.94
501623,18.17,245.2,electronics,True,,96.29,96.3
501624,4.35,218.4,electronics,True,,50.81,50.81
501625,17.63,284.6,clothing,True,,82.95,82.96
501626,6.73,7.6,food,True,,18.25,18.24
501627,6.82,46.5,books,True,SAVE10,20.6,21.81
501628,3.44,152.1,clothing,False,SAVE10,13.04,13.03
501629,10.22,200.9,electronics,False,,40.71,40.72
501630,0.99,36.3,clothing,False,SAVE10,3.42,3.42
501631,16.6,162.9,food,True,,59.32,59.31
501632,18.83,23.2,food,True,,42.37,42.37
501633,19.5,119.3,clothing,False,,44.96,44.95
501634,3.66,46.3,food,True,,18.53,18.55
501635,16.21,237.2,electronics,False,,60.49,60.51
501636,21.04,230.1,standard,False,,53.58,53.6
501637,1.38,247.3,clothing,False,SAVE10,13.61,13.6
501638,5.24,123.9,books,False,,14.58,15.61
501639,7.06,52.2,food,False,,15.32,15.32
501640,11.82,227.5,fragile,False,,42.11,42.1
501641,4.72,131.1,food,False,,15.05,15.05
501642,13.7,42.2,electronics,True,,52.43,52.44
501643,8.93,10.5,fragile,False,SAVE10,21.37,21.37
501644,16.55,91.7,fragile,False,,47.62,47.62
501645,13.52,186.4,clothing,False,,36.36,36.35
501646,17.31,149.5,standard,True,,62.04,62.05
501647,6.54,123.4,electronics,False,,25.79,25.8
501648,17.82,8.6,electronics,False,,53.89,53.89
501649,18.5,164.3,food,True,,62.95,62.96
501650,18.19,299.7,fragile,True,,97.25,132.23
501651,2.18,58.5,clothing,True,SAVE10,16.32,16.31
501652,23.68,235.2,electronics,False,,82.8,82.79
501653,14.63,29.5,food,False,,27.81,27.8
501654,7.17,228.4,fragile,False,,30.06,30.06
501655,11.14,130.4,electronics,False,,39.94,39.93
501656,13.18,218.9,food,True,,61.56,61.56
501657,13.19,194.5,clothing,False,,36.11,36.12
501658,6.57,105.5,fragile,True,SAVE10,34.12,48.1
501659,6.99,252.7,books,True,,54.09,55.49
501660,9.41,140.3,fragile,False,,31.48,31.49
501661,19.63,295.6,standard,False,,54.04,54.05
501662,11.22,233.4,fragile,True,,69.18,97.52
501663,1.45,10.4,books,False,,2.84,3.12
501664,11.58,228.8,electronics,False,,46.18,46.16
501665,5.43,177.1,standard,False,,19.72,19.71
501666,0.8,272.2,fragile,False,,15.69,15.71
501667,24.44,181.1,clothing,False,,57.94,57.92
501668,7.7,186.7,fragile,False,,29.35,29.35
501669,13.67,184.8,fragile,False,,44.78,44.8
501670,9.28,70.6,fragile,False,,27.66,27.67
501671,1.81,147.6,fragile,False,,12.09,12.1
501672,22.57,263.1,books,False,,49.27,53.8
501673,23.42,52.0,clothing,False,SAVE10,44.5,44.51
501674,5.07,119.4,electronics,False,,21.18,21.16
501675,10.74,235.2,fragile,False,,39.68,39.7
501676,9.65,264.5,clothing,True,,63.98,63.97
501677,4.6,56.8,fragile,True,,25.48,36.16
501678,16.71,83.6,standard,True,SAVE10,45.86,45.86
501679,19.66,224.8,electronics,False,,70.22,70.22
501680,19.11,228.0,books,False,SAVE10,37.78,41.21
501681,17.04,87.0,fragile,False,,48.65,48.65
501682,0.93,42.7,food,False,,3.81,3.79
501683,6.13,29.6,food,True,,20.47,20.47
501684,13.11,276.4,food,True,,70.06,70.06
501685,17.72,287.5,books,False,SAVE10,38.45,41.64
501686,9.97,9.4,food,False,,18.42,18.4
501687,11.51,118.6,books,True,,41.21,43.49
501688,21.1,89.3,books,False,,38.23,42.46
501689,1.08,131.1,fragile,True,,27.47,45.56
501690,7.08,163.8,books,False,,19.52,20.92
501691,7.6,146.7,books,False,,19.5,21.03
501692,24.82,172.4,books,False,,48.33,53.28
501693,6.07,161.0,books,False,,17.76,18.96
501694,1.65,163.6,clothing,False,SAVE10,10.33,10.35
501695,10.7,271.3,books,True,,62.82,64.96
501696,16.41,87.4,electronics,False,,53.6,53.61
501697,4.26,61.7,clothing,False,,11.6,11.61
501698,21.07,257.7,books,True,,77.37,81.59
501699,5.31,149.9,books,True,,35.98,37.05
501700,17.75,31.9,food,True,,41.74,41.73
501701,4.46,219.8,books,False,,18.13,19.02
501702,22.1,171.4,electronics,False,,74.87,74.86
501703,5.43,216.0,electronics,False,,27.09,27.08
501704,18.42,83.1,food,True,,50.62,50.64
501705,21.05,266.3,food,True,,82.84,82.83
501706,6.75,57.8,fragile,False,SAVE10,18.4,18.39
501707,2.77,243.1,fragile,True,,48.67,77.97
501708,14.86,93.8,books,False,SAVE10,25.62,28.31
501709,12.73,259.6,clothing,False,,38.44,38.45
501710,12.24,249.6,clothing,False,,36.96,36.96
501711,19.64,239.7,standard,False,,51.26,51.26
501712,11.85,212.7,fragile,False,,41.44,41.43
501713,12.68,235.9,clothing,False,,37.16,37.16
501714,12.44,240.0,fragile,False,,44.34,44.36
501715,11.64,218.9,food,False,,31.9,31.91
501716,10.44,33.0,standard,False,,22.53,22.53
501717,4.44,115.8,standard,False,,14.67,14.68
501718,7.74,263.1,electronics,True,,67.68,67.69
501719,6.99,11.6,fragile,False,,18.75,18.73
501720,6.58,56.7,fragile,False,,19.94,19.94
501721,19.68,249.1,standard,True,,81.72,81.72
501722,3.29,262.9,books,False,,18.41,19.06
501723,5.53,234.2,standard,False,,22.77,22.78
501724,13.4,204.4,electronics,False,,50.42,50.43
501725,8.16,170.8,clothing,True,,46.94,46.93
501726,6.38,81.4,standard,False,,16.83,16.83
501727,9.65,112.9,food,True,,39.3,39.31
501728,12.8,81.5,clothing,True,,42.82,42.83
501729,17.02,133.8,clothing,False,SAVE10,36.66,36.64
501730,24.32,182.1,standard,True,,80.96,80.94
501731,21.39,148.6,standard,False,,50.21,50.23
501732,11.03,299.8,standard,False,,37.05,37.04
501733,11.57,252.8,clothing,True,,66.06,66.04
501734,10.68,174.5,fragile,False,SAVE10,32.84,32.85
501735,6.35,44.5,books,False,,12.38,13.66
501736,23.82,84.4,standard,True,,65.3,65.29
501737,2.18,39.9,fragile,False,,7.66,7.66
501738,5.52,61.9,clothing,False,,14.14,14.14
501739,16.72,113.7,electronics,True,,72.22,72.23
501740,14.94,48.9,food,True,,39.23,39.22
501741,7.33,62.9,fragile,True,,33.49,44.77
501742,23.46,296.7,food,True,,91.73,91.72
501743,10.53,145.3,fragile,False,,34.64,34.65
501744,15.11,43.9,clothing,False,,32.42,32.43
501745,2.73,259.2,food,False,,17.87,17.86
501746,22.33,144.2,electronics,True,,93.62,93.63
501747,3.02,283.1,clothing,True,,53.5,53.5
501748,10.15,199.7,food,True,,53.22,53.22
501749,22.2,198.1,fragile,True,,92.44,117.23
501750,23.65,245.0,fragile,True,,103.24,132.73
501751,22.65,27.0,clothing,False,,46.65,46.64
501752,20.78,162.5,electronics,True,SAVE10,82.54,82.54
501753,6.22,246.0,clothing,True,,54.34,54.33
501754,1.28,12.5,standard,True,,9.44,9.44
501755,11.57,208.8,food,False,,31.27,31.27
501756,2.05,157.7,clothing,False,,11.98,11.98
501757,24.03,67.8,clothing,False,,51.45,51.44
501758,0.7,65.8,clothing,False,,4.69,4.68
501759,8.47,295.8,books,False,,28.34,30.04
501760,5.48,271.1,electronics,False,,30.0,29.99
501761,0.84,272.7,standard,False,,15.32,15.31
501762,12.73,27.8,books,False,,21.76,24.29
501763,2.36,208.2,food,True,SAVE10,36.43,36.44
501764,22.55,157.6,standard,False,,52.98,52.98
501765,17.35,25.5,standard,False,SAVE10,32.38,32.38
501766,9.57,237.8,electronics,True,,69.38,69.37
501767,21.12,39.0,standard,False,,44.19,44.19
501768,20.02,237.3,electronics,False,,71.93,71.92
501769,8.5,51.0,fragile,False,,24.65,24.63
501770,21.26,281.4,food,True,,85.48,85.47
501771,23.27,216.2,standard,False,SAVE10,51.62,51.6
501772,15.69,147.8,standard,True,,58.55,58.54
501773,9.12,125.6,standard,False,,24.52,24.54
501774,22.56,171.3,standard,True,SAVE10,68.23,68.24
501775,23.6,23.1,electronics,True,,79.27,79.25
501776,9.01,264.0,standard,False,,31.22,31.22
501777,2.61,236.3,food,False,,16.51,16.53
501778,21.76,252.4,food,False,,51.79,51.79
501779,16.79,273.7,books,False,,40.55,43.9
501780,6.18,197.1,food,True,,45.69,45.71
501781,14.39,182.3,food,False,,35.02,35.02
501782,8.05,230.5,fragile,True,,60.51,88.55
501783,23.02,115.2,food,False,,47.2,47.18
501784,8.88,267.3,books,False,,27.57,29.36
501785,5.31,74.8,books,False,,12.24,13.31
501786,1.56,186.9,electronics,False,SAVE10,12.62,12.61
501787,8.89,163.3,standard,False,,25.94,25.93
501788,24.74,245.4,standard,True,SAVE10,82.16,82.17
501789,5.85,274.0,electronics,False,,31.25,31.24
501790,11.72,102.7,clothing,False,SAVE10,25.72,25.7
501791,24.32,151.3,food,True,SAVE10,64.32,64.32
501792,0.66,117.5,food,False,,7.06,7.06
501793,7.73,98.7,clothing,False,,20.4,20.41
501794,20.62,280.7,books,False,,47.03,51.15
501795,2.85,195.6,electronics,True,,42.89,42.89
501796,23.24,228.6,standard,False,,57.91,57.92
501797,20.95,55.4,books,False,,36.29,40.5
501798,4.0,256.6,fragile,False,,23.23,23.22
501799,15.01,242.8,food,False,SAVE10,35.24,35.25
501800,14.11,72.3,food,False,,29.01,29.02
501801,17.5,76.6,food,False,,35.33,35.32
501802,8.02,166.7,books,False,,21.17,22.79
501803,9.91,186.1,food,False,SAVE10,24.43,24.44
501804,6.4,104.7,books,True,SAVE10,27.85,28.99
501805,7.65,272.6,food,True,,59.66,59.68
501806,4.81,247.2,electronics,False,,26.79,26.8
501807,22.66,129.9,books,False,,42.75,47.28
501808,22.24,30.9,fragile,True,,67.46,75.55
501809,9.32,74.9,food,False,,20.52,20.51
501810,17.48,82.1,books,False,,32.07,35.57
501811,12.51,190.9,standard,False,,34.56,34.56
501812,7.38,175.6,food,False,,22.06,22.06
501813,9.07,293.6,clothing,True,,67.18,67.18
501814,24.15,172.1,food,False,,52.08,52.09
501815,8.87,122.3,electronics,False,,32.72,32.73
501816,14.68,157.5,electronics,False,SAVE10,46.72,46.72
501817,23.66,234.8,fragile,False,,73.26,73.25
501818,7.79,216.7,clothing,False,,26.42,26.42
501819,20.32,257.5,books,True,,76.14,80.21
501820,3.29,119.6,standard,False,,12.56,12.57
501821,18.47,177.6,electronics,False,,64.29,64.27
501822,20.26,237.2,standard,False,,52.38,52.38
501823,21.02,32.0,books,False,,35.23,39.43
501824,24.39,144.2,clothing,False,,55.99,56.0
501825,17.92,201.7,food,False,SAVE10,38.11,38.1
501826,24.44,247.0,standard,True,,90.93,90.91
501827,7.32,292.5,fragile,False,SAVE10,30.29,30.3
501828,13.28,30.6,fragile,True,SAVE10,39.71,46.97
501829,5.74,289.3,standard,True,SAVE10,53.89,53.89
501830,2.55,17.0,electronics,False,,8.5,8.51
501831,11.25,227.8,standard,True,SAVE10,55.5,55.51
501832,18.13,25.1,food,False,,33.89,33.88
501833,19.57,33.5,clothing,True,SAVE10,44.25,44.24
501834,0.92,111.3,food,True,,23.35,23.37
501835,23.58,248.8,food,False,,54.88,54.88
501836,6.56,99.7,food,False,,16.79,16.81
501837,7.66,7.0,electronics,False,SAVE10,21.0,21.01
501838,20.89,153.4,electronics,False,,70.34,70.33
501839,22.41,119.5,standard,True,,67.74,67.73
501840,18.54,38.5,books,False,,31.59,35.3
501841,8.65,6.4,fragile,False,,22.81,22.81
501842,11.84,223.7,clothing,True,,62.24,62.23
501843,20.95,102.2,standard,False,,47.01,47.02
501844,9.25,97.1,books,False,,19.66,21.52
501845,20.23,139.4,clothing,False,,47.43,47.45
501846,19.66,35.6,fragile,True,,61.46,70.02
501847,11.98,219.2,food,False,,32.52,32.54
501848,22.47,178.9,standard,False,,53.88,53.9
501849,9.92,70.1,books,False,SAVE10,17.44,19.22
501850,18.87,188.6,electronics,False,SAVE10,59.44,59.44
501851,16.17,131.6,food,False,,35.69,35.69
501852,8.62,114.7,food,True,,37.72,37.7
501853,13.53,147.4,fragile,False,SAVE10,38.29,38.29
501854,15.35,256.6,electronics,True,,89.54,89.53
501855,13.65,12.6,fragile,False,,36.12,36.12
501856,3.21,13.1,books,False,,5.79,6.44
501857,24.79,102.2,electronics,False,,79.48,79.49
501858,24.18,79.7,standard,False,,52.34,52.34
501859,1.42,140.0,books,True,,28.27,28.55
501860,23.63,222.4,books,True,,76.17,80.89
501861,13.52,147.7,books,False,,29.02,31.72
501862,3.58,110.5,books,False,SAVE10,10.13,10.78
501863,20.6,192.6,electronics,True,SAVE10,86.12,86.1
501864,11.11,217.7,standard,False,SAVE10,29.79,29.78
501865,17.97,283.9,books,True,,76.34,79.92
501866,20.77,197.1,food,False,SAVE10,42.52,42.53
501867,13.68,275.6,electronics,False,SAVE10,49.34,49.35
501868,1.72,16.8,clothing,True,,10.96,10.94
501869,20.65,234.3,electronics,True,SAVE10,91.89,91.88
501870,17.5,44.3,books,True,,39.64,43.14
501871,22.8,77.8,food,False,,44.93,44.93
501872,7.12,294.8,fragile,False,,33.25,33.24
501873,19.74,285.2,standard,False,,53.74,53.73
501874,21.89,110.0,standard,True,,65.28,65.28
501875,9.2,245.5,clothing,False,,30.67,30.68
501876,10.55,142.8,standard,False,,28.24,28.25
501877,8.68,55.0,clothing,True,,30.61,30.61
501878,0.64,32.6,electronics,True,,11.81,11.83
501879,6.17,114.8,electronics,False,,24.25,24.25
501880,8.62,92.7,clothing,False,,21.88,21.88
501881,3.16,172.9,books,False,,13.7,14.35
501882,19.26,192.4,standard,False,,48.14,48.16
501883,10.96,293.1,standard,True,,70.89,70.89
501884,14.42,137.8,electronics,True,,68.93,68.92
501885,7.47,227.1,standard,True,SAVE10,48.6,48.62
501886,9.33,227.3,electronics,True,,67.09,67.08
501887,18.96,110.1,electronics,False,SAVE10,56.15,56.15
501888,12.01,25.2,clothing,False,,25.28,25.27
501889,15.11,188.7,standard,False,,39.66,39.64
501890,10.86,260.6,standard,False,,34.75,34.74
501891,14.15,125.6,clothing,True,,52.14,52.13
501892,22.49,55.5,books,False,,38.76,43.27
501893,7.05,42.7,food,True,,24.1,24.09
501894,13.22,89.1,standard,False,,30.9,30.89
501895,17.34,298.4,fragile,True,,94.84,129.68
501896,2.63,262.5,standard,False,,18.38,18.37
501897,24.07,282.0,fragile,False,SAVE10,69.01,69.03
501898,12.72,70.1,food,False,,26.4,26.39
501899,6.51,114.7,clothing,True,,35.22,35.21
501900,19.13,203.5,electronics,False,,67.56,67.57
501901,20.48,54.9,standard,False,,43.7,43.71
501902,15.95,32.4,fragile,False,,43.09,43.07
501903,22.95,32.9,books,True,,46.66,51.23
501904,2.68,144.4,electronics,False,,15.26,15.27
501905,13.43,178.6,standard,True,,58.65,58.65
501906,18.7,91.4,clothing,True,SAVE10,50.5,50.49
501907,22.96,232.5,electronics,False,,80.5,80.51
501908,16.22,161.1,clothing,False,,40.49,40.48
501909,15.26,112.9,clothing,False,,36.16,36.16
501910,10.01,70.3,books,True,,31.56,33.57
501911,14.5,218.4,books,False,,34.12,37.01
501912,14.09,121.0,fragile,False,,42.68,42.7
501913,22.67,258.7,electronics,False,,80.95,80.94
501914,20.76,290.4,standard,False,,56.04,56.02
501915,18.56,202.1,electronics,False,,65.78,65.78
501916,23.13,230.1,food,False,,53.14,53.14
501917,2.12,133.1,electronics,False,,13.02,13.02
501918,19.36,242.6,books,True,,72.37,76.25
501919,11.86,95.4,electronics,True,,54.89,54.88
501920,18.92,49.8,electronics,False,SAVE10,53.33,53.34
501921,7.76,205.5,books,False,,22.69,24.25
501922,11.95,204.6,electronics,False,,46.08,46.07
501923,20.7,102.6,electronics,False,SAVE10,60.51,60.5
501924,1.36,206.7,clothing,True,SAVE10,34.85,34.87
501925,7.63,276.7,books,True,,58.71,60.23
501926,12.47,93.9,standard,False,SAVE10,26.67,26.67
501927,21.36,220.7,standard,False,,53.76,53.74
501928,7.12,146.0,clothing,False,,21.54,21.53
501929,20.67,107.5,electronics,False,,67.39,67.39
501930,6.49,291.3,electronics,True,,68.16,68.17
501931,7.93,199.0,electronics,False,,33.74,33.73
501932,14.07,15.8,food,False,,26.12,26.12
501933,16.52,223.5,books,True,SAVE10,58.46,61.42
501934,22.06,248.6,fragile,False,SAVE10,62.81,62.81
501935,22.05,149.1,standard,True,,71.46,71.48
501936,6.63,28.9,books,False,SAVE10,10.85,12.04
501937,18.77,232.2,standard,False,,49.15,49.15
501938,16.06,126.3,standard,False,SAVE10,34.59,34.59
501939,9.96,244.5,food,False,SAVE10,27.14,27.12
501940,19.51,124.1,standard,True,,62.64,62.62
501941,22.49,135.1,standard,False,,51.74,51.74
501942,12.24,220.6,fragile,True,,69.91,96.99
501943,22.94,84.0,electronics,False,,73.02,73.02
501944,3.63,265.1,books,True,SAVE10,45.52,46.18
501945,4.57,81.1,books,False,,11.37,12.28
501946,19.22,261.2,food,False,SAVE10,42.89,42.9
501947,7.99,235.0,fragile,False,,32.52,32.53
501948,14.84,90.4,books,False,SAVE10,25.44,28.11
501949,12.68,219.4,clothing,False,,36.33,36.35
501950,4.07,180.0,clothing,True,,40.14,40.15
501951,18.98,111.7,standard,False,SAVE10,39.19,39.21
501952,18.67,166.5,books,False,,38.2,41.94
501953,4.06,53.3,electronics,False,,14.84,14.85
501954,6.86,9.7,clothing,False,SAVE10,12.78,12.79
501955,20.11,291.7,standard,True,,88.98,88.97
501956,22.85,212.1,clothing,False,,56.31,56.32
501957,21.82,232.4,electronics,False,,77.08,77.09
501958,12.8,108.1,electronics,False,,43.81,43.82
501959,9.5,8.9,electronics,False,,28.94,28.95
501960,11.41,14.0,books,False,SAVE10,17.06,19.13
501961,4.82,95.3,electronics,False,SAVE10,17.3,17.28
501962,12.65,79.0,standard,False,,29.25,29.24
501963,6.16,152.0,fragile,False,,23.62,23.61
501964,4.47,86.1,fragile,True,,29.54,43.16
501965,9.83,274.1,fragile,False,SAVE10,35.34,35.32
501966,2.07,116.6,food,False,,9.56,9.57
501967,12.02,103.4,books,True,,39.74,42.14
501968,17.56,111.8,clothing,False,,40.71,40.7
501969,16.46,75.9,electronics,True,SAVE10,59.19,59.2
501970,24.39,41.0,books,False,,41.07,45.97
501971,22.2,196.4,standard,True,SAVE10,70.97,70.97
501972,16.03,102.7,food,False,,33.99,33.99
501973,22.49,123.3,fragile,True,,81.97,99.31
501974,11.39,272.9,standard,True,SAVE10,61.84,61.86
501975,20.07,230.0,books,False,,43.61,47.64
501976,7.47,278.6,books,False,,25.88,27.39
501977,13.4,194.1,fragile,False,,44.54,44.56
501978,24.51,234.0,food,False,,55.82,55.82
501979,15.17,227.2,food,False,,38.67,38.67
501980,12.92,138.2,standard,True,SAVE10,46.41,46.43
501981,19.79,263.1,books,False,SAVE10,40.34,43.9
501982,8.15,107.1,standard,True,,37.36,37.35
501983,20.86,95.4,standard,False,,46.49,46.49
501984,0.95,169.2,food,False,,10.17,10.18
501985,6.34,180.5,fragile,False,SAVE10,22.96,22.96
501986,4.84,190.8,standard,False,,19.22,19.23
501987,6.81,181.7,standard,True,,45.88,45.88
501988,23.67,25.8,food,False,SAVE10,39.51,39.52
501989,1.09,247.8,clothing,False,,14.57,14.57
501990,7.82,229.9,fragile,False,,31.83,31.84
501991,14.57,282.5,food,False,SAVE10,36.32,36.33
501992,17.73,90.1,standard,False,,39.97,39.98
501993,19.46,79.7,standard,False,,42.9,42.91
501994,9.89,231.6,electronics,False,,41.25,41.25
501995,5.89,42.5,clothing,False,,13.9,13.91
501996,21.38,111.5,electronics,True,,85.86,85.85
501997,3.49,292.3,clothing,False,SAVE10,19.44,19.45
501998,2.09,111.7,books,False,,8.93,9.34
501999,6.17,156.9,food,True,,39.64,39.64
502000,12.57,133.2,clothing,False,SAVE10,28.62,28.61
502001,23.58,227.8,clothing,True,SAVE10,77.7,77.69
502002,18.36,207.7,clothing,False,,47.1,47.11
502003,14.32,114.9,standard,False,,34.39,34.38
502004,13.27,220.2,clothing,True,,64.57,64.56
502005,17.49,169.4,food,True,SAVE10,55.7,55.69
502006,15.85,117.2,fragile,False,,47.07,47.09
502007,8.74,115.3,standard,True,,39.78,39.79
502008,2.77,141.3,standard,False,,12.6,12.6
502009,5.42,138.9,food,False,,16.7,16.71
502010,19.68,7.7,books,False,SAVE10,28.69,32.23
502011,16.04,9.5,clothing,True,,38.51,38.5
502012,20.03,63.1,clothing,False,SAVE10,38.89,38.91
502013,1.59,206.8,clothing,False,,13.52,13.54
502014,22.57,291.1,clothing,False,SAVE10,53.73,53.71
502015,9.87,7.1,clothing,False,,20.1,20.11
502016,23.19,6.4,clothing,False,,46.7,46.68
502017,15.07,161.6,fragile,True,SAVE10,61.58,80.63
502018,13.91,252.3,clothing,False,,40.44,40.42
502019,20.54,259.9,standard,False,,54.08,54.07
502020,15.82,46.0,clothing,False,SAVE10,30.55,30.54
502021,17.03,97.1,books,False,SAVE10,28.89,31.95
502022,4.36,199.0,food,True,,42.7,42.71
502023,15.31,250.5,food,True,,70.13,70.14
502024,9.23,259.4,books,False,,27.74,29.57
502025,2.35,105.9,standard,True,,25.58,25.59
502026,3.76,204.4,electronics,False,,21.5,21.49
502027,12.26,182.3,food,False,,31.18,31.19
502028,6.93,70.0,books,False,,14.59,15.99
502029,19.25,226.3,clothing,False,,49.82,49.81
502030,3.5,46.9,food,False,,8.64,8.64
502031,0.84,209.4,fragile,True,,38.59,64.54
502032,24.93,121.6,books,True,,63.13,68.11
502033,8.17,234.1,clothing,False,,28.04,28.05
502034,12.99,238.7,books,False,,32.72,35.33
502035,5.65,48.9,standard,False,,13.74,13.76
502036,5.62,166.8,clothing,False,,19.58,19.6
502037,10.36,268.0,standard,False,,34.12,34.13
502038,19.85,197.9,standard,False,,49.6,49.58
502039,1.46,134.8,food,False,,9.37,9.36
502040,21.01,60.9,books,False,SAVE10,32.99,36.8
502041,24.76,55.4,electronics,True,,87.59,87.58
502042,14.2,166.1,standard,False,,36.7,36.69
502043,9.32,237.3,books,True,,55.51,57.38
502044,6.23,244.4,electronics,False,,30.91,30.92
502045,4.98,247.7,clothing,True,,52.11,52.11
502046,8.42,190.8,clothing,True,,50.46,50.46
502047,21.37,288.4,food,False,,52.89,52.88
502048,0.58,168.3,food,True,,31.29,31.27
502049,19.76,163.1,food,False,,43.72,43.73
502050,16.85,284.2,electronics,True,,98.18,98.16
502051,0.97,240.6,electronics,False,SAVE10,13.45,13.47
502052,2.2,246.1,books,True,,45.44,45.86
502053,18.51,116.3,books,False,,35.43,39.15
502054,16.99,169.0,standard,False,,42.43,42.43
502055,8.18,36.1,fragile,False,,23.07,23.05
502056,21.6,246.6,clothing,False,,55.53,55.53
502057,5.65,86.1,food,False,,14.48,14.47
502058,10.96,197.0,electronics,True,,67.43,67.43
502059,3.32,14.6,fragile,True,,15.82,22.3
502060,16.32,108.1,electronics,False,,54.36,54.36
502061,2.63,46.1,fragile,True,SAVE10,16.88,25.51
502062,4.9,117.4,electronics,False,,20.57,20.58
502063,19.28,191.4,standard,False,SAVE10,43.32,43.32
502064,12.76,161.2,food,False,,31.03,31.02
502065,16.72,20.6,fragile,True,,51.56,58.63
502066,18.48,155.7,electronics,False,SAVE10,56.9,56.9
502067,15.36,10.7,fragile,False,,40.47,40.47
502068,5.35,135.3,fragile,False,SAVE10,18.61,18.6
502069,17.61,237.7,books,False,,40.06,43.58
502070,3.34,174.3,fragile,True,,39.83,62.25
502071,7.11,115.7,food,True,,35.15,35.17
502072,11.48,195.3,books,True,,52.66,54.95
502073,3.3,173.4,fragile,False,,17.25,17.26
502074,3.1,120.3,food,False,SAVE10,10.44,10.44
502075,16.48,120.6,books,False,,32.4,35.67
502076,18.68,204.2,standard,False,,47.57,47.56
502077,9.58,192.8,electronics,True,,62.66,62.66
502078,10.05,196.6,clothing,False,,29.93,29.94
502079,5.59,44.1,fragile,False,,16.74,16.72
502080,13.28,281.7,standard,False,,40.64,40.65
502081,14.72,261.7,electronics,False,SAVE10,51.52,51.54
502082,23.37,52.3,food,False,,44.68,44.66
502083,1.49,230.8,clothing,False,,14.52,14.52
502084,22.76,112.5,fragile,False,,64.8,64.79
502085,24.77,245.2,fragile,False,,76.66,76.65
502086,8.98,154.2,clothing,False,,25.67,25.67
502087,18.28,192.9,food,True,,66.84,66.84
502088,20.71,185.0,standard,False,,50.67,50.68
502089,16.45,194.8,electronics,True,SAVE10,75.21,75.23
502090,7.58,189.0,electronics,True,,56.09,56.1
502091,15.76,196.3,books,False,SAVE10,31.53,34.38
502092,21.98,146.8,books,True,,62.19,66.57
502093,3.12,157.5,fragile,False,,15.99,15.99
502094,12.26,46.9,electronics,True,,48.82,48.8
502095,1.05,189.6,fragile,False,,12.21,12.22
502096,21.2,118.0,electronics,False,,69.5,69.5
502097,19.57,21.3,clothing,False,,40.2,40.22
502098,1.63,234.3,books,False,,14.32,14.67
502099,18.77,201.6,books,False,,40.11,43.86
502100,17.44,114.7,books,False,,33.64,37.14
502101,3.59,201.6,books,True,,40.98,41.71
502102,13.37,298.3,food,True,,73.81,73.81
502103,17.39,47.9,books,False,,30.22,33.71
502104,8.72,223.9,standard,True,,56.03,56.04
502105,12.85,299.4,fragile,False,,48.38,48.4
502106,24.41,37.9,food,False,,45.83,45.84
502107,16.07,71.7,clothing,False,,35.72,35.74
502108,12.8,101.2,clothing,False,,30.66,30.67
502109,2.12,289.4,food,False,,18.29,18.28
502110,3.47,7.3,electronics,False,,10.78,10.79
502111,21.34,163.2,standard,False,,50.84,50.82
502112,18.69,78.1,clothing,True,,54.1,54.11
502113,20.96,49.3,electronics,False,,65.34,65.35
502114,14.66,7.8,books,False,SAVE10,21.46,24.11
502115,14.61,123.1,standard,False,,35.38,35.37
502116,13.5,96.7,food,True,SAVE10,39.42,39.44
502117,18.51,111.3,clothing,False,,42.58,42.59
502118,8.59,240.5,fragile,False,SAVE10,30.92,30.92
502119,12.67,130.7,standard,True,,49.94,49.93
502120,12.01,118.1,clothing,False,,29.92,29.94
502121,16.71,163.2,food,False,,38.24,38.25
502122,5.8,149.9,fragile,False,,22.58,22.57
502123,1.11,216.3,food,False,,12.81,12.83
502124,2.67,184.8,electronics,False,,17.25,17.27
502125,4.89,131.2,books,False,,14.38,15.37
502126,21.5,298.4,clothing,True,,92.76,92.77
502127,18.06,289.0,fragile,False,,61.41,61.41
502128,18.87,198.5,electronics,False,,66.54,66.55
502129,11.38,246.6,clothing,False,,35.09,35.09
502130,3.02,55.4,clothing,True,,19.35,19.34
502131,11.9,282.1,food,False,,35.53,35.53
502132,21.64,263.8,books,False,,47.81,52.15
502133,12.97,159.0,fragile,False,,41.67,41.69
502134,15.98,76.6,food,False,,32.59,32.59
502135,9.67,167.2,fragile,False,,33.5,33.52
502136,4.18,223.8,books,True,,45.26,46.09
502137,15.85,161.1,fragile,False,,49.26,49.28
502138,12.38,171.1,standard,False,,33.32,33.33
502139,8.97,121.8,fragile,False,,29.41,29.39
502140,6.83,191.6,clothing,False,,23.24,23.24
502141,17.55,241.0,standard,False,,47.15,47.16
502142,8.29,248.6,standard,False,,29.01,29.03
502143,14.61,67.0,books,True,,38.43,41.35
502144,6.86,254.2,fragile,True,,60.97,91.4
502145,18.96,195.2,food,True,,68.41,68.4
502146,9.69,104.3,clothing,False,SAVE10,22.14,22.12
502147,12.22,259.1,clothing,False,SAVE10,33.66,33.64
502148,23.23,68.8,books,True,,52.49,57.15
502149,18.1,46.0,fragile,False,,49.36,49.37
502150,18.54,228.3,standard,False,,48.5,48.48
502151,8.81,294.3,food,False,,30.57,30.57
502152,21.09,97.7,standard,False,,47.06,47.08
502153,9.95,155.2,clothing,True,SAVE10,43.36,43.37
502154,24.71,106.4,food,True,,65.44,65.42
502155,22.45,187.7,books,True,SAVE10,62.17,66.21
502156,16.65,259.6,books,False,,39.62,42.95
502157,20.87,264.7,clothing,False,,54.98,54.99
502158,13.83,203.8,fragile,False,,46.15,46.15
502159,18.46,210.2,electronics,False,,65.89,65.88
502160,3.56,104.2,food,True,SAVE10,24.33,24.33
502161,24.72,128.3,fragile,True,,88.52,106.33
502162,20.11,18.3,food,True,,43.94,43.95
502163,3.99,53.1,electronics,False,,14.62,14.63
502164,6.44,66.2,fragile,False,,20.05,20.03
502165,14.59,189.3,fragile,False,,47.4,47.38
502166,19.19,189.7,books,True,,64.16,68.01
502167,4.15,14.6,standard,False,,9.03,9.02
502168,24.04,79.5,clothing,True,,65.0,65.0
502169,8.98,212.8,books,True,SAVE10,46.16,47.78
502170,24.88,255.4,electronics,False,,87.41,87.41
502171,18.94,207.8,clothing,False,,48.27,48.28
502172,12.4,163.1,books,True,SAVE10,44.37,46.59
502173,9.39,13.6,fragile,False,SAVE10,22.58,22.57
502174,2.86,146.2,books,False,,11.89,12.46
502175,2.65,299.6,fragile,False,,21.87,21.86
502176,15.92,52.8,clothing,False,,34.48,34.5
502177,19.45,74.6,books,False,,34.85,38.73
502178,22.73,244.2,standard,False,,57.67,57.66
502179,9.44,237.9,clothing,False,,30.78,30.79
502180,23.47,244.7,clothing,False,SAVE10,53.26,53.24
502181,7.77,133.1,clothing,False,,22.2,22.2
502182,23.53,12.3,books,False,SAVE10,34.44,38.68
502183,23.01,236.6,books,False,,48.65,53.25
502184,4.3,275.7,electronics,False,,26.68,26.68
502185,21.59,165.9,clothing,True,SAVE10,65.76,65.75
502186,17.74,120.4,food,False,,37.95,37.95
502187,17.71,47.1,food,False,,34.23,34.23
502188,21.09,88.0,fragile,True,,73.03,86.84
502189,13.65,159.6,food,False,,32.55,32.57
502190,12.92,232.4,food,True,,63.12,63.13
502191,9.49,35.5,standard,True,,29.3,29.29
502192,21.7,145.0,fragile,False,SAVE10,57.3,57.29
502193,22.58,10.6,standard,False,,45.69,45.68
502194,4.43,166.8,electronics,False,,21.63,21.62
502195,19.42,152.0,standard,False,SAVE10,41.8,41.79
502196,7.25,147.7,books,False,,18.98,20.43
502197,5.0,79.0,food,False,,12.95,12.95
502198,5.33,45.7,food,True,SAVE10,19.3,19.32
502199,14.55,265.0,electronics,False,,56.9,56.9
502200,7.35,283.3,electronics,False,,36.21,36.2
502201,6.44,167.0,standard,False,,21.23,21.23
502202,2.91,286.1,fragile,False,,21.87,21.87
502203,8.46,122.2,clothing,False,,23.03,23.04
502204,19.47,117.3,standard,False,,44.8,44.82
502205,1.03,112.8,standard,False,,7.7,7.68
502206,12.33,29.6,electronics,True,,46.43,46.43
502207,15.27,104.9,electronics,False,,51.06,51.04
502208,1.72,129.6,books,True,SAVE10,24.47,24.76
502209,7.7,212.8,fragile,False,SAVE10,27.59,27.59
502210,22.71,95.1,clothing,False,,50.18,50.16
502211,24.86,119.4,standard,False,SAVE10,50.12,50.12
502212,21.33,228.2,food,True,,77.62,77.62
502213,4.66,151.0,books,False,,15.01,15.95
502214,19.22,185.3,books,True,,63.55,67.38
502215,11.55,129.0,electronics,False,,41.1,41.1
502216,4.68,61.7,fragile,False,,15.25,15.25
502217,12.28,124.0,books,False,,25.85,28.31
502218,23.11,168.5,clothing,False,,54.64,54.66
502219,21.99,259.2,electronics,True,,109.85,109.84
502220,10.09,115.4,electronics,True,,52.58,52.57
502221,2.05,42.6,books,False,,5.41,5.82
502222,22.56,13.0,electronics,False,,68.33,68.33
502223,24.66,293.9,books,False,,54.15,59.07
502224,13.03,189.0,food,False,,32.9,32.88
502225,6.02,249.1,fragile,False,SAVE10,25.3,25.3
502226,13.82,244.3,electronics,False,SAVE10,48.31,48.32
502227,17.56,170.2,standard,False,,43.63,43.61
502228,12.31,66.1,fragile,False,,35.31,35.31
502229,9.14,147.9,standard,True,,45.46,45.48
502230,6.57,31.3,food,True,,21.52,21.5
502231,7.77,168.8,food,False,,22.43,22.42
502232,1.72,278.6,food,False,,17.03,17.03
502233,6.75,129.0,standard,False,,19.95,19.93
502234,23.85,148.5,standard,False,,55.12,55.11
502235,0.7,84.7,standard,False,,5.64,5.62
502236,18.32,248.9,fragile,True,,89.97,119.87
502237,19.83,268.3,electronics,False,SAVE10,65.61,65.6
502238,10.42,172.5,books,False,,25.3,27.37
502239,15.08,132.8,clothing,False,,36.8,36.8
502240,5.91,47.0,clothing,False,SAVE10,12.75,12.75
502241,16.87,186.4,clothing,False,,43.06,43.07
502242,17.84,58.1,fragile,False,,49.29,49.28
502243,18.5,88.0,standard,True,SAVE10,49.68,49.67
502244,12.55,104.8,standard,False,,30.34,30.33
502245,24.28,80.7,clothing,False,SAVE10,47.34,47.34
502246,21.72,208.8,clothing,True,,79.76,79.75
502247,14.53,185.3,fragile,False,,47.04,47.04
502248,17.22,258.7,clothing,True,SAVE10,70.42,70.41
502249,7.23,232.6,electronics,True,,61.58,61.6
502250,23.62,243.4,books,False,,49.96,54.7
502251,16.31,77.4,books,False,,29.97,33.22
502252,22.43,177.1,food,True,,71.94,71.96
502253,7.57,257.3,fragile,False,,32.55,32.53
502254,24.57,181.6,clothing,False,,58.22,58.21
502255,3.08,81.8,electronics,False,,13.33,13.33
502256,13.49,218.6,standard,False,,37.91,37.9
502257,3.21,110.2,books,False,,10.65,11.27
502258,5.15,190.7,fragile,True,,47.0,71.05
502259,19.22,250.9,standard,False,,50.98,50.97
502260,2.12,161.9,electronics,False,,14.46,14.47
502261,9.88,140.8,clothing,False,SAVE10,24.12,24.13
502262,5.2,144.1,standard,True,,37.02,37.01
502263,21.33,194.1,fragile,True,,89.57,113.99
502264,2.52,274.8,standard,True,,51.26,51.24
502265,8.75,150.8,clothing,False,,25.04,25.05
502266,21.48,193.5,fragile,False,,65.52,65.52
502267,17.33,206.8,standard,False,,45.0,45.01
502268,17.73,237.8,food,False,SAVE10,39.42,39.41
502269,24.78,33.6,fragile,False,,66.11,66.11
502270,1.07,169.4,clothing,False,SAVE10,9.55,9.54
502271,16.79,39.3,clothing,True,,44.48,44.48
502272,18.75,13.3,books,False,SAVE10,27.6,30.95
502273,18.83,50.4,fragile,False,,51.48,51.47
502274,17.99,294.9,standard,False,,50.72,50.72
502275,2.27,182.3,books,False,,12.75,13.18
502276,2.56,236.1,books,False,,15.9,16.43
502277,19.43,176.5,books,True,SAVE10,56.31,59.82
502278,15.49,190.7,electronics,False,,56.0,56.0
502279,6.94,108.3,clothing,False,,19.3,19.3
502280,0.73,200.9,electronics,False,,12.24,12.25
502281,13.57,86.5,food,False,,28.75,28.76
502282,2.72,166.3,electronics,False,SAVE10,14.83,14.81
502283,18.84,158.3,electronics,False,SAVE10,57.99,57.99
502284,8.85,162.4,clothing,False,,25.82,25.83
502285,20.28,41.7,standard,False,,42.64,42.64
502286,2.84,156.3,fragile,False,,15.2,15.19
502287,12.6,86.4,fragile,False,SAVE10,33.37,33.37
502288,2.94,11.0,electronics,False,,9.37,9.36
502289,19.62,228.7,fragile,False,,62.45,62.45
502290,14.22,41.7,fragile,False,,39.06,39.07
502291,6.25,285.1,food,False,,25.51,25.5
502292,24.09,154.8,standard,False,,55.92,55.93
502293,17.21,112.8,food,False,,36.62,36.62
502294,8.74,14.6,electronics,True,,33.41,33.43
502295,21.46,9.0,books,False,,34.79,39.08
502296,9.81,206.1,fragile,False,,35.81,35.8
502297,23.59,210.0,books,False,,48.24,52.97
502298,7.78,109.8,standard,False,,21.05,21.03
502299,24.62,257.1,food,False,,57.17,57.18
502300,2.03,91.8,standard,True,,22.83,22.83
502301,18.5,159.8,food,False,,41.29,41.31
502302,7.64,47.2,clothing,False,,17.64,17.63
502303,10.89,109.4,food,False,,25.07,25.05
502304,16.09,218.8,books,False,,36.68,39.92
502305,1.62,133.3,books,False,SAVE10,8.33,8.62
502306,5.98,84.9,fragile,False,,19.79,19.8
502307,3.05,153.8,food,False,,13.18,13.16
502308,18.62,252.7,books,False,,42.43,46.15
502309,5.92,177.5,books,False,,18.35,19.51
502310,12.71,83.8,clothing,False,,29.61,29.62
502311,8.55,268.0,food,False,,28.79,28.78
502312,6.28,37.5,books,True,,20.67,21.94
502313,23.41,227.0,food,False,SAVE10,48.14,48.13
502314,12.93,136.4,electronics,False,,45.61,45.62
502315,16.44,160.8,books,False,,34.34,37.62
502316,17.76,81.0,electronics,True,,70.43,70.43
502317,20.62,82.0,electronics,False,SAVE10,59.36,59.37
502318,6.95,50.6,books,False,,13.65,15.04
502319,2.43,165.8,food,False,,12.66,12.68
502320,11.95,218.1,books,False,,30.02,32.4
502321,4.67,7.5,electronics,False,,14.38,14.4
502322,1.0,88.5,food,False,,6.22,6.22
502323,23.03,149.0,clothing,False,,53.51,53.52
502324,15.85,290.9,books,True,,74.0,77.17
502325,10.65,153.6,fragile,True,,55.73,76.1
502326,3.84,166.9,clothing,False,,16.02,16.02
502327,19.15,163.2,food,False,,42.63,42.62
502328,13.56,54.4,standard,True,,40.28,40.29
502329,4.77,160.7,standard,True,,38.64,38.63
502330,24.57,52.4,food,True,,57.09,57.09
502331,23.79,239.9,electronics,True,,112.36,112.36
502332,23.21,235.3,fragile,False,,72.11,72.11
502333,20.75,231.5,books,False,,44.78,48.94
502334,13.52,70.3,standard,True,,42.58,42.57
502335,7.86,132.6,standard,True,,40.61,40.6
502336,16.47,31.6,electronics,True,,59.15,59.13
502337,4.21,176.2,electronics,False,,21.44,21.43
502338,15.61,64.3,clothing,False,,34.44,34.45
502339,2.12,247.6,electronics,True,,48.5,48.48
502340,0.83,165.0,fragile,False,SAVE10,9.37,9.38
502341,18.03,70.3,fragile,False,,50.39,50.41
502342,8.9,174.6,food,True,SAVE10,42.49,42.49
502343,17.58,124.2,food,False,SAVE10,34.07,34.06
502344,19.61,201.2,food,False,,45.36,45.35
502345,20.96,267.2,food,False,,51.09,51.09
502346,15.59,11.4,books,False,SAVE10,22.96,25.78
502347,21.25,83.4,books,True,SAVE10,46.36,50.19
502348,16.64,261.6,clothing,False,,46.36,46.36
502349,23.22,41.5,books,False,,39.23,43.86
502350,22.47,172.4,standard,False,,53.56,53.57
502351,1.56,287.0,books,False,,16.85,17.17
502352,7.06,69.3,fragile,True,,33.75,45.7
502353,10.03,271.0,books,False,,29.6,31.62
502354,6.68,83.2,clothing,False,,17.52,17.51
502355,4.83,174.0,fragile,False,,21.26,21.25
502356,21.9,202.3,standard,False,SAVE10,48.52,48.53
502357,1.11,28.4,standard,False,,3.64,3.63
502358,4.96,257.0,standard,False,,22.77,22.79
502359,19.13,249.5,standard,False,,50.74,50.72
502360,5.97,12.4,electronics,True,,24.77,24.75
502361,6.83,147.4,food,False,SAVE10,17.7,17.72
502362,24.2,277.9,clothing,False,,62.3,62.3
502363,19.18,109.0,fragile,False,,55.32,55.33
502364,11.49,135.2,electronics,False,,41.23,41.23
502365,3.84,99.8,food,False,,11.9,11.92
502366,7.09,25.7,fragile,True,,27.29,34.87
502367,24.54,33.8,books,False,,40.95,45.85
502368,19.88,202.3,books,False,,41.92,45.89
502369,2.21,84.8,books,False,,7.78,8.23
502370,17.82,286.1,books,False,,42.82,46.37
502371,9.71,270.9,fragile,True,,70.88,102.95
502372,18.14,219.6,books,False,,40.0,43.62
502373,7.74,152.2,standard,False,,23.09,23.08
502374,3.69,230.2,fragile,False,,21.1,21.12
502375,0.98,8.7,food,True,,8.07,8.08
502376,7.74,284.5,food,False,,28.16,28.17
502377,21.58,292.7,fragile,False,,70.74,70.75
502378,22.34,180.1,books,False,,44.75,49.22
502379,17.24,172.5,electronics,False,,60.34,60.35
502380,18.82,224.9,standard,False,,48.89,48.87
502381,5.27,5.6,electronics,False,,16.09,16.08
502382,9.18,210.6,clothing,False,SAVE10,26.0,26.01
502383,22.53,116.2,standard,True,SAVE10,60.74,60.73
502384,24.66,6.3,electronics,False,,74.3,74.3
502385,11.35,133.5,books,False,SAVE10,22.35,24.4
502386,19.51,277.9,electronics,True,SAVE10,94.69,94.68
502387,23.37,178.9,electronics,False,,79.06,79.06
502388,24.93,82.6,electronics,True,SAVE10,82.96,82.96
502389,7.75,153.1,electronics,False,,30.9,30.91
502390,16.52,248.7,books,False,,38.87,42.17
502391,10.05,48.2,fragile,False,,28.54,28.53
502392,11.89,288.2,books,True,,67.25,69.64
502393,11.82,51.1,electronics,False,,38.02,38.02
502394,7.32,43.9,food,False,SAVE10,13.83,13.84
502395,0.97,13.0,clothing,False,,2.59,2.6
502396,19.28,267.0,books,True,,75.9,79.75
502397,17.55,187.3,clothing,False,,44.46,44.47
502398,21.09,196.6,clothing,True,,76.67,76.66
502399,4.26,123.4,standard,True,,32.03,32.03
502400,6.31,35.9,books,False,,11.89,13.17
502401,15.11,114.1,books,False,,29.88,32.92
502402,23.45,54.1,clothing,False,,49.6,49.61
502403,12.06,174.3,food,False,,30.42,30.42
502404,5.42,199.5,clothing,True,,45.76,45.78
502405,15.07,162.8,food,False,SAVE10,31.74,31.74
502406,23.96,116.9,books,False,,44.18,48.99
502407,21.77,82.1,clothing,False,SAVE10,42.88,42.89
502408,22.52,205.8,standard,False,,55.33,55.35
502409,10.56,58.3,electronics,True,,45.42,45.43
502410,6.93,279.4,books,False,,25.06,26.43
502411,21.83,152.8,food,False,,46.93,46.94
502412,19.81,162.9,standard,True,SAVE10,62.15,62.17
502413,21.36,256.5,clothing,True,,86.2,86.21
502414,10.09,40.1,electronics,False,,32.28,32.26
502415,7.51,275.9,clothing,True,,61.4,61.4
502416,6.39,269.0,electronics,False,,32.62,32.62
502417,21.83,115.7,food,True,SAVE10,55.48,55.47
502418,23.03,55.1,standard,True,,59.32,59.34
502419,9.5,240.2,standard,False,,31.01,31.01
502420,21.93,18.0,food,True,,47.17,47.19
502421,9.84,226.8,electronics,True,,68.54,68.52
502422,11.47,219.2,clothing,False,,33.9,33.91
502423,14.38,44.8,books,False,,25.25,28.11
502424,5.92,5.4,fragile,False,,15.66,15.66
502425,7.05,39.0,books,False,,13.23,14.65
502426,7.03,213.9,food,True,,49.74,49.74
502427,6.87,133.0,electronics,True,,45.56,45.57
502428,13.13,291.2,electronics,False,,53.95,53.94
502429,2.96,44.2,fragile,False,SAVE10,8.92,8.91
502430,19.62,288.5,food,False,,49.74,49.74
502431,4.78,289.7,food,False,,23.09,23.07
502432,11.38,96.0,food,False,,25.28,25.29
502433,16.22,23.1,books,False,SAVE10,24.4,27.32
502434,3.88,250.9,standard,True,,50.4,50.38
502435,10.53,196.8,food,False,SAVE10,25.91,25.9
502436,14.3,215.7,clothing,False,,39.39,39.4
502437,13.98,58.6,fragile,False,,39.28,39.3
502438,22.37,20.8,electronics,False,,68.15,68.14
502439,19.73,86.9,standard,False,,43.8,43.81
502440,3.46,262.0,clothing,False,,20.02,20.02
502441,20.91,9.2,standard,False,SAVE10,38.05,38.04
502442,13.97,244.7,books,False,,34.59,37.36
502443,17.12,61.9,books,True,,41.68,45.11
502444,4.42,95.0,food,False,,12.71,12.73
502445,12.06,172.3,electronics,False,,44.8,44.78
502446,17.65,268.1,fragile,True,,91.1,122.91
502447,20.04,167.8,books,False,,40.45,44.46
502448,20.24,170.1,fragile,False,,61.13,61.13
502449,5.82,230.0,electronics,False,,28.96,28.95
502450,20.9,212.2,fragile,False,,64.95,64.97
502451,14.43,255.4,food,False,,38.74,38.73
502452,16.88,97.0,food,True,,49.93,49.91
502453,21.36,286.2,electronics,False,SAVE10,70.55,70.55
502454,10.43,290.8,fragile,False,,41.66,41.65
502455,23.03,218.2,standard,False,,56.97,56.98
502456,22.09,21.2,clothing,False,SAVE10,40.72,40.7
502457,20.29,118.8,clothing,False,,46.52,46.5
502458,9.81,239.0,clothing,False,,31.57,31.59
502459,13.44,70.3,fragile,False,,38.46,38.44
502460,4.74,147.9,fragile,True,,39.51,59.29
502461,19.1,101.1,books,True,,50.72,54.55
502462,22.33,52.9,electronics,False,,69.63,69.62
502463,4.44,172.7,food,False,,16.63,16.63
502464,18.75,112.1,food,True,,55.57,55.56
502465,17.51,247.0,fragile,False,SAVE10,52.09,52.09
502466,1.39,31.0,standard,False,SAVE10,3.9,3.88
502467,22.96,269.7,books,False,,50.22,54.82
502468,12.24,116.3,books,False,,25.4,27.84
502469,7.09,220.3,food,False,,23.78,23.78
502470,1.24,69.2,clothing,True,,17.86,17.88
502471,19.66,29.4,food,True,,44.8,44.78
502472,8.78,19.5,clothing,True,SAVE10,22.94,22.96
502473,13.08,82.9,fragile,False,SAVE10,34.34,34.33
502474,5.27,69.1,fragile,False,,17.16,17.16
502475,15.37,191.5,clothing,False,,40.32,40.3
502476,10.23,187.1,food,False,SAVE10,24.99,24.99
502477,20.26,271.3,electronics,True,,106.48,106.49
502478,16.83,187.0,books,True,SAVE10,53.98,57.0
502479,18.18,169.9,books,False,,37.58,41.21
502480,6.65,82.9,clothing,True,,30.74,30.73
502481,2.06,14.8,food,False,,4.45,4.44
502482,22.06,187.3,books,False,,44.66,49.06
502483,23.42,54.4,food,False,,44.88,44.89
502484,16.27,299.1,standard,False,,47.5,47.49
502485,23.08,205.8,food,True,,77.41,77.41
502486,17.8,14.9,food,True,,39.28,39.26
502487,15.34,133.8,electronics,False,,52.71,52.72
502488,10.77,32.7,standard,False,,23.18,23.18
502489,9.21,5.1,clothing,False,,18.68,18.69
502490,12.5,121.6,standard,True,SAVE10,43.42,43.42
502491,5.95,278.4,standard,True,,58.66,58.64
502492,10.98,43.6,electronics,True,SAVE10,40.03,40.04
502493,12.94,296.8,food,False,,38.13,38.13
502494,1.26,136.9,books,False,,8.86,9.09
502495,10.14,94.4,books,False,,20.94,22.96
502496,7.47,279.6,books,False,,25.93,27.45
502497,16.04,97.6,fragile,False,,46.58,46.58
502498,20.39,49.7,food,False,SAVE10,35.27,35.29
502499,15.55,275.0,fragile,True,,86.68,119.18
502500,16.77,276.9,clothing,False,,47.38,47.4
502501,15.54,235.1,books,False,,36.62,39.73
502502,6.78,231.4,food,False,,23.77,23.76
502503,9.72,141.8,electronics,True,,55.43,55.42
502504,21.18,256.0,standard,True,,85.76,85.77
502505,23.68,124.9,electronics,False,,77.28,77.29
502506,4.94,146.5,books,True,SAVE10,31.39,32.29
502507,0.76,52.0,clothing,True,,14.32,14.3
502508,24.06,161.7,standard,False,,56.2,56.2
502509,21.56,215.8,clothing,False,,53.91,53.9
502510,15.39,82.0,books,True,SAVE10,37.73,40.5
502511,20.51,45.2,books,False,,35.08,39.16
502512,15.06,27.2,standard,False,,31.48,31.48
502513,22.67,144.4,clothing,True,,72.0,72.01
502514,6.46,36.8,books,False,,12.18,13.45
502515,11.38,129.4,electronics,False,,40.61,40.6
502516,16.93,184.9,standard,False,,43.1,43.11
502517,5.78,22.6,food,False,,11.53,11.53
502518,18.01,238.2,fragile,False,,58.74,58.75
502519,6.93,33.0,fragile,False,,19.67,19.67
502520,17.9,40.1,books,False,SAVE10,27.58,30.79
502521,20.2,198.0,electronics,False,,70.5,70.51
502522,10.89,282.7,electronics,True,,80.07,80.08
502523,24.76,39.1,electronics,False,,76.24,76.22
502524,15.97,211.5,food,False,,39.32,39.32
502525,19.04,143.8,standard,True,,64.65,64.65
502526,1.0,64.9,standard,True,,16.74,16.73
502527,3.26,172.7,clothing,True,,37.42,37.43
502528,17.93,131.6,fragile,False,,53.2,53.18
502529,23.61,117.7,standard,False,,53.1,53.11
502530,15.89,260.8,standard,False,,44.82,44.8
502531,22.86,170.0,standard,False,,54.22,54.2
502532,1.95,243.5,standard,False,,16.08,16.06
502533,22.35,17.6,clothing,False,,45.58,45.59
502534,21.99,283.2,fragile,False,,71.33,71.32
502535,15.91,71.9,fragile,False,,44.96,44.95
502536,11.02,156.3,standard,False,,29.86,29.86
502537,17.77,24.7,electronics,True,,62.02,62.02
502538,6.48,67.1,books,False,,13.72,15.02
502539,16.86,146.2,fragile,False,,51.15,51.15
502540,17.51,226.3,books,False,,39.33,42.85
502541,13.73,232.9,books,False,,33.61,36.34
502542,6.87,143.8,clothing,False,,20.93,20.93
502543,0.55,78.1,books,False,,4.78,4.9
502544,5.3,183.9,electronics,True,,48.48,48.47
502545,20.93,114.3,fragile,False,SAVE10,54.12,54.14
502546,5.7,53.3,clothing,False,,14.07,14.06
502547,2.32,229.7,food,True,,43.63,43.61
502548,6.54,237.2,fragile,False,,28.86,28.85
502549,13.22,55.2,standard,True,SAVE10,35.75,35.73
502550,14.86,16.5,food,True,,34.22,34.21
502551,21.99,223.7,clothing,False,,55.16,55.15
502552,21.44,242.6,electronics,False,,76.45,76.45
502553,24.23,26.2,fragile,False,SAVE10,57.88,57.88
502554,22.16,121.4,standard,True,,67.53,67.53
502555,11.53,209.7,clothing,True,,59.52,59.51
502556,3.98,103.2,books,False,,11.53,12.34
502557,23.92,237.7,food,True,,83.71,83.72
502558,6.1,16.9,electronics,False,,19.14,19.15
502559,15.74,170.6,food,True,,58.92,58.93
502560,6.98,68.3,food,False,,15.98,15.98
502561,20.51,215.6,food,True,SAVE10,66.83,66.84
502562,5.42,9.8,clothing,False,,11.33,11.35
502563,10.81,213.0,books,False,SAVE10,25.15,27.09
502564,5.88,139.5,electronics,False,SAVE10,22.15,22.14
502565,21.58,210.5,books,False,SAVE10,40.55,44.43
502566,15.68,38.9,electronics,True,,57.88,57.86
502567,15.96,251.0,fragile,False,,54.05,54.04
502568,8.21,198.3,standard,False,,26.34,26.35
502569,4.82,15.6,electronics,False,,15.24,15.22
502570,21.5,261.6,electronics,True,,108.74,108.75
502571,19.23,54.3,clothing,True,,51.6,51.6
502572,18.49,118.0,food,False,,39.18,39.18
502573,24.93,108.7,electronics,False,,80.22,80.23
502574,14.21,232.9,electronics,False,,54.28,54.26
502575,4.87,228.5,standard,True,SAVE10,44.11,44.13
502576,15.43,30.0,electronics,False,,47.79,47.79
502577,7.54,256.6,books,False,,24.89,26.42
502578,13.07,52.1,clothing,True,,38.96,38.97
502579,11.75,216.4,standard,False,,34.32,34.3
502580,14.31,41.8,electronics,False,SAVE10,40.52,40.52
502581,23.07,125.8,books,True,,60.78,65.38
502582,20.35,37.3,books,False,,34.43,38.48
502583,10.67,202.2,fragile,False,,37.85,37.87
502584,20.52,123.2,electronics,True,,85.04,85.04
502585,21.58,170.9,food,False,,47.39,47.39
502586,19.46,299.6,books,True,SAVE10,72.97,76.48
502587,14.01,248.2,books,False,SAVE10,31.34,33.86
502588,22.53,64.0,clothing,False,,48.26,48.25
502589,12.55,133.0,books,False,,26.73,29.25
502590,3.1,172.8,food,False,,14.22,14.21
502591,7.17,104.4,food,False,,18.13,18.11
502592,16.61,22.8,books,True,,35.0,38.3
502593,9.79,107.8,food,False,,23.01,23.03
502594,10.86,87.0,electronics,True,,50.63,50.62
502595,10.35,63.5,standard,False,,23.88,23.89
502596,5.2,52.4,books,False,,10.94,11.96
502597,2.79,36.7,standard,True,,16.08,16.08
502598,1.7,253.8,electronics,True,,48.17,48.17
502599,16.98,139.1,fragile,False,,51.1,51.09
502600,8.44,220.0,clothing,False,,27.88,27.9
502601,11.69,234.4,books,False,,30.42,32.77
502602,23.41,256.8,clothing,False,SAVE10,53.69,53.71
502603,15.85,178.3,electronics,False,SAVE10,50.82,50.81
502604,20.36,254.2,standard,True,,83.85,83.87
502605,19.18,45.2,books,False,,32.95,36.78
502606,23.87,60.6,fragile,False,,65.09,65.08
502607,2.14,195.7,food,True,,38.21,38.21
502608,9.91,115.9,clothing,False,SAVE10,23.05,23.07
502609,23.77,61.4,fragile,True,,76.01,87.14
502610,11.88,114.6,fragile,False,,36.62,36.63
502611,23.72,121.8,standard,False,SAVE10,48.18,48.19
502612,5.03,267.4,books,False,,21.42,22.42
502613,1.98,132.2,standard,False,,10.57,10.58
502614,22.44,268.5,electronics,False,,80.74,80.76
502615,10.58,65.4,books,False,,20.2,22.32
502616,12.95,261.8,food,False,,36.4,36.4
502617,23.44,248.2,books,False,SAVE10,44.92,49.14
502618,5.88,57.6,standard,False,,14.64,14.66
502619,24.22,231.3,food,False,,55.16,55.15
502620,10.22,239.5,fragile,True,,67.5,96.46
502621,6.56,238.0,clothing,False,,25.02,25.03
502622,6.23,270.2,books,False,SAVE10,21.13,22.27
502623,13.2,139.2,standard,False,,33.36,33.34
502624,11.94,150.0,electronics,True,,63.32,63.33
502625,22.21,79.5,electronics,False,SAVE10,63.54,63.53
502626,1.74,152.0,books,False,SAVE10,9.35,9.67
502627,1.58,277.7,standard,True,,49.82,49.8
502628,4.24,190.6,electronics,False,,22.25,22.24
502629,15.34,242.9,books,False,,36.69,39.77
502630,19.64,261.1,fragile,False,,64.12,64.13
502631,12.26,185.2,fragile,False,,41.14,41.14
502632,15.54,167.9,electronics,False,,55.02,55.03
502633,16.24,67.4,standard,True,,47.59,47.59
502634,0.97,176.8,food,False,SAVE10,9.53,9.54
502635,6.53,187.8,food,False,,21.14,21.14
502636,24.95,19.5,standard,False,,50.88,50.86
502637,8.6,6.3,clothing,False,,17.52,17.51
502638,23.69,292.9,food,False,,57.29,57.29
502639,12.56,20.4,clothing,False,,26.14,26.16
502640,5.95,243.6,books,False,,21.7,22.9
502641,0.56,189.3,food,False,,10.47,10.46
502642,5.83,251.3,books,False,,21.89,23.05
502643,8.38,165.7,clothing,False,,25.04,25.06
502644,11.26,168.6,fragile,True,,59.57,81.42
502645,11.46,70.2,clothing,False,,26.43,26.42
502646,13.93,180.2,standard,False,,36.87,36.86
502647,12.12,268.3,food,False,SAVE10,31.71,31.72
502648,1.31,72.4,clothing,False,,6.24,6.25
502649,7.04,278.0,electronics,False,,35.02,35.03
502650,24.07,79.1,standard,True,,65.0,65.02
502651,1.17,194.5,fragile,True,SAVE10,33.5,55.51
502652,18.48,275.0,standard,False,,50.71,50.71
502653,12.17,247.7,clothing,False,,36.72,36.74
502654,17.82,96.6,fragile,True,,65.82,80.49
502655,8.65,170.8,food,False,,24.11,24.11
502656,9.57,239.1,food,False,,29.18,29.17
502657,13.16,294.2,clothing,False,,41.03,41.02
502658,22.79,223.0,electronics,False,,79.52,79.52
502659,8.55,277.3,standard,False,,30.97,30.97
502660,2.6,157.5,clothing,True,,33.83,33.84
502661,1.44,187.4,books,False,,11.67,11.96
502662,22.1,79.7,books,True,SAVE10,47.08,51.05
502663,8.19,121.2,standard,False,,22.44,22.46
502664,3.43,109.1,food,False,,11.63,11.62
502665,15.11,289.6,standard,False,SAVE10,40.23,40.22
502666,21.2,289.2,food,True,,86.54,86.54
502667,15.19,281.6,fragile,True,,86.73,119.89
502668,4.22,127.6,food,True,SAVE10,28.56,28.55
502669,10.44,287.5,food,False,SAVE10,29.85,29.83
502670,7.03,194.9,standard,True,,48.3,48.28
502671,0.91,64.7,fragile,False,,5.6,5.59
502672,24.16,146.2,food,True,,70.42,70.42
502673,11.75,36.6,electronics,False,,37.08,37.06
502674,3.8,161.8,fragile,True,,39.15,60.32
502675,22.18,285.6,electronics,True,,114.38,114.39
502676,24.64,127.8,standard,True,,73.45,73.47
502677,20.49,116.6,standard,False,,46.81,46.81
502678,6.71,27.1,standard,True,SAVE10,20.24,20.24
502679,5.17,148.9,fragile,True,,40.78,60.69
502680,13.37,205.5,standard,False,,37.02,37.0
502681,14.8,278.0,food,False,,40.54,40.53
502682,22.02,106.2,standard,True,SAVE10,58.47,58.47
502683,24.2,78.8,electronics,False,SAVE10,68.89,68.9
502684,22.8,281.3,clothing,False,SAVE10,53.7,53.71
502685,8.88,35.2,fragile,False,,24.85,24.84
502686,14.85,112.6,standard,True,SAVE10,46.43,46.42
502687,3.53,149.1,electronics,False,,18.05,18.03
502688,13.21,284.3,books,False,,35.35,37.99
502689,2.23,182.7,standard,False,,13.6,13.6
502690,3.23,263.1,fragile,False,,21.55,21.57
502691,3.49,271.0,books,True,,51.23,51.91
502692,7.89,227.1,fragile,False,,31.87,31.89
502693,8.09,238.6,books,True,,53.73,55.34
502694,17.77,65.2,clothing,False,SAVE10,34.92,34.94
502695,2.36,245.5,books,False,,16.05,16.54
502696,3.22,241.1,fragile,False,SAVE10,18.38,18.39
502697,16.58,99.7,books,False,,31.51,34.82
502698,16.98,65.7,fragile,False,,47.43,47.43
502699,17.91,83.7,electronics,False,,57.92,57.91
502700,18.14,254.8,fragile,False,,59.9,59.91
502701,16.74,211.4,books,True,,63.49,66.86
502702,14.04,146.3,fragile,True,,63.45,83.06
502703,18.66,30.8,clothing,False,,38.86,38.85
502704,2.5,268.7,fragile,False,,19.94,19.93
502705,5.69,8.5,books,False,,9.53,10.65
502706,18.67,66.6,clothing,False,,40.67,40.65
502707,5.22,271.2,clothing,False,,24.0,24.01
502708,13.5,158.5,electronics,False,,48.42,48.41
502709,6.88,106.6,food,False,SAVE10,15.94,15.96
502710,11.07,155.3,fragile,False,SAVE10,32.89,32.88
502711,20.94,190.6,food,False,,47.22,47.22
502712,16.69,207.4,books,False,,37.07,40.41
502713,11.41,166.0,standard,True,,52.72,52.71
502714,7.2,18.9,clothing,False,,15.34,15.33
502715,20.22,52.0,clothing,True,,53.24,53.24
502716,16.6,82.6,fragile,True,,60.55,73.82
502717,11.28,142.4,fragile,False,,36.45,36.46
502718,21.8,175.2,books,True,,66.16,70.51
502719,17.47,238.9,clothing,True,,75.78,75.79
502720,24.52,66.7,food,True,,59.14,59.13
502721,16.78,37.9,electronics,False,,52.24,52.25
502722,22.55,250.5,standard,True,,87.68,87.66
502723,13.99,180.6,food,False,SAVE10,30.79,30.79
502724,17.9,116.6,food,False,,38.05,38.04
502725,21.14,26.5,electronics,False,,64.74,64.75
502726,2.72,61.7,books,True,,18.61,19.15
502727,12.12,240.9,clothing,False,,36.28,36.27
502728,15.34,158.7,books,False,,32.48,35.54
502729,1.92,10.8,books,True,,9.69,10.07
502730,19.84,151.4,food,False,,43.28,43.27
502731,18.03,134.0,books,False,,35.55,39.17
502732,23.44,229.5,fragile,False,,72.42,72.44
502733,9.61,32.9,food,True,,27.23,27.22
502734,11.99,122.0,standard,True,,47.28,47.29
502735,22.84,275.5,food,False,SAVE10,49.4,49.39
502736,10.58,219.3,electronics,False,,42.71,42.72
502737,20.94,197.1,standard,False,,51.74,51.74
502738,10.82,123.8,standard,False,,27.83,27.85
502739,8.78,78.9,clothing,True,,34.39,34.41
502740,7.29,32.4,standard,True,,24.44,24.45
502741,5.73,94.6,books,False,SAVE10,12.51,13.56
502742,11.07,112.3,food,True,SAVE10,37.59,37.6
502743,4.46,134.4,electronics,False,,20.1,20.09
502744,20.79,252.9,fragile,True,,96.99,127.28
502745,24.37,132.0,books,False,,45.59,50.46
502746,2.89,195.5,electronics,False,,18.44,18.43
502747,1.84,54.0,food,False,,6.01,6.0
502748,0.59,113.5,food,False,,6.74,6.73
502749,23.34,279.9,food,False,,56.01,55.99
502750,2.31,56.6,books,False,,6.53,7.0
502751,17.16,37.5,standard,False,,36.2,36.21
502752,7.94,27.0,electronics,False,,25.17,25.17
502753,5.36,6.2,fragile,False,,14.25,14.23
502754,6.54,48.5,clothing,False,,15.5,15.5
502755,17.4,30.8,food,False,SAVE10,29.57,29.59
502756,0.94,54.8,fragile,True,,15.66,26.14
502757,21.69,125.7,fragile,False,SAVE10,56.41,56.42
502758,14.41,212.1,food,False,,36.54,36.53
502759,6.27,246.0,clothing,False,,24.84,24.84
502760,5.6,174.0,books,False,SAVE10,15.89,16.9
502761,16.54,35.1,electronics,False,SAVE10,46.24,46.23
502762,15.92,247.5,clothing,False,,44.22,44.23
502763,8.29,200.6,food,False,,24.95,24.93
502764,8.68,249.7,food,True,SAVE10,52.27,52.29
502765,11.85,228.0,electronics,False,,46.95,46.93
502766,22.81,64.7,books,True,,51.2,55.74
502767,13.69,290.0,electronics,True,,89.57,89.57
502768,21.08,235.9,fragile,True,SAVE10,85.67,111.41
502769,16.2,101.1,fragile,True,,62.28,77.41
502770,14.27,232.5,standard,False,,40.16,40.17
502771,12.5,129.6,fragile,True,,56.94,74.89
502772,17.18,35.7,fragile,False,,46.45,46.47
502773,12.54,191.2,food,False,,32.13,32.13
502774,18.29,298.1,food,False,,47.83,47.84
502775,4.96,201.1,clothing,True,,45.08,45.1
502776,8.4,275.7,fragile,False,,35.62,35.63
502777,21.89,63.4,books,False,SAVE10,34.37,38.33
502778,10.18,153.6,food,True,SAVE10,41.73,41.74
502779,21.16,94.0,clothing,False,,47.02,47.02
502780,23.48,283.1,electronics,False,,84.6,84.6
502781,14.67,49.3,electronics,True,,56.4,56.4
502782,3.0,12.7,electronics,False,,9.64,9.64
502783,19.04,162.7,food,True,,63.68,63.67
502784,16.81,127.8,standard,False,SAVE10,36.01,36.02
502785,7.62,68.0,standard,False,,18.64,18.63
502786,21.64,277.7,fragile,True,SAVE10,92.63,122.13
502787,12.33,90.8,food,True,,40.81,40.83
502788,1.9,74.9,fragile,False,,8.68,8.7
502789,2.17,204.7,clothing,False,SAVE10,13.12,13.12
502790,6.09,291.8,electronics,True,SAVE10,60.34,60.35
502791,15.44,128.6,electronics,False,,52.75,52.76
502792,20.47,229.1,standard,False,,52.4,52.38
502793,2.93,21.6,books,False,,5.77,6.37
502794,1.05,254.0,fragile,False,SAVE10,13.89,13.87
502795,15.75,163.9,fragile,False,,49.14,49.13
502796,10.53,196.3,books,False,,26.66,28.76
502797,11.32,142.9,clothing,False,,29.78,29.8
502798,20.61,10.1,electronics,False,,62.34,62.33
502799,23.02,119.2,clothing,False,,52.0,52.01
502800,24.2,52.9,fragile,False,,65.56,65.55
502801,19.59,58.2,books,True,,45.07,48.98
502802,0.58,250.5,fragile,False,,14.03,14.04
502803,4.19,107.6,standard,True,SAVE10,26.57,26.57
502804,14.89,248.4,clothing,False,,42.2,42.21
502805,23.9,230.6,standard,False,,59.33,59.32
502806,2.5,210.3,clothing,False,,15.52,15.51
502807,13.12,146.1,standard,False,SAVE10,30.19,30.18
502808,10.21,25.0,clothing,False,,21.67,21.65
502809,10.47,246.1,clothing,False,,33.25,33.23
502810,7.08,13.3,electronics,False,SAVE10,19.71,19.71
502811,7.13,118.0,clothing,False,,20.16,20.17
502812,6.34,266.5,fragile,False,,29.81,29.8
502813,3.03,227.5,books,False,,16.22,16.85
502814,14.07,176.7,food,False,,34.16,34.18
502815,11.43,190.9,books,False,SAVE10,25.05,27.11
502816,17.97,280.6,books,False,,42.78,46.36
502817,16.18,232.9,fragile,True,,82.0,110.28
502818,23.84,165.0,food,False,,51.16,51.17
502819,8.82,114.6,books,True,SAVE10,32.67,34.25
502820,22.12,38.2,fragile,False,,59.42,59.43
502821,9.93,250.3,books,True,,58.43,60.42
502822,16.69,239.2,fragile,False,SAVE10,49.82,49.81
502823,20.22,195.8,books,True,,66.72,70.77
502824,10.22,268.6,clothing,False,,33.87,33.87
502825,11.43,13.9,food,True,,27.66,27.67
502826,15.97,35.4,clothing,False,,33.71,33.7
502827,3.21,182.2,clothing,True,,38.75,38.76
502828,13.53,299.6,fragile,False,,50.16,50.14
502829,2.83,280.3,books,False,,18.54,19.09
502830,6.01,194.2,electronics,True,,52.16,52.16
502831,15.76,36.9,clothing,False,SAVE10,30.03,30.02
502832,24.32,167.3,clothing,False,,57.0,57.02
502833,24.98,187.0,electronics,False,,84.29,84.27
502834,6.89,235.2,food,False,,24.16,24.18
502835,4.08,295.0,fragile,False,,25.36,25.36
502836,13.21,234.0,electronics,False,,51.33,51.31
502837,11.31,156.8,standard,False,SAVE10,27.41,27.43
502838,9.8,227.0,books,False,,27.03,28.99
502839,19.33,109.4,standard,False,,44.13,44.12
502840,17.89,142.3,clothing,True,,62.13,62.13
502841,14.26,162.3,clothing,False,,36.64,36.63
502842,15.73,113.9,books,False,,30.86,34.0
502843,14.76,294.4,clothing,False,SAVE10,39.82,39.83
502844,17.08,89.7,standard,False,,38.64,38.65
502845,23.23,195.4,clothing,False,,56.23,56.25
502846,23.69,73.5,electronics,True,,87.1,87.09
502847,24.5,299.3,food,False,,59.07,59.08
502848,21.56,107.7,fragile,True,,77.21,92.99
502849,3.07,183.6,books,False,SAVE10,12.68,13.23
502850,11.57,280.0,standard,False,,37.14,37.14
502851,19.65,206.8,food,True,,71.39,71.37
502852,7.71,176.7,fragile,True,SAVE10,46.4,66.79
502853,15.36,27.9,clothing,False,,32.12,32.12
502854,1.85,129.6,books,False,SAVE10,8.5,8.82
502855,5.49,136.1,books,False,,15.59,16.68
502856,10.31,210.0,clothing,True,SAVE10,51.41,51.4
502857,2.22,148.0,clothing,False,,11.84,11.84
502858,10.9,85.1,standard,True,,39.56,39.56
502859,6.14,161.4,clothing,False,,20.35,20.36
502860,21.61,116.6,standard,False,,49.05,49.05
502861,8.31,246.2,books,False,,25.61,27.26
502862,9.83,142.9,electronics,False,SAVE10,32.97,32.97
502863,20.15,139.3,clothing,False,SAVE10,42.54,42.56
502864,14.21,214.9,electronics,False,,53.38,53.36
502865,1.73,163.3,clothing,False,SAVE10,10.46,10.48
502866,5.83,133.2,electronics,False,SAVE10,21.74,21.73
502867,15.47,29.3,standard,False,,32.4,32.39
502868,5.38,140.8,fragile,False,,21.03,21.04
502869,6.58,260.1,fragile,False,SAVE10,27.1,27.09
502870,15.76,291.4,electronics,False,,61.85,61.84
502871,12.62,256.7,fragile,False,,45.65,45.66
502872,7.09,36.6,books,False,SAVE10,11.86,13.15
502873,14.2,265.7,food,False,SAVE10,34.96,34.97
502874,16.03,151.4,standard,False,,39.63,39.65
502875,1.46,209.9,fragile,False,,14.29,14.27
502876,7.21,189.4,books,False,,21.01,22.45
502877,8.04,151.4,electronics,False,,31.69,31.69
502878,22.03,67.4,food,True,,54.76,54.78
502879,1.76,111.2,electronics,False,,10.84,10.82
502880,9.0,109.0,clothing,False,,23.45,23.47
502881,5.27,231.8,food,True,,49.26,49.26
502882,17.53,49.4,clothing,False,,37.53,37.54
502883,20.38,24.9,electronics,True,,69.88,69.88
502884,1.91,255.8,food,False,,16.23,16.24
502885,21.65,200.1,books,False,,44.64,48.96
502886,17.55,171.1,clothing,False,SAVE10,39.29,39.28
502887,5.82,48.8,books,True,,21.63,22.8
502888,22.94,42.3,clothing,False,,48.0,48.0
502889,7.68,201.9,standard,True,,50.64,50.63
502890,19.82,50.1,electronics,False,,61.96,61.98
502891,2.34,257.2,electronics,True,SAVE10,45.54,45.56
502892,11.67,54.9,electronics,True,SAVE10,43.42,43.44
502893,12.89,188.9,electronics,False,,48.12,48.11
502894,22.47,74.9,books,False,,39.7,44.17
502895,20.99,97.3,standard,False,,46.84,46.84
502896,13.89,101.0,standard,False,SAVE10,29.55,29.55
502897,1.76,12.3,clothing,False,,4.14,4.13
502898,11.03,128.6,fragile,False,,35.11,35.11
502899,9.69,260.3,books,False,,28.52,30.45
502900,24.89,152.2,fragile,False,,72.32,72.32
502901,17.18,61.5,clothing,True,SAVE10,43.73,43.72
502902,10.42,158.0,standard,False,SAVE10,25.87,25.88
502903,9.44,280.8,standard,False,SAVE10,29.63,29.62
502904,19.31,142.2,clothing,False,,45.73,45.73
502905,2.85,147.4,books,False,,11.93,12.52
502906,20.52,232.5,fragile,True,SAVE10,83.9,109.35
502907,16.94,24.9,electronics,False,,52.07,52.08
502908,11.16,97.6,books,False,,22.74,24.98
502909,17.9,121.5,electronics,True,,76.92,76.91
502910,10.25,96.0,fragile,False,,31.45,31.46
502911,4.01,166.5,books,False,,14.74,15.54
502912,10.72,235.1,electronics,False,,43.92,43.9
502913,1.76,125.7,fragile,False,SAVE10,9.77,9.76
502914,2.63,236.6,standard,False,,17.09,17.11
502915,11.26,135.5,food,True,,45.59,45.59
502916,20.71,268.8,books,False,,46.58,50.73
502917,5.49,101.2,books,False,,13.84,14.93
502918,12.77,135.9,clothing,False,,32.34,32.35
502919,24.48,207.2,books,False,SAVE10,44.58,49.0
502920,20.77,7.7,food,True,SAVE10,39.19,39.19
502921,22.6,266.4,electronics,False,,81.12,81.14
502922,17.04,135.7,books,True,SAVE10,47.36,50.41
502923,14.93,114.6,food,False,,32.6,32.6
502924,14.76,39.4,standard,True,,40.43,40.42
502925,15.23,33.9,fragile,True,,49.68,58.09
502926,11.89,144.4,electronics,False,,42.89,42.88
502927,9.34,246.4,books,False,,27.26,29.13
502928,6.35,183.4,books,False,,19.33,20.6
502929,2.1,273.9,standard,False,,17.9,17.9
502930,9.54,295.2,clothing,True,SAVE10,61.52,61.52
502931,19.36,156.8,clothing,False,,46.56,46.55
502932,14.04,62.2,fragile,False,,39.61,39.61
502933,4.52,283.1,standard,True,,56.5,56.51
502934,20.45,70.3,electronics,True,,76.9,76.91
502935,1.52,170.6,standard,True,SAVE10,30.27,30.27
502936,23.31,64.7,standard,False,,49.86,49.86
502937,16.47,265.3,food,False,SAVE10,38.62,38.64
502938,14.12,231.3,books,False,SAVE10,30.74,33.27
502939,10.61,159.7,fragile,False,,35.57,35.55
502940,20.71,261.5,food,False,,50.35,50.37
502941,0.67,206.9,books,False,,11.42,11.56
502942,0.89,190.7,food,False,,11.14,11.13
502943,13.25,204.1,electronics,False,,49.96,49.96
502944,7.78,268.0,standard,True,,60.76,60.75
502945,10.34,122.7,clothing,False,,26.82,26.82
502946,13.65,211.4,books,False,,32.41,35.15
502947,1.57,109.7,food,True,,24.28,24.27
502948,24.58,201.7,electronics,True,,108.99,109.0
502949,17.1,161.8,books,False,SAVE10,31.91,34.97
502950,2.92,226.3,clothing,False,,17.16,17.15
502951,18.6,167.2,clothing,False,,45.56,45.55
502952,13.56,151.1,fragile,False,,42.81,42.81
502953,17.33,31.9,standard,False,,36.25,36.27
502954,18.57,19.8,food,False,,34.42,34.42
502955,24.79,258.4,food,True,,88.38,88.36
502956,3.4,138.1,standard,True,,32.52,32.5
502957,24.91,292.8,fragile,False,,79.41,79.4
502958,12.18,137.1,clothing,False,,31.22,31.23
502959,5.42,32.9,books,True,,18.61,19.7
502960,9.65,224.6,books,False,,26.67,28.61
502961,9.43,99.2,fragile,False,,29.48,29.5
502962,22.44,188.9,standard,True,,78.22,78.22
502963,13.35,16.6,food,False,,24.86,24.87
502964,2.13,269.0,books,False,,16.86,17.28
502965,18.01,59.5,food,False,,35.39,35.41
502966,12.7,114.0,standard,False,,31.1,31.11
502967,20.46,127.9,electronics,False,,67.78,67.78
502968,1.64,161.7,food,False,SAVE10,9.93,9.93
502969,21.69,281.0,food,False,,53.09,53.09
502970,22.38,261.4,clothing,False,SAVE10,52.05,52.05
502971,0.7,116.5,books,True,,23.6,23.75
502972,12.18,115.5,clothing,False,,30.14,30.13
502973,3.48,223.0,books,False,,16.72,17.42
502974,13.47,103.0,books,False,,26.7,29.41
502975,2.69,73.1,fragile,False,,10.65,10.64
502976,22.23,282.3,food,True,,87.36,87.35
502977,5.0,226.1,books,False,,19.3,20.31
502978,16.87,125.7,food,True,,54.22,54.24
502979,16.51,65.0,fragile,False,,46.18,46.19
502980,8.36,152.3,books,False,,20.99,22.65
502981,5.75,129.7,books,False,,15.68,16.83
502982,22.92,93.2,electronics,True,,87.74,87.73
502983,1.48,175.7,food,True,,34.02,34.02
502984,6.73,55.2,clothing,True,,26.74,26.74
502985,8.5,82.8,electronics,False,,29.64,29.64
502986,14.81,168.6,electronics,True,,74.72,74.71
502987,9.55,125.3,books,False,,21.54,23.44
502988,3.23,126.8,clothing,False,,12.8,12.8
502989,14.47,201.9,fragile,False,,47.72,47.72
502990,18.24,26.8,clothing,False,SAVE10,34.04,34.04
502991,17.77,227.5,standard,False,,46.92,46.92
502992,12.49,287.3,books,False,SAVE10,30.91,33.15
502993,8.02,273.2,books,False,,26.49,28.09
502994,0.75,265.8,food,True,,46.22,46.22
502995,13.55,18.6,books,False,,22.61,25.31
502996,15.9,96.1,clothing,False,,36.61,36.59
502997,11.31,34.2,standard,True,,32.75,32.74
502998,24.0,36.1,standard,False,,49.8,49.81
502999,5.45,56.9,clothing,True,,24.44,24.45
503000,20.45,21.4,books,False,,33.79,37.9
503001,18.11,279.4,electronics,False,,68.3,68.31
503002,22.53,180.2,electronics,True,SAVE10,89.66,89.65
503003,23.15,99.7,electronics,True,SAVE10,80.46,80.47
503004,6.3,77.7,books,True,,26.74,27.98
503005,23.08,6.3,electronics,False,,69.55,69.56
503006,10.38,14.1,books,False,,17.31,19.39
503007,17.14,195.6,books,False,SAVE10,33.48,36.56
503008,23.85,146.2,books,False,,45.47,50.23
503009,15.09,98.6,standard,True,SAVE10,44.97,44.97
503010,14.78,142.9,fragile,True,,64.86,84.14
503011,2.24,115.1,electronics,True,,28.98,28.98
503012,15.12,212.9,food,True,,64.15,64.14
503013,6.41,168.0,standard,False,,21.22,21.21
503014,10.01,129.0,fragile,False,,32.48,32.49
503015,9.76,6.2,standard,True,,25.45,25.46
503016,24.35,166.5,fragile,True,,93.29,114.92
503017,16.13,261.3,books,False,,38.87,42.1
503018,18.26,78.9,standard,False,SAVE10,36.42,36.41
503019,4.73,105.2,food,True,,29.29,29.28
503020,7.95,228.0,food,False,SAVE10,23.14,23.15
503021,22.0,52.7,clothing,False,,46.64,46.62
503022,3.45,177.4,food,True,,37.82,37.84
503023,23.85,187.5,books,False,,47.54,52.3
503024,10.97,238.3,standard,False,SAVE10,30.47,30.49
503025,10.05,268.5,standard,False,SAVE10,30.17,30.18
503026,13.11,253.1,electronics,True,,82.3,82.3
503027,11.36,59.8,food,False,,23.44,23.43
503028,12.03,233.7,books,False,,30.93,33.33
503029,10.89,181.5,fragile,False,,37.39,37.37
503030,17.69,126.0,food,False,SAVE10,34.33,34.33
503031,7.27,18.8,clothing,True,,22.36,22.35
503032,4.58,179.3,food,False,,17.21,17.22
503033,11.15,131.2,standard,True,,46.98,46.98
503034,2.66,211.4,books,True,,40.97,41.48
503035,11.46,178.9,standard,False,,31.86,31.85
503036,12.61,46.4,food,False,SAVE10,22.52,22.53
503037,19.72,213.1,books,False,,42.21,46.16
503038,3.17,45.5,fragile,False,,10.52,10.52
503039,10.22,44.2,fragile,False,,28.78,28.79
503040,19.62,202.4,electronics,False,,68.98,68.98
503041,8.79,273.9,fragile,True,,68.94,101.33
503042,20.99,216.3,electronics,False,SAVE10,66.41,66.41
503043,18.1,283.1,books,True,,76.43,80.06
503044,1.52,48.1,standard,False,,5.44,5.46
503045,9.94,32.0,fragile,False,,27.44,27.43
503046,19.28,145.7,food,True,,61.56,61.55
503047,13.4,82.3,books,False,,25.56,28.23
503048,16.99,86.6,clothing,False,,38.31,38.32
503049,24.76,60.3,clothing,False,,52.54,52.52
503050,17.04,92.1,electronics,False,,55.72,55.74
503051,13.88,222.9,clothing,True,,66.2,66.21
503052,21.23,124.5,fragile,True,SAVE10,70.99,86.67
503053,11.04,152.2,books,False,SAVE10,22.75,24.73
503054,0.76,50.7,fragile,False,,4.51,4.52
503055,7.18,191.9,clothing,False,,23.96,23.96
503056,15.07,209.5,fragile,False,,49.66,49.67
503057,23.73,107.5,electronics,True,,92.32,92.31
503058,15.37,166.6,food,False,SAVE10,32.4,32.41
503059,7.45,79.7,clothing,False,SAVE10,17.0,16.99
503060,24.83,29.4,books,False,SAVE10,37.08,41.56
503061,10.3,53.4,books,True,,29.49,31.55
503062,6.08,6.6,standard,False,,12.49,12.51
503063,14.05,270.9,food,True,,70.93,70.93
503064,8.93,287.3,clothing,False,,32.22,32.22
503065,3.23,52.5,food,True,,18.69,18.69
503066,17.96,246.7,books,False,SAVE10,36.96,40.2
503067,17.44,175.5,books,True,,59.23,62.73
503068,24.32,231.0,fragile,False,,74.78,74.77
503069,3.85,182.6,standard,False,SAVE10,15.15,15.16
503070,22.81,156.0,books,True,,64.9,69.47
503071,20.03,113.4,books,False,SAVE10,33.95,37.55
503072,6.7,117.2,clothing,False,,19.26,19.27
503073,12.24,264.4,books,False,,32.8,35.24
503074,15.94,91.4,books,False,,30.07,33.27
503075,8.22,51.7,books,True,SAVE10,23.32,24.79
503076,3.14,297.6,food,True,,55.29,55.28
503077,21.01,89.3,clothing,False,,46.48,46.49
503078,4.54,35.4,books,False,SAVE10,8.13,8.93
503079,12.52,85.0,food,True,,40.29,40.28
503080,11.22,242.7,fragile,False,SAVE10,37.18,37.16
503081,22.62,236.9,clothing,False,,57.08,57.1
503082,14.19,267.3,electronics,False,,55.94,55.94
503083,10.9,270.4,electronics,False,,46.22,46.21
503084,24.43,299.3,books,False,SAVE10,48.65,53.03
503085,9.14,101.9,electronics,False,,32.52,32.51
503086,18.3,71.9,standard,False,,40.2,40.19
503087,6.23,284.2,books,False,,24.18,25.41
503088,19.05,275.4,books,False,,44.25,48.07
503089,18.91,158.6,standard,False,,45.75,45.77
503090,20.79,97.4,electronics,False,,67.24,67.23
503091,12.38,63.6,electronics,False,SAVE10,36.29,36.28
503092,5.94,293.9,food,False,SAVE10,22.85,22.85
503093,15.98,193.6,food,True,,62.8,62.79
503094,22.8,185.1,fragile,False,,68.54,68.52
503095,8.09,59.8,food,False,,17.55,17.57
503096,0.99,59.2,food,True,,15.66,15.68
503097,5.03,128.9,electronics,False,,21.54,21.54
503098,23.36,269.7,books,True,,82.83,87.52
503099,0.65,245.0,electronics,False,,14.2,14.22
503100,1.82,83.0,electronics,True,,22.91,22.91
503101,2.91,24.3,food,True,,13.88,13.9
503102,22.35,185.3,standard,False,,53.96,53.96
503103,9.89,222.9,food,False,SAVE10,26.05,26.07
503104,17.44,278.6,clothing,True,,81.67,81.66
503105,17.79,193.5,standard,True,,69.6,69.59
503106,11.13,79.9,clothing,False,SAVE10,23.63,23.65
503107,18.44,162.2,electronics,False,,63.43,63.45
503108,11.8,213.6,books,True,,55.92,58.26
503109,13.78,63.0,food,True,,39.25,39.24
503110,8.02,273.2,books,True,,58.81,60.41
503111,0.55,48.0,electronics,False,,4.05,4.04
503112,15.04,8.0,food,True,,33.27,33.27
503113,7.01,90.9,books,False,,15.76,17.17
503114,7.24,232.9,food,False,,24.68,24.69
503115,22.03,172.7,books,False,,43.88,48.27
503116,9.37,88.0,books,False,,19.39,21.25
503117,3.01,102.8,food,False,,10.56,10.57
503118,15.94,154.8,clothing,False,,39.62,39.62
503119,13.69,244.1,standard,True,SAVE10,62.1,62.09
503120,1.91,292.1,food,False,,18.04,18.03
503121,9.05,208.8,electronics,False,SAVE10,33.83,33.82
503122,15.47,46.7,books,False,,27.09,30.17
503123,7.35,262.1,books,False,,24.86,26.32
503124,24.66,245.5,electronics,False,,86.26,86.24
503125,20.07,214.2,fragile,True,,89.31,115.73
503126,12.85,246.2,electronics,True,,80.48,80.49
503127,22.93,9.9,clothing,False,,46.36,46.35
503128,1.35,205.8,books,True,,38.03,38.3
503129,6.0,149.0,food,True,,38.15,38.15
503130,22.91,298.3,standard,False,SAVE10,54.66,54.65
503131,12.96,285.0,books,True,,68.49,71.07
503132,4.67,144.1,electronics,False,,21.22,21.2
503133,14.47,252.2,books,True,,65.98,68.86
503134,18.39,220.1,fragile,True,,85.83,112.85
503135,15.28,224.4,clothing,False,,41.78,41.77
503136,1.62,109.3,electronics,False,,10.32,10.31
503137,1.4,220.7,books,False,,13.28,13.56
503138,10.47,14.8,clothing,True,,28.16,28.16
503139,0.9,14.6,electronics,False,SAVE10,3.09,3.09
503140,2.56,72.7,fragile,False,,10.29,10.3
503141,16.24,74.3,food,True,SAVE10,40.84,40.84
503142,11.24,9.0,clothing,False,SAVE10,20.64,20.63
503143,2.6,265.4,electronics,False,,21.07,21.09
503144,21.97,237.7,fragile,False,,69.01,69.0
503145,9.53,233.8,books,False,,26.94,28.85
503146,22.14,244.9,books,False,,47.67,52.08
503147,15.43,279.4,clothing,True,,77.77,77.78
503148,15.71,49.6,food,False,,30.76,30.74
503149,10.89,150.5,food,False,,27.13,27.14
503150,16.96,114.9,books,False,SAVE10,29.59,32.65
503151,6.47,117.1,food,True,,34.21,34.2
503152,6.81,200.8,clothing,False,,23.66,23.65
503153,21.94,111.5,clothing,False,,49.46,49.47
503154,5.49,280.2,clothing,False,SAVE10,22.49,22.49
503155,9.96,44.9,standard,False,,22.17,22.15
503156,18.75,57.2,food,False,,36.61,36.61
503157,8.59,264.9,standard,True,SAVE10,55.72,55.72
503158,9.47,80.5,standard,False,,22.97,22.95
503159,22.77,110.1,food,True,SAVE10,56.25,56.23
503160,5.56,139.0,food,False,,16.96,16.96
503161,6.41,219.2,electronics,True,,57.11,57.1
503162,22.22,272.8,food,False,SAVE10,48.27,48.27
503163,7.24,201.1,electronics,False,SAVE10,28.6,28.59
503164,8.6,72.7,fragile,False,,26.0,26.01
503165,22.11,256.0,books,False,SAVE10,43.36,47.34
503166,8.37,99.1,standard,False,,21.7,21.71
503167,24.93,29.6,food,True,,54.31,54.31
503168,20.62,15.2,clothing,False,,42.0,41.99
503169,21.24,251.1,fragile,True,,97.89,128.0
503170,6.03,160.1,electronics,True,,47.1,47.12
503171,5.82,76.3,clothing,True,SAVE10,25.28,25.29
503172,18.94,24.5,standard,False,,39.11,39.12
503173,20.75,291.6,electronics,False,,76.83,76.84
503174,6.0,239.0,books,False,,21.55,22.74
503175,5.55,227.4,books,True,SAVE10,43.19,44.2
503176,6.47,126.2,electronics,True,,43.34,43.33
503177,3.87,64.5,electronics,False,,14.84,14.84
503178,10.82,112.3,fragile,False,SAVE10,30.37,30.38
503179,12.82,199.4,food,False,,33.05,33.03
503180,15.89,189.8,food,False,,38.09,38.11
503181,1.86,37.1,food,False,SAVE10,4.68,4.7
503182,5.21,258.7,fragile,False,,26.48,26.5
503183,3.37,179.2,food,False,,15.03,15.04
503184,7.12,172.1,clothing,False,,22.84,22.85
503185,5.05,194.7,fragile,True,,47.34,71.79
503186,23.44,167.4,books,False,,45.87,50.55
503187,9.65,287.3,books,False,,29.81,31.73
503188,3.9,70.8,books,False,,9.78,10.57
503189,16.83,209.7,books,False,,37.41,40.77
503190,24.34,187.1,electronics,False,,82.38,82.37
503191,19.96,294.4,food,True,SAVE10,76.58,76.58
503192,16.38,204.5,clothing,True,,68.44,68.43
503193,9.76,71.7,books,False,,19.2,21.15
503194,10.38,115.8,food,False,SAVE10,22.03,22.01
503195,7.9,270.6,fragile,False,,34.07,34.07
503196,20.25,30.9,electronics,False,,62.3,62.31
503197,20.18,231.9,electronics,False,SAVE10,64.92,64.93
503198,12.49,156.5,standard,True,,53.46,53.45
503199,21.62,15.9,food,False,,39.71,39.72
503200,16.48,248.9,electronics,True,,91.78,91.79
503201,17.3,60.6,electronics,False,,54.93,54.95
503202,7.09,101.3,clothing,False,,19.24,19.24
503203,6.42,157.2,electronics,True,SAVE10,43.06,43.06
503204,6.08,99.7,electronics,True,SAVE10,34.38,34.37
503205,22.86,254.4,clothing,False,,58.44,58.46
503206,20.11,290.6,food,False,,50.73,50.71
503207,22.53,277.4,clothing,True,,91.67,91.69
503208,20.66,149.5,books,True,,60.48,64.6
503209,20.22,236.2,clothing,False,,52.25,52.25
503210,11.18,99.1,fragile,False,,34.02,34.03
503211,19.26,144.4,clothing,False,SAVE10,41.17,41.18
503212,4.58,156.1,clothing,False,,16.96,16.98
503213,16.57,132.5,clothing,False,,39.76,39.76
503214,1.55,62.4,clothing,True,,17.46,17.46
503215,24.16,271.2,books,False,,52.22,57.05
503216,22.05,197.4,books,True,,69.89,74.31
503217,4.54,108.9,clothing,False,,14.52,14.53
503218,19.33,95.5,fragile,False,,55.03,55.04
503219,20.68,39.0,electronics,True,,72.89,72.88
503220,1.53,144.0,food,True,,29.35,29.33
503221,14.37,103.6,fragile,False,,42.54,42.54
503222,10.79,269.9,clothing,False,,35.07,35.08
503223,15.66,39.4,standard,False,SAVE10,29.96,29.95
503224,22.22,66.1,fragile,False,,61.08,61.08
503225,18.21,197.1,electronics,False,,64.48,64.5
503226,5.67,87.5,books,False,,13.45,14.58
503227,14.09,105.6,clothing,True,SAVE10,44.12,44.11
503228,14.26,282.7,electronics,True,,90.18,90.2
503229,0.78,72.6,food,False,,5.03,5.04
503230,3.73,51.9,fragile,False,,12.29,12.28
503231,9.31,102.7,food,False,,21.89,21.91
503232,4.86,119.0,standard,False,SAVE10,14.1,14.1
503233,6.31,151.3,books,False,,17.66,18.92
503234,17.06,217.6,standard,True,,71.76,71.76
503235,24.05,47.4,books,False,,40.85,45.67
503236,11.72,60.5,electronics,False,,38.18,38.19
503237,16.33,274.4,fragile,True,,88.62,121.05
503238,19.15,205.8,standard,True,,74.17,74.18
503239,16.99,35.1,clothing,True,,44.24,44.24
503240,16.6,178.2,electronics,False,,58.71,58.73
503241,0.53,251.6,electronics,False,,14.17,14.17
503242,21.81,76.2,clothing,False,,47.43,47.41
503243,4.45,149.0,food,True,,35.36,35.37
503244,4.92,238.8,standard,True,,50.66,50.67
503245,12.99,86.5,standard,False,SAVE10,27.27,27.26
503246,14.88,214.8,books,False,,34.55,37.52
503247,19.01,126.0,food,True,SAVE10,52.31,52.3
503248,7.68,178.3,standard,False,,24.28,24.29
503249,23.66,188.8,standard,False,,56.76,56.76
503250,15.89,25.8,standard,False,,33.07,33.06
503251,21.18,200.1,books,True,,68.9,73.13
503252,12.19,239.0,books,False,,31.45,33.88
503253,2.24,60.1,food,False,,7.04,7.03
503254,0.8,28.1,standard,False,,3.01,3.0
503255,16.19,159.6,standard,False,,40.36,40.37
503256,10.94,154.9,books,True,,45.74,47.91
503257,11.29,138.5,books,False,,24.99,27.23
503258,8.49,265.0,electronics,True,,70.22,70.21
503259,4.87,23.5,electronics,False,,15.78,15.8
503260,12.11,191.3,food,False,,31.36,31.35
503261,6.74,254.3,food,False,SAVE10,22.36,22.36
503262,22.37,242.0,fragile,False,,70.26,70.24
503263,4.88,217.9,standard,False,,20.66,20.66
503264,24.21,64.9,food,False,,46.82,46.84
503265,21.58,67.0,food,False,,42.19,42.19
503266,9.9,129.4,books,True,SAVE10,36.22,38.02
503267,19.43,235.6,fragile,False,,62.3,62.29
503268,14.73,29.6,books,False,,25.05,28.0
503269,11.92,22.0,clothing,False,SAVE10,22.45,22.44
503270,20.39,269.8,fragile,False,SAVE10,59.85,59.84
503271,20.85,114.3,books,False,,39.08,43.26
503272,5.44,184.3,fragile,True,,46.79,70.24
503273,22.7,279.6,fragile,False,,73.0,72.98
503274,1.29,32.6,electronics,False,SAVE10,4.95,4.95
503275,0.64,123.0,fragile,False,SAVE10,7.03,7.03
503276,12.35,251.9,clothing,False,,37.3,37.3
503277,7.88,59.4,electronics,True,SAVE10,33.8,33.78
503278,10.86,268.5,fragile,True,,73.51,105.36
503279,12.24,216.6,standard,False,,35.31,35.32
503280,11.97,120.0,books,False,,25.15,27.54
503281,22.74,244.5,books,False,SAVE10,43.75,47.85
503282,23.0,131.6,food,False,,47.98,47.97
503283,8.98,259.9,standard,False,,30.96,30.95
503284,7.55,299.0,standard,False,SAVE10,27.04,27.05
503285,16.52,178.5,fragile,True,,74.73,97.58
503286,5.36,203.7,standard,False,,20.9,20.91
503287,10.31,65.6,food,False,,21.84,21.84
503288,18.09,53.6,standard,False,SAVE10,34.97,34.96
503289,0.64,123.4,clothing,False,,7.45,7.45
503290,19.41,89.0,standard,False,,43.27,43.26
503291,18.48,141.8,electronics,True,,81.71,81.7
503292,9.99,57.5,standard,False,SAVE10,20.57,20.57
503293,6.57,202.1,electronics,False,SAVE10,26.83,26.85
503294,13.73,164.3,electronics,False,,49.4,49.39
503295,7.74,58.7,electronics,True,,37.03,37.04
503296,20.62,28.8,fragile,False,,55.05,55.05
503297,14.97,177.1,standard,False,,38.8,38.78
503298,8.01,295.3,clothing,False,SAVE10,27.71,27.72
503299,20.29,288.6,books,False,,46.89,50.95
503300,15.39,298.5,electronics,False,,61.1,61.08
503301,3.73,129.1,electronics,False,,17.64,17.64
503302,10.64,272.6,fragile,False,,41.29,41.29
503303,12.5,34.8,standard,False,SAVE10,24.07,24.06
503304,23.65,5.0,food,True,,48.32,48.32
503305,8.36,38.7,standard,False,,18.65,18.67
503306,11.49,10.2,books,False,,18.89,21.2
503307,24.43,39.6,food,False,,45.95,45.95
503308,10.94,148.3,fragile,False,,35.86,35.87
503309,20.76,251.9,clothing,False,,54.12,54.13
503310,2.88,222.0,books,False,SAVE10,14.14,14.65
503311,10.15,161.3,standard,False,,28.36,28.35
503312,5.0,23.7,books,True,SAVE10,14.9,15.8
503313,22.16,195.6,fragile,False,,67.4,67.41
503314,14.04,190.6,electronics,False,,51.65,51.64
503315,5.85,243.6,clothing,False,,23.88,23.88
503316,2.76,166.0,books,True,,34.32,34.85
503317,10.81,104.1,food,False,,24.66,24.67
503318,2.86,89.7,food,False,SAVE10,8.67,8.67
503319,12.39,149.8,food,False,SAVE10,26.81,26.82
503320,18.36,85.4,fragile,False,,52.01,51.99
503321,8.1,292.2,books,True,,61.79,63.39
503322,4.6,33.0,food,False,SAVE10,8.94,8.92
503323,9.36,202.4,food,True,,52.21,52.21
503324,4.57,121.8,clothing,False,,15.23,15.22
503325,21.17,124.8,clothing,True,,66.06,66.05
503326,2.86,161.7,clothing,True,,34.97,34.97
503327,18.65,98.6,food,False,,38.5,38.49
503328,8.68,218.3,standard,False,SAVE10,25.45,25.46
503329,18.35,185.3,standard,False,SAVE10,41.37,41.37
503330,19.39,146.9,fragile,False,,57.76,57.74
503331,3.81,133.6,electronics,False,,18.11,18.12
503332,19.03,173.0,standard,False,,46.71,46.69
503333,23.67,220.7,fragile,False,,72.58,72.59
503334,14.39,55.2,food,False,,28.66,28.65
503335,16.3,45.3,electronics,True,,60.7,60.68
503336,8.4,51.5,clothing,True,,29.52,29.52
503337,4.77,120.6,books,False,,13.66,14.62
503338,18.74,158.0,electronics,False,,64.12,64.13
503339,20.6,131.4,clothing,False,,47.77,47.77
503340,5.55,232.7,clothing,True,,51.0,51.02
503341,3.28,198.0,food,False,,15.8,15.82
503342,9.13,199.3,standard,False,,28.22,28.23
503343,15.84,159.8,books,False,,33.33,36.48
503344,9.44,291.9,fragile,False,,39.14,39.14
503345,24.12,13.2,food,False,,44.08,44.08
503346,19.89,144.0,standard,False,,46.98,46.97
503347,22.95,110.5,clothing,False,,51.42,51.44
503348,15.19,297.3,fragile,False,,54.36,54.36
503349,19.02,97.2,electronics,False,,61.92,61.9
503350,23.8,126.8,clothing,True,SAVE10,64.46,64.47
503351,1.37,226.6,food,False,,13.8,13.78
503352,14.59,129.9,standard,True,,53.66,53.67
503353,5.08,49.6,books,False,,10.61,11.61
503354,19.98,70.0,electronics,False,SAVE10,57.1,57.08
503355,6.2,157.0,books,False,,17.77,19.0
503356,18.67,116.3,electronics,False,SAVE10,55.64,55.66
503357,8.65,175.3,standard,False,,26.06,26.08
503358,16.46,76.0,electronics,False,,53.18,53.19
503359,17.13,293.4,fragile,False,,59.21,59.22
503360,22.77,103.6,food,False,,46.17,46.16
503361,21.87,116.1,electronics,False,,71.41,71.43
503362,11.23,187.1,fragile,False,,38.55,38.56
503363,17.38,253.8,electronics,False,,64.83,64.83
503364,4.97,259.6,books,True,,51.89,52.87
503365,2.9,166.4,standard,False,SAVE10,12.71,12.72
503366,17.99,257.5,electronics,True,SAVE10,87.84,87.82
503367,22.72,199.5,food,False,,50.87,50.88
503368,18.79,106.1,food,True,,54.74,54.73
503369,13.16,148.3,standard,True,,53.56,53.55
503370,15.92,101.9,standard,False,,36.94,36.95
503371,18.39,237.9,fragile,True,,88.5,117.28
503372,14.45,177.2,fragile,False,,46.43,46.43
503373,9.4,160.1,food,False,SAVE10,22.43,22.43
503374,21.34,104.4,standard,True,,63.34,63.33
503375,9.55,222.2,fragile,True,,63.16,90.37
503376,22.64,82.7,electronics,False,,72.06,72.04
503377,20.09,96.5,clothing,True,,59.66,59.65
503378,19.93,6.4,books,False,SAVE10,28.99,32.59
503379,20.93,37.3,books,True,,44.08,48.28
503380,24.68,101.2,fragile,False,,69.23,69.21
503381,24.75,100.9,food,False,SAVE10,44.64,44.64
503382,12.78,130.8,electronics,False,,44.88,44.87
503383,9.74,197.3,clothing,False,,29.35,29.35
503384,18.46,84.0,fragile,True,,65.6,78.98
503385,24.21,55.0,standard,False,SAVE10,46.05,46.05
503386,15.94,189.4,food,True,,62.1,62.09
503387,1.13,216.1,clothing,False,,13.06,13.08
503388,1.44,273.9,standard,False,,16.58,16.59
503389,11.87,152.7,books,True,,46.9,49.29
503390,19.8,22.5,standard,True,,47.98,47.96
503391,22.24,104.9,fragile,False,,63.07,63.09
503392,9.69,206.2,clothing,False,,29.69,29.7
503393,13.17,122.9,electronics,False,,45.66,45.67
503394,13.07,47.0,standard,True,,38.19,38.21
503395,2.82,286.5,electronics,False,SAVE10,20.51,20.52
503396,0.52,255.0,electronics,False,,14.31,14.3
503397,13.33,81.1,electronics,True,SAVE10,51.44,51.43
503398,12.85,42.2,standard,False,SAVE10,25.03,25.03
503399,21.66,146.2,electronics,False,SAVE10,65.06,65.06
503400,4.95,77.8,electronics,False,,18.74,18.72
503401,21.39,155.0,food,False,SAVE10,41.63,41.63
503402,7.15,222.7,clothing,False,,25.44,25.45
503403,13.71,89.0,standard,False,,31.87,31.86
503404,17.82,115.2,standard,False,,41.4,41.41
503405,4.06,187.5,standard,True,,41.24,41.25
503406,23.69,161.5,books,False,,45.98,50.71
503407,23.97,9.4,standard,False,,48.41,48.4
503408,24.26,102.0,clothing,True,,68.82,68.82
503409,0.55,44.2,standard,False,,3.31,3.33
503410,16.26,258.5,electronics,False,,61.7,61.71
503411,16.94,141.9,clothing,True,,60.17,60.18
503412,22.06,238.8,food,False,,51.65,51.66
503413,5.44,83.6,fragile,False,SAVE10,16.49,16.48
503414,3.54,22.4,standard,False,,8.2,8.19
503415,20.33,267.4,books,True,SAVE10,69.87,73.54
503416,6.91,265.3,electronics,False,,34.0,33.99
503417,2.12,174.4,standard,False,,12.96,12.94
503418,2.75,43.5,standard,False,SAVE10,6.91,6.89
503419,16.31,24.7,books,False,,27.33,30.6
503420,13.63,202.0,fragile,False,,45.54,45.54
503421,18.82,160.9,books,False,,38.16,41.92
503422,20.27,106.1,clothing,False,,45.84,45.85
503423,0.57,174.6,food,False,,9.76,9.74
503424,23.36,20.5,standard,False,SAVE10,42.97,42.96
503425,22.05,66.3,clothing,False,,47.42,47.4
503426,23.36,293.0,food,False,SAVE10,51.03,51.05
503427,19.33,136.7,food,False,,41.63,41.62
503428,9.9,134.0,books,True,,40.94,42.91
503429,6.58,294.5,books,False,,25.25,26.58
503430,22.86,137.1,books,False,SAVE10,39.09,43.19
503431,10.8,18.7,electronics,False,,33.34,33.34
503432,12.45,203.2,fragile,True,,67.85,93.16
503433,17.61,155.2,books,False,,35.94,39.47
503434,17.37,80.4,electronics,False,,56.13,56.13
503435,17.49,158.8,electronics,True,,81.29,81.3
503436,15.78,90.8,fragile,True,,59.65,73.73
503437,12.96,214.0,standard,False,,36.62,36.62
503438,19.29,293.1,fragile,True,SAVE10,89.21,120.07
503439,10.2,24.7,books,False,,17.56,19.6
503440,6.93,224.8,fragile,True,SAVE10,51.06,75.78
503441,22.77,259.9,standard,False,,58.54,58.54
503442,21.23,212.5,electronics,False,SAVE10,66.88,66.9
503443,18.09,170.4,fragile,False,,55.55,55.55
503444,4.62,89.2,standard,False,,13.7,13.68
503445,1.62,119.2,books,True,,25.47,25.78
503446,23.1,46.0,electronics,False,,71.6,71.6
503447,23.6,22.5,clothing,False,,48.32,48.33
503448,7.17,211.7,clothing,False,,24.92,24.93
503449,15.92,37.9,fragile,True,SAVE10,46.87,54.79
503450,0.95,19.7,books,True,SAVE10,8.53,8.68
503451,10.14,77.7,books,False,,20.11,22.14
503452,17.75,8.2,fragile,False,,46.56,46.56
503453,9.35,181.7,books,False,,24.04,25.92
503454,20.27,159.4,clothing,True,,69.45,69.44
503455,22.86,134.4,clothing,True,,70.88,70.88
503456,3.86,28.0,fragile,False,,11.44,11.42
503457,17.36,157.0,clothing,False,,42.57,42.56
503458,9.71,208.3,clothing,False,,29.84,29.84
503459,4.77,104.7,clothing,False,,14.77,14.79
503460,9.06,84.7,electronics,True,SAVE10,40.4,40.42
503461,12.3,129.4,clothing,True,,49.01,49.02
503462,22.45,87.6,food,False,,44.79,44.81
503463,19.25,116.9,food,False,,40.49,40.51
503464,0.63,174.8,electronics,True,,33.11,33.12
503465,1.88,17.5,food,False,,4.26,4.27
503466,24.85,89.9,electronics,True,,93.04,93.04
503467,14.14,39.5,clothing,False,SAVE10,27.23,27.23
503468,15.45,72.8,clothing,False,,34.54,34.56
503469,9.14,243.8,standard,False,SAVE10,27.42,27.44
503470,20.87,119.8,standard,False,,47.73,47.72
503471,14.15,138.4,food,True,SAVE10,46.11,46.12
503472,15.02,94.4,food,False,,31.76,31.74
503473,6.61,285.6,electronics,False,,34.11,34.1
503474,19.53,261.1,books,True,,75.41,79.31
503475,5.75,22.2,standard,False,SAVE10,11.35,11.33
503476,3.86,80.4,fragile,True,,27.1,40.14
503477,15.14,131.3,standard,False,SAVE10,33.16,33.16
503478,20.89,229.3,books,False,,44.89,49.06
503479,7.68,98.8,fragile,True,,39.79,54.66
503480,7.9,58.7,standard,False,SAVE10,16.86,16.86
503481,4.16,46.7,clothing,True,,20.33,20.31
503482,15.28,254.4,standard,False,,43.28,43.3
503483,19.38,121.1,clothing,True,,61.92,61.91
503484,3.58,103.0,books,False,,10.88,11.59
503485,13.61,132.7,clothing,True,SAVE10,46.91,46.92
503486,13.72,297.0,electronics,True,,90.71,90.71
503487,3.12,212.0,fragile,True,,44.91,71.12
503488,13.49,73.8,books,False,,25.27,27.97
503489,7.16,62.0,fragile,True,,32.92,44.11
503490,5.38,39.5,fragile,False,,15.96,15.95
503491,24.65,272.5,fragile,False,,77.72,77.72
503492,2.71,138.3,standard,True,,31.17,31.15
503493,8.91,211.1,books,True,,50.92,52.72
503494,15.66,263.9,fragile,True,SAVE10,76.77,105.04
503495,10.42,24.0,food,True,,27.36,27.37
503496,0.94,67.5,food,False,,5.07,5.06
503497,21.72,126.4,fragile,True,,80.43,98.06
503498,6.36,230.2,food,False,,22.96,22.95
503499,10.6,134.3,standard,True,SAVE10,41.71,41.7
503500,22.76,94.7,food,True,,60.17,60.17
503501,24.25,26.2,standard,True,,57.43,57.41
503502,22.91,128.5,books,False,,43.08,47.66
503503,10.57,61.1,standard,False,,24.2,24.2
503504,18.73,289.0,electronics,False,,70.64,70.63
503505,21.29,262.4,books,True,,78.42,82.66
503506,5.33,124.9,fragile,False,,20.1,20.1
503507,24.25,30.1,fragile,False,,64.56,64.56
503508,2.98,117.0,clothing,False,,11.81,11.82
503509,16.61,292.5,clothing,True,,82.1,82.11
503510,6.36,192.1,standard,False,,22.33,22.31
503511,5.77,148.9,standard,True,,38.88,38.88
503512,3.86,121.3,fragile,False,,16.1,16.11
503513,23.58,63.4,standard,False,,50.33,50.34
503514,3.64,47.2,fragile,False,,11.82,11.84
503515,22.86,129.4,clothing,False,,52.19,52.18
503516,4.56,291.8,clothing,False,,23.71,23.69
503517,8.57,283.6,food,False,SAVE10,26.65,26.65
503518,5.68,258.4,clothing,False,,24.28,24.3
503519,24.7,106.3,clothing,False,SAVE10,49.24,49.23
503520,2.78,178.9,fragile,False,,16.17,16.19
503521,21.6,58.9,fragile,False,,59.1,59.12
503522,7.86,79.2,food,True,,31.03,31.03
503523,23.83,57.1,food,False,,45.75,45.76
503524,18.88,115.3,food,False,,39.75,39.74
503525,6.96,21.1,electronics,False,,21.94,21.94
503526,12.99,258.2,fragile,False,,46.68,46.67
503527,4.45,278.4,fragile,False,,25.49,25.48
503528,10.48,63.5,fragile,True,,41.77,53.13
503529,1.14,102.3,food,False,,7.17,7.17
503530,17.2,69.9,clothing,True,,49.88,49.89
503531,15.04,209.2,books,False,,34.52,37.54
503532,7.16,296.0,fragile,True,,68.02,102.61
503533,0.83,279.1,books,False,,15.28,15.43
503534,23.51,19.0,books,True,,45.47,50.18
503535,3.56,279.4,electronics,True,,57.59,57.58
503536,8.53,141.3,standard,False,,24.12,24.11
503537,1.12,50.4,electronics,False,,5.88,5.9
503538,9.89,95.1,books,False,SAVE10,18.52,20.29
503539,10.34,158.2,electronics,False,,38.93,38.91
503540,13.57,115.4,clothing,True,,49.45,49.44
503541,8.43,182.0,electronics,False,,34.39,34.38
503542,6.62,30.3,electronics,False,,21.38,21.36
503543,19.75,187.3,books,False,SAVE10,36.87,40.44
503544,7.33,105.1,books,False,,16.98,18.44
503545,8.64,255.2,books,True,,57.1,58.82
503546,12.53,183.5,standard,False,,34.24,34.24
503547,7.21,21.4,food,False,,14.05,14.06
503548,18.3,294.5,food,False,,47.67,47.66
503549,2.56,67.3,books,True,,19.19,19.7
503550,8.42,172.1,electronics,False,SAVE10,30.48,30.46
503551,10.81,120.4,electronics,True,,55.49,55.48
503552,6.82,174.3,books,False,,19.63,21.0
503553,21.08,45.9,food,False,,40.24,40.23
503554,9.18,80.8,books,False,,18.73,20.55
503555,10.81,73.0,standard,False,SAVE10,22.74,22.75
503556,11.99,128.2,clothing,False,,30.39,30.39
503557,20.84,114.1,books,True,,55.46,59.63
503558,5.86,122.0,books,False,,15.48,16.63
503559,20.81,121.3,standard,True,,64.82,64.81
503560,23.74,116.2,electronics,True,,93.65,93.66
503561,7.02,244.0,electronics,True,SAVE10,56.39,56.4
503562,4.65,141.9,food,True,,34.66,34.64
503563,19.82,184.2,standard,False,,48.85,48.86
503564,8.16,172.0,standard,False,,24.92,24.91
503565,6.07,168.2,electronics,False,SAVE10,23.96,23.98
503566,2.41,267.2,electronics,False,,20.59,20.59
503567,15.54,284.7,clothing,False,,45.32,45.31
503568,23.46,15.2,standard,False,,47.68,47.68
503569,22.09,124.4,fragile,True,SAVE10,72.98,88.69
503570,14.93,296.8,food,False,SAVE10,37.54,37.54
503571,11.25,66.2,books,True,,32.93,35.2
503572,24.42,154.0,food,False,,51.66,51.67
503573,16.68,114.0,books,False,,32.39,35.73
503574,23.93,184.2,standard,True,,80.49,80.51
503575,17.36,234.6,fragile,False,,56.87,56.88
503576,17.57,196.1,clothing,True,,69.56,69.56
503577,17.68,74.7,standard,False,,39.1,39.08
503578,3.58,192.5,books,False,,15.35,16.08
503579,6.69,217.2,fragile,False,SAVE10,25.43,25.44
503580,2.11,39.0,fragile,False,,7.44,7.45
503581,23.35,187.9,books,True,SAVE10,63.49,67.71
503582,24.87,13.0,clothing,False,,50.39,50.41
503583,15.32,126.6,standard,False,SAVE10,33.27,33.29
503584,4.32,107.4,fragile,False,,16.6,16.59
503585,3.55,50.3,books,False,,8.2,8.9
503586,11.43,202.5,standard,False,,32.98,32.99
503587,10.07,206.3,clothing,False,,30.46,30.44
503588,5.29,196.7,books,True,,42.97,44.02
503589,2.69,197.7,food,True,SAVE10,35.55,35.55
503590,16.36,214.6,fragile,False,,53.27,53.27
503591,19.91,167.9,clothing,True,,70.01,70.01
503592,2.05,290.2,books,False,SAVE10,16.01,16.4
503593,8.08,181.2,clothing,True,,48.34,48.35
503594,7.86,163.3,fragile,False,,28.6,28.6
503595,13.78,230.0,books,False,,33.55,36.32
503596,15.31,79.4,electronics,True,,62.84,62.85
503597,10.56,286.8,clothing,True,,69.14,69.15
503598,21.72,185.6,electronics,False,,74.44,74.43
503599,10.07,107.3,clothing,True,SAVE10,37.11,37.11
503600,7.93,86.8,electronics,False,SAVE10,25.32,25.32
503601,19.28,107.6,standard,True,SAVE10,53.73,53.71
503602,21.13,297.5,clothing,False,,57.14,57.15
503603,22.0,102.5,electronics,False,SAVE10,64.01,64.03
503604,4.65,42.6,standard,False,,11.43,11.41
503605,5.33,261.7,standard,True,SAVE10,49.42,49.41
503606,11.83,55.6,books,False,SAVE10,19.54,21.66
503607,24.21,106.0,fragile,True,,83.85,99.46
503608,15.7,104.1,standard,True,,52.02,52.03
503609,15.77,53.4,clothing,False,SAVE10,30.79,30.8
503610,8.5,59.1,fragile,False,,25.06,25.06
503611,24.77,255.8,fragile,False,SAVE10,69.47,69.49
503612,4.97,283.9,electronics,False,,29.1,29.11
503613,14.2,8.5,standard,False,SAVE10,25.94,25.93
503614,17.04,121.4,electronics,False,,57.19,57.18
503615,20.34,258.9,books,True,SAVE10,68.74,72.41
503616,20.43,90.8,electronics,True,,79.91,79.92
503617,9.97,12.1,food,False,,18.55,18.57
503618,7.14,260.7,books,False,SAVE10,22.01,23.31
503619,24.5,230.5,electronics,False,SAVE10,76.52,76.52
503620,14.05,14.7,electronics,False,SAVE10,38.6,38.6
503621,7.41,225.1,books,False,SAVE10,20.8,22.14
503622,3.89,130.7,standard,True,,32.39,32.39
503623,20.18,184.1,food,False,SAVE10,40.98,40.99
503624,21.29,51.6,standard,True,,55.32,55.3
503625,14.46,104.5,food,True,SAVE10,42.03,42.04
503626,9.91,287.1,books,True,,63.92,65.89
503627,16.66,137.0,fragile,False,,50.17,50.17
503628,24.51,120.3,food,False,SAVE10,45.12,45.12
503629,14.67,258.0,standard,False,,42.24,42.26
503630,19.78,183.3,standard,False,,48.72,48.71
503631,22.11,152.0,electronics,False,SAVE10,66.54,66.53
503632,19.04,18.6,food,False,,35.2,35.21
503633,12.42,213.6,fragile,False,,42.97,42.97
503634,4.87,83.3,standard,True,SAVE10,24.51,24.5
503635,17.57,99.1,food,False,,36.58,36.59
503636,20.87,77.7,food,False,SAVE10,37.31,37.29
503637,24.09,125.5,clothing,False,,54.46,54.44
503638,4.23,261.6,clothing,False,,21.54,21.52
503639,3.29,166.1,food,False,,14.23,14.23
503640,16.09,241.7,clothing,True,SAVE10,66.09,66.08
503641,20.76,285.5,food,True,SAVE10,76.67,76.65
503642,2.37,215.3,clothing,True,SAVE10,37.83,37.85
503643,15.54,46.0,standard,False,,33.38,33.4
503644,7.03,69.9,standard,False,,17.56,17.57
503645,24.98,14.2,clothing,False,,50.67,50.66
503646,9.35,251.4,standard,False,,31.27,31.27
503647,2.51,57.4,fragile,True,,20.14,30.89
503648,19.68,246.2,food,True,,77.35,77.36
503649,7.87,72.4,electronics,False,,27.23,27.23
503650,10.77,265.5,standard,False,,34.82,34.82
503651,3.7,25.5,books,False,,7.2,7.95
503652,8.61,231.1,clothing,True,,56.88,56.89
503653,3.77,277.9,food,False,,20.68,20.66
503654,6.81,145.8,electronics,False,,27.72,27.72
503655,14.68,100.9,food,True,,46.56,46.54
503656,7.82,180.5,clothing,True,,47.72,47.71
503657,16.85,281.7,clothing,False,,47.78,47.77
503658,22.58,41.6,standard,False,SAVE10,42.52,42.53
503659,14.62,203.4,food,False,SAVE10,32.84,32.83
503660,1.2,127.2,books,True,,26.0,26.25
503661,24.02,267.0,clothing,True,,93.09,93.09
503662,5.35,49.2,standard,False,,13.16,13.16
503663,8.98,231.3,electronics,True,SAVE10,59.97,59.96
503664,13.4,164.7,clothing,False,,35.03,35.05
503665,15.66,186.1,food,False,,37.49,37.48
503666,8.88,152.1,standard,False,,25.36,25.37
503667,11.29,121.9,standard,False,,28.67,28.66
503668,15.86,67.6,clothing,False,,35.1,35.11
503669,11.7,200.4,fragile,False,,40.44,40.45
503670,7.44,140.8,food,False,,20.43,20.42
503671,10.56,278.8,standard,True,SAVE10,61.15,61.16
503672,9.93,55.3,fragile,True,SAVE10,35.2,44.69
503673,7.65,27.0,standard,True,,24.35,24.37
503674,15.22,204.2,standard,False,,40.65,40.67
503675,13.05,242.8,clothing,True,SAVE10,60.77,60.76
503676,10.58,197.4,clothing,False,,31.03,31.02
503677,17.88,144.0,standard,False,,42.96,42.97
503678,20.41,31.1,electronics,False,,62.78,62.78
503679,16.4,27.9,clothing,True,,41.98,41.99
503680,8.86,134.5,clothing,False,,24.44,24.45
503681,23.45,270.1,electronics,True,SAVE10,104.28,104.26
503682,3.05,56.5,books,True,,18.36,18.96
503683,20.24,209.9,standard,True,,76.96,76.96
503684,10.82,231.7,fragile,False,,39.72,39.71
503685,10.22,244.1,books,False,SAVE10,25.7,27.55
503686,21.16,211.1,electronics,False,,74.04,74.02
503687,16.55,186.3,fragile,False,SAVE10,47.11,47.13
503688,24.36,209.3,electronics,True,,109.48,109.49
503689,22.01,147.7,fragile,True,,84.38,104.17
503690,3.35,163.7,clothing,False,,14.89,14.89
503691,12.83,267.3,electronics,False,,51.86,51.85
503692,19.31,243.5,fragile,False,,62.38,62.36
503693,2.52,31.9,standard,False,,6.64,6.65
503694,13.79,103.8,fragile,True,,56.42,71.79
503695,24.82,83.4,electronics,False,,78.63,78.63
503696,6.36,10.6,books,True,,16.77,18.03
503697,3.36,15.7,books,False,,6.16,6.84
503698,7.59,129.4,standard,False,,21.65,21.65
503699,8.94,71.0,standard,True,,33.53,33.54
503700,7.5,296.9,electronics,True,,72.04,72.02
503701,11.09,90.4,food,False,SAVE10,22.03,22.04
503702,20.92,93.9,electronics,False,,67.46,67.47
503703,13.18,12.0,clothing,False,SAVE10,24.26,24.28
503704,14.94,210.1,standard,False,SAVE10,36.35,36.33
503705,3.17,296.6,food,False,,20.54,20.53
503706,2.09,235.8,standard,False,,15.97,15.97
503707,23.8,257.9,food,False,,55.74,55.73
503708,9.0,20.4,electronics,False,,28.02,28.01
503709,23.71,35.8,electronics,False,,72.92,72.91
503710,8.72,91.3,electronics,False,,30.73,30.72
503711,16.17,127.7,standard,False,,38.72,38.73
503712,16.71,51.6,food,True,,42.82,42.82
503713,2.7,14.6,standard,False,,6.13,6.12
503714,2.24,157.3,standard,False,,12.35,12.36
503715,11.32,296.5,food,True,,69.85,69.85
503716,3.62,125.0,fragile,True,SAVE10,29.85,45.58
503717,7.75,57.9,books,False,,15.3,16.84
503718,5.3,74.8,fragile,False,,17.52,17.51
503719,8.17,55.7,fragile,False,,24.03,24.03
503720,11.67,10.7,books,False,,19.21,21.55
503721,8.13,196.7,standard,True,,50.76,50.75
503722,8.72,212.0,standard,False,,28.04,28.03
503723,12.41,291.1,books,True,,68.52,70.98
503724,17.23,120.1,food,False,SAVE10,33.32,33.3
503725,1.53,39.8,clothing,False,,5.05,5.04
503726,24.94,40.4,food,True,,55.95,55.96
503727,11.05,147.5,electronics,True,,60.28,60.26
503728,23.11,231.7,fragile,False,,71.67,71.67
503729,0.68,26.4,clothing,False,,2.68,2.68
503730,1.91,242.6,electronics,False,,17.86,17.86
503731,2.93,66.5,food,True,,20.25,20.24
503732,22.86,21.3,food,False,,42.21,42.2
503733,10.59,46.8,books,False,,19.28,21.42
503734,21.24,198.5,standard,False,,52.4,52.41
503735,17.52,20.4,clothing,False,,36.06,36.07
503736,2.65,163.8,fragile,False,,15.08,15.08
503737,9.36,285.6,fragile,False,,38.62,38.6
503738,8.62,133.2,electronics,False,,32.52,32.52
503739,11.6,283.5,books,False,,32.74,35.05
503740,18.97,76.3,clothing,False,SAVE10,37.58,37.57
503741,2.55,211.6,standard,False,,15.68,15.69
503742,23.2,288.0,books,False,,51.52,56.17
503743,12.18,82.7,food,False,SAVE10,23.45,23.45
503744,9.46,272.9,electronics,False,,42.03,42.01
503745,17.59,268.9,food,False,,45.11,45.11
503746,7.27,268.2,clothing,False,,27.95,27.96
503747,17.96,124.0,fragile,False,,52.9,52.89
503748,10.69,15.1,clothing,True,,28.64,28.65
503749,12.21,87.8,standard,False,,28.81,28.81
503750,5.13,122.5,electronics,True,,38.76,38.75
503751,5.48,97.6,food,False,,14.74,14.74
503752,21.6,207.2,fragile,False,SAVE10,59.87,59.88
503753,14.62,196.9,standard,False,,39.08,39.09
503754,10.85,69.0,books,False,,20.81,22.97
503755,19.49,145.6,clothing,False,,46.26,46.24
503756,22.85,258.1,electronics,True,SAVE10,101.04,101.03
503757,4.39,192.8,books,False,,16.66,17.54
503758,24.95,225.5,electronics,True,SAVE10,102.31,102.29
503759,0.85,249.5,food,False,SAVE10,12.6,12.6
503760,15.54,160.6,clothing,False,SAVE10,35.2,35.19
503761,6.96,217.7,clothing,True,,51.58,51.58
503762,6.68,169.6,food,False,,20.5,20.52
503763,12.62,64.7,electronics,False,SAVE10,36.99,36.99
503764,15.3,24.7,clothing,False,SAVE10,28.65,28.65
503765,11.2,160.2,food,False,,28.17,28.16
503766,17.99,242.5,standard,False,,48.1,48.09
503767,23.78,261.2,electronics,False,,84.4,84.39
503768,4.64,235.5,standard,False,,21.06,21.07
503769,6.32,137.6,standard,False,,19.52,19.52
503770,15.43,206.2,food,True,,63.7,63.7
503771,10.55,143.6,fragile,True,,53.97,73.35
503772,8.23,240.3,books,True,,54.21,55.88
503773,12.86,97.4,fragile,False,,38.31,38.31
503774,17.57,130.5,food,False,,38.15,38.14
503775,22.76,216.4,books,False,SAVE10,42.51,46.6
503776,23.55,266.5,electronics,False,SAVE10,75.58,75.59
503777,20.58,242.8,standard,False,,53.3,53.3
503778,8.99,45.0,books,False,,16.63,18.42
503779,22.15,45.1,books,False,,37.7,42.14
503780,17.89,71.5,books,False,,32.2,35.76
503781,4.78,90.8,standard,False,,14.1,14.1
503782,23.85,43.4,clothing,False,SAVE10,44.88,44.87
503783,6.56,283.6,food,True,,59.35,59.36
503784,17.21,155.2,books,False,,35.3,38.75
503785,17.52,18.2,clothing,True,SAVE10,38.49,38.5
503786,22.75,114.6,standard,False,,51.23,51.22
503787,16.83,143.4,fragile,False,,50.93,50.93
503788,24.59,224.5,electronics,False,,85.0,85.0
503789,1.96,236.7,standard,False,,15.76,15.77
503790,1.42,54.8,food,False,,5.3,5.29
503791,5.29,96.0,electronics,True,,35.27,35.27
503792,14.59,265.4,standard,False,,42.45,42.45
503793,10.89,133.7,standard,False,,28.46,28.47
503794,2.52,174.9,clothing,True,,36.28,36.26
503795,5.45,293.2,food,True,,58.79,58.79
503796,14.69,126.7,fragile,False,SAVE10,40.08,40.09
503797,10.36,28.0,electronics,True,,40.28,40.26
503798,19.2,161.4,books,True,,59.93,63.75
503799,11.94,65.7,food,False,SAVE10,22.3,22.3
503800,22.0,67.2,books,False,SAVE10,34.7,38.65
503801,19.09,97.0,clothing,False,,43.03,43.01
503802,12.61,122.6,electronics,False,,43.96,43.98
503803,9.27,55.7,fragile,False,SAVE10,24.2,24.21
503804,5.74,240.9,electronics,False,,29.26,29.28
503805,7.66,5.9,electronics,True,,28.86,28.86
503806,9.2,277.3,clothing,False,,32.26,32.26
503807,9.35,188.9,food,False,SAVE10,23.65,23.66
503808,4.89,74.2,standard,False,SAVE10,12.14,12.13
503809,12.09,7.1,books,False,,19.7,22.1
503810,3.24,75.3,electronics,False,,13.49,13.47
503811,21.78,276.8,electronics,False,,79.18,79.16
503812,13.98,107.1,fragile,True,,57.41,73.13
503813,2.83,108.3,standard,False,,11.08,11.09
503814,8.53,39.1,food,False,,17.31,17.29
503815,6.75,202.5,books,True,,46.18,47.52
503816,4.33,89.4,fragile,False,,15.73,15.73
503817,12.28,91.4,clothing,False,,29.13,29.15
503818,4.99,27.5,standard,True,,19.1,19.12
503819,4.22,48.4,food,False,,10.02,10.02
503820,17.71,52.6,books,True,,41.23,44.77
503821,11.02,296.1,books,False,SAVE10,29.19,31.18
503822,16.97,169.8,electronics,False,,59.4,59.41
503823,12.01,286.1,standard,True,,71.94,71.94
503824,12.85,94.9,standard,True,,44.94,44.94
503825,8.11,142.9,clothing,False,SAVE10,21.03,21.04
503826,10.94,270.8,standard,False,,35.42,35.41
503827,12.28,222.1,food,True,,60.42,60.42
503828,8.89,172.7,books,False,,22.86,24.63
503829,20.74,196.4,books,False,,43.0,47.16
503830,6.53,22.8,standard,False,SAVE10,12.78,12.76
503831,5.9,289.3,books,False,,23.9,25.1
503832,8.93,285.3,books,False,,28.55,30.33
503833,19.74,213.4,fragile,False,,61.99,61.99
503834,21.27,117.3,books,False,,39.9,44.17
503835,14.34,92.6,standard,False,SAVE10,29.98,29.96
503836,9.34,84.0,standard,False,SAVE10,20.59,20.59
503837,16.4,54.8,fragile,False,,45.38,45.37
503838,20.75,15.9,food,False,,38.15,38.16
503839,6.45,9.2,electronics,False,,19.81,19.82
503840,16.85,136.1,standard,False,,40.51,40.51
503841,17.89,141.7,food,True,,58.46,58.46
503842,10.06,77.4,clothing,False,,23.99,24.0
503843,4.05,143.6,food,False,SAVE10,13.02,13.03
503844,15.38,296.7,fragile,False,,54.82,54.82
503845,5.65,90.8,clothing,False,,15.84,15.83
503846,9.52,277.9,food,False,,31.03,31.03
503847,13.84,83.7,clothing,False,,31.86,31.85
503848,24.09,158.5,books,True,,67.32,72.13
503849,4.09,187.6,fragile,False,,20.01,20.0
503850,2.31,43.9,clothing,False,,6.82,6.83
503851,13.7,256.4,food,True,,68.12,68.1
503852,23.61,51.8,fragile,False,,63.98,63.97
503853,1.63,104.6,standard,True,SAVE10,21.56,21.54
503854,16.23,160.6,food,False,,37.24,37.26
503855,1.17,263.8,books,True,,46.44,46.68
503856,14.0,256.8,clothing,False,,40.84,40.85
503857,3.42,106.8,fragile,False,,14.23,14.23
503858,16.65,187.0,clothing,False,,42.65,42.63
503859,9.34,80.0,electronics,False,,32.02,32.03
503860,16.54,116.3,electronics,True,,72.06,72.07
503861,6.83,103.2,food,False,,17.45,17.47
503862,2.34,160.5,electronics,True,,36.1,36.1
503863,4.96,124.3,books,False,SAVE10,12.74,13.63
503864,7.21,296.0,clothing,True,,63.82,63.81
503865,4.54,105.4,fragile,False,,17.07,17.09
503866,5.36,258.5,food,True,SAVE10,48.08,48.09
503867,13.83,281.2,clothing,False,,41.72,41.72
503868,11.22,262.5,books,False,,31.08,33.33
503869,20.72,289.3,food,True,SAVE10,77.12,77.12
503870,12.69,253.9,electronics,True,,81.16,81.16
503871,13.72,128.7,standard,False,,33.88,33.89
503872,17.9,177.4,books,False,,37.51,41.09
503873,21.41,237.0,electronics,False,,76.08,76.09
503874,14.83,141.3,clothing,False,,36.72,36.71
503875,1.4,226.3,food,False,,13.84,13.83
503876,11.75,226.9,electronics,True,SAVE10,66.86,66.87
503877,1.29,187.3,electronics,False,,13.24,13.23
503878,15.32,67.7,fragile,False,,43.22,43.23
503879,2.09,111.0,clothing,False,,9.73,9.74
503880,13.72,259.6,books,True,,65.89,68.65
503881,4.17,110.0,books,False,,12.17,13.01
503882,21.46,168.6,clothing,False,,51.35,51.34
503883,2.81,56.4,electronics,False,,11.25,11.26
503884,16.66,155.2,fragile,True,,71.6,92.12
503885,17.74,273.6,standard,False,,49.16,49.17
503886,7.24,203.3,clothing,True,,49.98,49.97
503887,15.02,265.8,clothing,False,,43.33,43.31
503888,8.58,248.9,standard,True,,59.5,59.49
503889,6.84,130.4,electronics,True,,45.08,45.1
503890,6.86,47.2,food,True,SAVE10,21.99,22.0
503891,0.89,249.4,books,True,,43.83,44.01
503892,16.99,280.1,standard,False,,47.98,47.97
503893,2.26,201.7,standard,False,,14.6,14.6
503894,5.33,87.9,fragile,False,,18.25,18.24
503895,2.63,228.7,electronics,False,,19.32,19.32
503896,20.2,146.2,fragile,False,,59.83,59.81
503897,13.47,48.1,food,False,,26.65,26.63
503898,11.95,115.5,food,False,,27.28,27.27
503899,14.79,212.7,books,False,,34.3,37.25
503900,20.3,169.3,standard,False,,49.07,49.05
503901,15.79,166.3,books,False,,33.58,36.72
503902,13.08,67.0,electronics,True,,54.29,54.29
503903,8.17,145.5,food,True,,41.53,41.52
503904,13.16,65.6,books,True,,35.9,38.51
503905,24.69,182.8,fragile,False,SAVE10,66.0,66.01
503906,14.46,159.0,electronics,False,SAVE10,46.2,46.21
503907,12.19,19.0,standard,False,,25.33,25.33
503908,22.26,151.6,books,False,,43.2,47.64
503909,1.84,61.1,standard,False,,6.74,6.72
503910,2.05,225.8,clothing,False,,15.39,15.38
503911,19.84,277.7,electronics,False,,73.4,73.42
503912,23.58,188.2,standard,False,SAVE10,50.91,50.91
503913,1.75,191.2,electronics,True,,38.93,38.95
503914,1.09,52.1,books,False,,4.35,4.58
503915,0.74,67.9,clothing,True,,16.66,16.65
503916,14.64,34.1,food,False,,28.06,28.05
503917,3.88,258.7,electronics,True,,55.45,55.46
503918,14.25,289.6,clothing,False,SAVE10,38.68,38.68
503919,16.76,276.5,electronics,True,,96.76,96.75
503920,0.88,195.9,books,False,SAVE10,10.08,10.24
503921,21.82,204.8,clothing,False,,53.88,53.89
503922,6.69,188.0,standard,False,,22.78,22.76
503923,14.07,273.7,books,True,,68.57,71.4
503924,9.17,241.0,electronics,False,,39.56,39.54
503925,8.91,155.1,food,False,SAVE10,21.41,21.4
503926,10.38,149.6,clothing,False,,28.24,28.25
503927,0.59,235.3,electronics,False,SAVE10,12.18,12.2
503928,11.01,64.7,clothing,False,,25.26,25.26
503929,6.99,187.6,food,True,,45.72,45.74
503930,9.26,116.3,clothing,False,SAVE10,21.9,21.9
503931,4.49,200.5,standard,False,SAVE10,17.1,17.11
503932,8.7,117.2,standard,False,,23.26,23.27
503933,17.64,75.9,fragile,True,,62.25,74.85
503934,24.6,247.9,electronics,True,,115.99,116.0
503935,5.33,161.5,clothing,False,,18.74,18.75
503936,21.73,211.6,clothing,False,,54.04,54.03
503937,15.56,175.8,books,False,,33.69,36.78
503938,2.97,258.7,fragile,False,,20.66,20.67
503939,0.86,228.6,books,False,,12.81,12.97
503940,22.16,291.4,books,True,,84.17,88.61
503941,6.23,210.1,clothing,False,,22.97,22.98
503942,3.1,242.3,books,True,SAVE10,41.67,42.23
503943,16.56,264.0,clothing,True,,77.72,77.73
503944,17.81,201.4,fragile,True,,81.52,106.67
503945,22.43,292.7,food,False,,55.01,55.02
503946,12.76,44.8,food,False,,25.21,25.19
503947,8.14,48.2,food,True,,26.88,26.86
503948,8.3,150.3,books,True,,40.83,42.49
503949,5.52,223.9,clothing,False,SAVE10,20.01,20.03
503950,16.06,196.0,clothing,True,,66.52,66.52
503951,23.59,275.1,books,False,,51.5,56.23
503952,2.57,194.4,books,False,SAVE10,12.45,12.92
503953,9.97,109.6,clothing,True,,41.38,41.37
503954,9.12,78.9,fragile,True,,40.55,53.44
503955,2.46,295.3,standard,False,SAVE10,17.72,17.71
503956,15.07,194.9,books,True,SAVE10,52.51,55.23
503957,24.58,6.3,books,False,,39.64,44.54
503958,7.28,102.8,standard,False,,19.7,19.68
503959,18.31,144.0,food,True,,59.56,59.54
503960,22.56,130.0,clothing,False,,51.62,51.62
503961,7.13,291.7,books,False,SAVE10,23.39,24.68
503962,23.02,91.7,fragile,False,,64.44,64.42
503963,18.84,90.5,clothing,False,,42.2,42.2
503964,16.32,6.6,books,False,SAVE10,23.8,26.74
503965,5.26,216.4,fragile,True,SAVE10,46.02,70.0
503966,7.3,131.2,books,True,,36.36,37.82
503967,2.99,24.1,clothing,False,,7.18,7.18
503968,22.45,188.6,books,False,,45.35,49.83
503969,20.32,67.1,books,False,SAVE10,32.28,35.94
503970,2.62,57.0,clothing,True,,18.79,18.81
503971,13.51,243.9,electronics,False,,52.72,52.71
503972,5.72,8.7,standard,False,,11.88,11.88
503973,19.26,285.7,standard,True,SAVE10,77.74,77.74
503974,14.54,265.6,books,False,,36.54,39.46
503975,23.66,72.7,electronics,True,,86.88,86.88
503976,18.31,74.4,electronics,True,,71.09,71.1
503977,2.97,146.8,clothing,False,,13.28,13.28
503978,9.63,21.7,food,True,,25.59,25.58
503979,14.62,245.8,fragile,True,,79.88,109.45
503980,22.84,158.9,clothing,True,,74.52,74.5
503981,9.59,252.2,electronics,True,,71.6,71.6
503982,5.1,248.6,food,False,,21.61,21.6
503983,7.44,190.3,food,True,SAVE10,42.24,42.25
503984,6.58,219.4,clothing,False,,24.13,24.14
503985,4.29,298.0,electronics,True,,62.57,62.55
503986,8.93,92.3,electronics,False,SAVE10,28.26,28.27
503987,6.6,81.1,books,False,,14.62,15.93
503988,13.01,150.0,clothing,False,SAVE10,30.17,30.17
503989,22.41,56.5,books,False,,38.68,43.15
503990,23.88,200.1,standard,False,,57.76,57.75
503991,4.41,278.6,fragile,False,,25.4,25.41
503992,14.45,188.6,electronics,False,,52.78,52.78
503993,17.01,103.9,electronics,True,,71.62,71.61
503994,4.24,182.1,food,True,,39.95,39.96
503995,13.53,188.3,standard,False,,36.48,36.47
503996,5.4,13.7,books,False,,9.33,10.41
503997,9.42,222.5,fragile,False,SAVE10,32.06,32.05
503998,8.44,85.4,electronics,False,SAVE10,26.63,26.62
503999,20.47,92.5,fragile,False,,57.85,57.87
504000,6.24,32.3,fragile,True,,26.07,34.3
504001,13.73,238.4,standard,True,SAVE10,61.4,61.41
504002,14.85,228.0,electronics,True,,83.75,83.76
504003,8.58,68.5,fragile,False,SAVE10,23.16,23.14
504004,23.27,126.1,books,False,,43.54,48.19
504005,8.64,223.2,food,False,,26.71,26.72
504006,8.49,146.1,clothing,True,SAVE10,39.51,39.52
504007,17.47,195.4,electronics,False,,62.18,62.16
504008,12.45,135.2,books,True,,45.2,47.71
504009,18.26,240.7,clothing,True,,77.62,77.63
504010,4.25,237.0,books,False,SAVE10,16.79,17.55
504011,4.13,221.0,food,False,,18.48,18.47
504012,18.53,41.3,food,False,,35.42,35.42
504013,10.02,150.8,books,False,SAVE10,21.21,23.01
504014,21.5,178.4,food,True,,70.46,70.47
504015,6.22,26.2,clothing,False,,13.75,13.75
504016,6.39,188.5,electronics,True,,52.44,52.43
504017,21.65,241.9,fragile,False,,68.39,68.39
504018,9.36,181.2,clothing,True,,50.9,50.91
504019,3.19,283.7,food,False,,19.93,19.93
504020,5.9,82.7,books,False,,13.58,14.75
504021,19.35,225.8,fragile,True,,89.18,116.77
504022,7.0,223.0,standard,False,SAVE10,22.64,22.65
504023,14.12,228.9,fragile,False,,48.16,48.16
504024,20.95,142.6,food,False,,44.84,44.85
504025,15.46,183.2,clothing,False,SAVE10,36.07,36.08
504026,18.94,248.3,standard,True,,80.12,80.12
504027,24.44,298.3,books,False,,54.02,58.92
504028,7.83,114.3,food,True,,36.24,36.24
504029,21.97,98.2,books,False,,40.06,44.44
504030,14.0,58.6,food,False,SAVE10,25.32,25.3
504031,5.43,84.1,food,True,SAVE10,24.65,24.66
504032,3.73,86.0,standard,True,,25.36,25.37
504033,8.53,112.6,electronics,False,,31.22,31.2
504034,3.87,91.4,clothing,False,,12.31,12.31
504035,19.41,50.6,standard,False,,41.35,41.37
504036,14.16,180.0,electronics,False,,51.48,51.47
504037,1.58,181.0,clothing,False,,12.21,12.23
504038,22.02,100.2,food,False,,44.65,44.63
504039,15.1,212.4,electronics,True,,82.16,82.16
504040,11.35,89.1,clothing,True,,41.06,41.06
504041,3.95,141.7,electronics,False,SAVE10,17.04,17.02
504042,12.01,38.4,food,False,,23.54,23.55
504043,22.97,25.1,clothing,False,,47.2,47.19
504044,14.82,175.9,standard,False,SAVE10,34.59,34.57
504045,11.75,244.4,books,False,,31.02,33.35
504046,15.4,294.4,standard,False,,45.52,45.5
504047,13.99,34.4,food,True,,35.34,35.35
504048,15.78,14.3,fragile,False,,41.74,41.73
504049,5.37,126.6,fragile,False,,20.29,20.29
504050,4.14,204.3,food,True,SAVE10,38.79,38.79
504051,0.81,273.6,electronics,False,,16.11,16.11
504052,20.88,127.4,clothing,False,,48.13,48.11
504053,0.58,164.0,fragile,False,SAVE10,8.74,8.74
504054,6.78,9.0,food,False,,12.65,12.66
504055,14.84,75.6,food,False,SAVE10,27.44,27.44
504056,12.75,272.3,books,True,,66.24,68.79
504057,22.59,90.6,electronics,True,,86.36,86.37
504058,5.72,266.5,fragile,False,,28.2,28.21
504059,3.29,64.6,clothing,False,,9.81,9.83
504060,4.43,68.2,clothing,False,,12.27,12.26
504061,12.7,108.0,books,False,SAVE10,23.15,25.44
504062,7.64,118.2,standard,True,SAVE10,34.21,34.19
504063,11.66,133.7,books,False,,25.34,27.66
504064,17.35,144.7,electronics,True,SAVE10,70.88,70.88
504065,8.37,187.1,electronics,True,,58.18,58.17
504066,16.8,92.6,books,False,SAVE10,28.36,31.4
504067,0.98,166.6,standard,False,,10.29,10.31
504068,13.88,169.9,food,False,,33.48,33.46
504069,22.73,225.9,electronics,True,SAVE10,96.37,96.39
504070,23.39,295.4,clothing,False,,61.55,61.55
504071,14.51,164.9,clothing,False,,37.26,37.28
504072,24.59,255.8,electronics,False,SAVE10,77.9,77.91
504073,6.27,261.8,standard,True,SAVE10,51.13,51.14
504074,7.79,172.4,food,False,,22.64,22.65
504075,11.48,288.3,food,False,,35.08,35.07
504076,12.97,34.5,fragile,False,,35.45,35.46
504077,20.58,93.4,food,True,,56.05,56.04
504078,11.46,225.6,standard,True,,61.76,61.76
504079,1.68,33.8,food,False,,4.71,4.7
504080,17.65,53.0,books,True,SAVE10,37.07,40.24
504081,5.96,28.1,food,False,SAVE10,10.92,10.92
504082,22.12,265.3,clothing,False,,57.5,57.51
504083,5.69,127.2,standard,True,,35.46,35.45
504084,7.75,79.8,standard,True,,32.47,32.48
504085,3.86,257.8,electronics,True,,55.25,55.25
504086,7.91,208.1,books,False,,23.06,24.63
504087,15.22,78.5,fragile,False,,43.5,43.49
504088,7.05,65.3,standard,False,,17.36,17.36
504089,1.69,219.3,electronics,False,,16.04,16.02
504090,14.87,290.6,standard,True,SAVE10,70.5,70.51
504091,18.51,68.7,clothing,False,SAVE10,36.41,36.39
504092,3.17,6.1,food,False,,6.01,6.01
504093,10.89,277.3,electronics,True,SAVE10,71.34,71.36
504094,2.17,201.0,standard,True,SAVE10,35.54,35.53
504095,0.91,48.5,clothing,True,,14.1,14.09
504096,9.68,59.5,food,False,,20.4,20.39
504097,7.52,89.1,electronics,True,,40.92,40.94
504098,21.94,61.8,clothing,False,,46.97,46.98
504099,0.83,243.6,electronics,False,,14.67,14.65
504100,16.34,294.2,electronics,True,SAVE10,88.34,88.34
504101,18.47,130.8,clothing,False,SAVE10,39.13,39.15
504102,10.72,76.5,fragile,True,,44.35,56.99
504103,12.77,90.6,standard,False,,30.07,30.07
504104,6.55,275.8,clothing,False,,26.89,26.9
504105,6.68,202.4,fragile,False,,27.49,27.49
504106,1.8,275.5,clothing,False,,17.38,17.38
504107,22.69,228.5,food,False,,52.27,52.26
504108,1.2,82.8,standard,True,,19.82,19.81
504109,3.86,72.7,food,True,,22.85,22.85
504110,18.24,239.0,standard,False,,48.43,48.45
504111,11.71,268.7,books,False,,32.17,34.53
504112,13.04,32.7,books,False,,22.5,25.09
504113,7.71,82.2,electronics,True,,40.46,40.44
504114,4.45,100.1,books,False,,12.12,13.02
504115,20.08,211.1,standard,False,,50.72,50.71
504116,3.53,70.8,standard,False,,10.6,10.6
504117,7.75,146.7,food,True,,40.96,40.97
504118,18.92,153.0,electronics,False,,64.41,64.39
504119,7.8,263.5,food,True,,58.56,58.55
504120,23.81,13.1,clothing,False,,48.28,48.28
504121,4.79,151.4,food,True,,36.33,36.32
504122,13.43,153.8,food,False,SAVE10,28.68,28.69
504123,13.68,120.0,electronics,False,,47.04,47.06
504124,12.76,30.8,fragile,False,,34.72,34.7
504125,19.47,123.4,books,True,SAVE10,49.2,52.72
504126,1.63,217.3,clothing,True,SAVE10,36.77,36.78
504127,13.87,296.0,fragile,False,SAVE10,45.78,45.79
504128,19.85,288.1,electronics,False,,73.96,73.95
504129,1.74,274.9,electronics,True,SAVE10,46.31,46.32
504130,13.88,265.2,fragile,True,,80.87,112.41
504131,11.3,25.4,fragile,False,,30.65,30.65
504132,10.41,273.0,food,False,,32.39,32.37
504133,13.67,77.3,electronics,True,,57.6,57.62
504134,15.81,252.3,fragile,False,,53.72,53.74
504135,17.74,224.5,clothing,True,SAVE10,66.74,66.72
504136,22.51,250.5,clothing,False,,57.54,57.56
504137,16.59,148.4,fragile,False,,50.55,50.57
504138,24.97,130.3,standard,True,,74.48,74.47
504139,16.79,181.8,fragile,False,,52.74,52.73
504140,7.09,259.4,electronics,False,SAVE10,30.82,30.83
504141,4.11,196.1,books,True,,40.99,41.81
504142,2.24,146.4,fragile,False,SAVE10,11.83,11.82
504143,7.07,59.8,fragile,False,,21.37,21.38
504144,3.42,166.5,standard,False,SAVE10,13.65,13.65
504145,17.24,295.9,clothing,False,SAVE10,44.35,44.36
504146,17.39,75.7,electronics,False,SAVE10,50.36,50.36
504147,15.5,232.9,food,False,,39.54,39.53
504148,9.88,241.7,fragile,True,SAVE10,60.25,86.52
504149,11.87,287.3,fragile,False,,45.23,45.22
504150,6.86,242.9,standard,False,,25.86,25.85
504151,23.01,190.7,fragile,True,SAVE10,84.09,105.75
504152,0.89,151.2,electronics,False,,10.23,10.22
504153,8.35,133.1,clothing,False,,23.36,23.34
504154,14.53,188.7,fragile,False,,47.21,47.21
504155,4.93,72.1,electronics,False,,18.4,18.4
504156,21.43,102.0,electronics,False,,69.39,69.4
504157,12.27,263.6,books,False,,32.81,35.28
504158,9.58,30.6,fragile,False,,26.44,26.44
504159,2.04,278.4,food,True,,50.43,50.45
504160,7.39,217.8,clothing,False,,25.67,25.66
504161,14.95,13.5,standard,False,SAVE10,27.52,27.52
504162,7.39,151.2,fragile,False,,26.77,26.77
504163,1.61,136.9,fragile,True,,29.72,48.42
504164,14.7,192.7,clothing,False,,39.03,39.05
504165,7.95,128.8,food,False,,20.75,20.77
504166,21.24,293.8,clothing,False,,57.17,57.16
504167,17.45,140.2,food,False,SAVE10,34.58,34.59
504168,18.18,13.6,fragile,True,,54.31,60.68
504169,22.31,90.5,fragile,False,,62.53,62.53
504170,20.35,83.9,fragile,True,,70.5,83.89
504171,8.57,36.6,electronics,False,,27.54,27.53
504172,14.44,23.5,standard,False,,30.06,30.07
504173,6.84,254.0,books,True,,54.04,55.4
504174,5.44,22.0,standard,False,,11.98,11.97
504175,5.54,29.9,fragile,True,,23.89,31.87
504176,3.22,28.0,food,True,,15.0,14.99
504177,6.36,195.4,electronics,True,,53.39,53.37
504178,6.01,140.5,standard,False,,19.05,19.04
504179,16.98,124.0,fragile,False,,50.35,50.33
504180,6.66,232.4,standard,False,,24.94,24.93
504181,1.64,145.8,books,False,,9.91,10.25
504182,10.83,130.5,clothing,True,,46.24,46.22
504183,5.42,216.0,food,False,SAVE10,18.5,18.49
504184,17.39,103.9,clothing,True,,55.36,55.36
504185,5.93,78.7,books,True,,26.29,27.46
504186,14.15,260.1,clothing,False,,41.31,41.29
504187,4.81,12.0,fragile,False,,13.11,13.12
504188,12.31,192.5,fragile,True,,65.88,90.15
504189,21.75,18.6,fragile,True,,64.34,71.21
504190,7.93,41.4,clothing,False,,17.93,17.94
504191,13.42,73.4,books,True,,37.48,40.17
504192,11.25,76.5,books,False,,21.82,24.07
504193,2.22,179.7,fragile,False,,14.76,14.75
504194,1.01,184.4,books,False,,10.84,11.06
504195,21.14,282.2,fragile,False,,69.07,69.06
504196,8.84,235.4,clothing,False,,29.45,29.44
504197,17.31,11.9,books,False,,28.29,31.76
504198,10.61,125.4,books,False,,23.25,25.37
504199,21.04,227.1,electronics,True,,102.18,102.18
504200,5.28,295.3,clothing,True,,59.86,59.86
504201,12.35,132.9,food,False,,28.88,28.86
504202,13.94,22.7,electronics,False,,42.96,42.96
504203,19.94,43.3,fragile,False,SAVE10,48.61,48.61
504204,1.22,227.0,books,False,SAVE10,11.97,12.2
504205,9.38,233.5,food,False,,28.56,28.54
504206,12.14,171.8,clothing,False,,32.87,32.88
504207,14.93,197.1,standard,False,SAVE10,35.74,35.75
504208,3.97,243.2,books,False,,18.51,19.32
504209,13.82,160.8,electronics,False,,49.5,49.49
504210,17.49,83.6,books,False,SAVE10,28.95,32.08
504211,18.46,192.1,electronics,True,,89.2,89.2
504212,6.0,38.6,fragile,True,,26.39,35.25
504213,11.3,215.4,standard,False,SAVE10,30.03,30.05
504214,7.8,127.4,standard,False,,21.97,21.97
504215,10.0,128.9,electronics,True,,54.34,54.34
504216,9.39,187.3,food,True,SAVE10,45.0,45.01
504217,23.66,215.5,standard,False,,58.1,58.1
504218,0.83,116.6,electronics,False,SAVE10,7.49,7.5
504219,23.72,269.0,fragile,False,,75.12,75.1
504220,1.31,284.5,electronics,False,,18.16,18.14
504221,2.41,288.3,food,True,,52.58,52.6
504222,5.55,278.6,standard,True,SAVE10,52.1,52.09
504223,7.53,157.4,fragile,False,SAVE10,24.7,24.68
504224,21.51,80.3,electronics,False,SAVE10,61.69,61.7
504225,21.11,257.0,fragile,False,,67.74,67.74
504226,23.4,164.0,electronics,False,,78.4,78.4
504227,10.05,93.5,standard,True,SAVE10,35.21,35.19
504228,0.89,156.0,electronics,False,,10.47,10.46
504229,15.83,129.2,food,True,,52.87,52.88
504230,22.53,143.5,fragile,False,,65.75,65.76
504231,3.13,285.9,books,False,SAVE10,17.37,17.93
504232,20.78,152.1,fragile,False,,61.63,61.62
504233,0.54,111.0,clothing,False,,6.63,6.62
504234,18.44,225.9,electronics,False,,66.62,66.62
504235,12.59,256.9,fragile,True,,76.27,106.97
504236,22.75,212.3,books,False,,47.02,51.57
504237,21.94,27.9,standard,False,,45.28,45.28
504238,1.64,103.2,clothing,False,SAVE10,7.6,7.6
504239,12.7,276.7,standard,False,,39.24,39.22
504240,6.43,178.6,standard,False,SAVE10,19.61,19.59
504241,11.27,30.4,books,False,,19.55,21.8
504242,2.12,212.1,books,True,,40.21,40.64
504243,9.33,211.3,food,False,,27.36,27.35
504244,10.51,80.9,standard,True,SAVE10,34.34,34.34
504245,0.6,217.1,clothing,True,,38.76,38.77
504246,12.13,72.1,clothing,False,,27.86,27.87
504247,22.42,287.1,books,False,,50.23,54.72
504248,1.99,193.0,books,False,,12.83,13.23
504249,23.65,50.8,fragile,True,SAVE10,66.7,75.78
504250,12.49,167.9,food,True,,52.67,52.66
504251,5.66,257.2,clothing,True,,54.9,54.9
504252,24.24,53.3,electronics,False,,75.39,75.37
504253,12.1,260.9,fragile,False,,44.5,44.51
504254,11.2,264.9,electronics,False,,46.84,46.84
504255,9.72,37.9,fragile,False,,27.17,27.16
504256,22.09,256.2,fragile,False,SAVE10,63.22,63.22
504257,3.68,11.9,books,False,,6.48,7.2
504258,5.66,188.0,fragile,False,SAVE10,21.7,21.71
504259,7.44,174.7,clothing,False,SAVE10,21.25,21.26
504260,2.03,286.9,books,True,,51.28,51.69
504261,21.18,181.1,books,False,,42.94,47.19
504262,12.47,138.9,fragile,False,,39.37,39.36
504263,15.24,61.3,books,False,,27.45,30.51
504264,22.19,217.1,electronics,True,,104.14,104.12
504265,12.62,260.7,food,False,,35.75,35.75
504266,7.27,104.9,books,False,,16.88,18.32
504267,13.52,286.8,books,False,SAVE10,32.37,34.8
504268,12.76,249.2,standard,True,,67.9,67.92
504269,7.82,124.7,books,True,,36.22,37.8
504270,6.18,70.5,food,True,,26.7,26.71
504271,9.27,111.2,food,False,,22.25,22.23
504272,18.51,164.7,fragile,True,,77.83,99.3
504273,4.55,35.4,books,False,,9.05,9.94
504274,24.9,286.5,books,False,,54.17,59.13
504275,6.26,116.4,fragile,False,,22.1,22.1
504276,7.18,70.3,food,False,,16.44,16.43
504277,3.51,185.2,electronics,True,SAVE10,38.98,38.96
504278,10.1,224.1,electronics,True,SAVE10,62.02,62.03
504279,9.61,50.7,electronics,True,,41.44,41.42
504280,17.2,114.8,clothing,True,,56.62,56.63
504281,22.45,124.8,clothing,False,SAVE10,46.03,46.01
504282,6.57,253.9,books,False,,23.21,24.51
504283,20.33,81.2,books,True,,49.71,53.78
504284,8.05,109.5,food,True,,35.92,35.92
504285,10.46,62.8,clothing,False,,24.06,24.04
504286,3.64,151.1,books,False,,13.38,14.12
504287,22.37,120.2,standard,False,,50.75,50.74
504288,9.65,211.6,clothing,False,,29.88,29.87
504289,17.67,111.7,fragile,False,,51.53,51.51
504290,1.15,57.2,standard,False,,5.16,5.15
504291,17.58,46.2,clothing,False,,37.47,37.45
504292,6.04,212.2,standard,False,SAVE10,20.42,20.42
504293,11.56,49.6,books,True,SAVE10,27.84,29.92
504294,17.01,54.8,standard,False,,36.76,36.76
504295,4.68,212.5,electronics,True,,50.92,50.91
504296,13.42,226.7,books,False,,32.81,35.48
504297,20.98,22.0,clothing,False,,43.06,43.07
504298,4.5,37.1,food,True,SAVE10,16.8,16.79
504299,11.96,83.3,standard,False,,28.08,28.08
504300,5.01,107.2,standard,False,,15.38,15.39
504301,4.01,154.1,standard,False,,15.72,15.71
504302,12.5,54.1,fragile,False,,35.2,35.21
504303,11.69,277.9,food,True,,67.73,67.74
504304,16.27,52.0,books,False,,28.63,31.89
504305,21.52,268.2,electronics,False,,77.97,77.97
504306,17.81,87.1,electronics,False,,57.78,57.77
504307,8.74,176.6,electronics,False,,35.05,35.03
504308,12.41,136.5,electronics,True,,62.71,62.71
504309,17.01,56.3,fragile,False,,47.04,47.06
504310,21.05,38.9,fragile,False,,56.68,56.69
504311,17.23,135.7,fragile,False,SAVE10,46.42,46.43
504312,12.81,132.6,clothing,False,,32.25,32.23
504313,3.77,16.1,books,False,,6.84,7.6
504314,21.77,111.3,fragile,False,,62.17,62.16
504315,7.39,13.1,electronics,False,,22.82,22.82
504316,10.42,22.9,fragile,True,,35.53,42.8
504317,22.17,222.1,standard,False,,55.45,55.43
504318,5.58,272.8,electronics,True,,62.66,62.67
504319,22.89,62.8,clothing,False,,48.92,48.94
504320,6.11,137.7,food,False,,17.88,17.88
504321,2.64,275.3,books,False,,17.99,18.51
504322,13.08,98.3,books,False,SAVE10,23.26,25.61
504323,19.99,55.5,fragile,True,,65.3,75.85
504324,10.36,211.9,books,True,SAVE10,48.02,49.88
504325,21.15,76.8,electronics,False,,67.29,67.29
504326,10.21,150.1,food,False,,25.88,25.87
504327,20.47,94.5,fragile,False,,57.95,57.96
504328,3.26,120.5,clothing,False,SAVE10,11.29,11.31
504329,7.44,66.0,standard,False,,18.18,18.2
504330,3.5,10.1,books,False,SAVE10,5.49,6.13
504331,18.62,117.1,books,False,,35.65,39.35
504332,12.01,261.9,books,False,,32.31,34.71
504333,16.56,205.7,fragile,False,SAVE10,48.01,47.99
504334,6.34,264.5,electronics,True,SAVE10,57.33,57.32
504335,18.5,99.2,clothing,True,,56.88,56.88
504336,24.82,9.5,food,True,,51.1,51.11
504337,2.44,66.8,clothing,False,,8.22,8.24
504338,8.31,89.9,fragile,False,,26.1,26.08
504339,21.8,267.0,fragile,False,,70.03,70.03
504340,21.36,274.0,clothing,False,,56.42,56.43
504341,21.86,77.2,electronics,False,,69.44,69.44
504342,6.05,79.3,clothing,True,,28.99,28.98
504343,14.3,132.0,fragile,False,,43.78,43.78
504344,2.61,82.7,clothing,False,SAVE10,8.42,8.4
504345,11.06,247.8,electronics,True,SAVE10,67.82,67.8
504346,14.62,211.2,clothing,False,SAVE10,35.82,35.82
504347,6.83,281.0,clothing,False,,27.71,27.69
504348,10.84,128.2,clothing,False,,28.09,28.07
504349,9.47,298.7,books,False,,30.09,31.96
504350,2.57,124.7,fragile,False,,12.92,12.9
504351,2.18,74.8,books,True,,19.71,20.14
504352,19.64,248.5,books,True,,73.7,77.64
504353,0.57,207.3,books,False,SAVE10,10.15,10.25
504354,24.66,135.5,food,False,,51.16,51.15
504355,22.48,191.1,fragile,True,,92.11,116.23
504356,24.69,18.0,fragile,True,,71.89,78.68
504357,19.75,167.9,clothing,False,SAVE10,43.11,43.1
504358,0.56,10.1,food,True,,7.52,7.53
504359,3.34,159.8,fragile,False,,16.67,16.66
504360,8.31,257.0,food,False,,27.81,27.79
504361,4.94,29.0,books,False,,9.35,10.33
504362,1.98,94.4,food,False,,8.28,8.27
504363,22.97,102.0,food,True,SAVE10,55.48,55.48
504364,22.8,31.6,food,False,,42.62,42.62
504365,19.29,165.5,food,True,,64.55,64.57
504366,6.7,245.0,clothing,False,,25.65,25.66
504367,21.38,184.6,fragile,False,,64.82,64.83
504368,20.57,34.7,electronics,False,,63.44,63.45
504369,8.43,73.7,books,False,,17.17,18.87
504370,3.63,145.1,books,True,SAVE10,29.32,29.97
504371,3.82,222.4,standard,True,SAVE10,41.4,41.39
504372,10.52,115.1,clothing,False,,26.8,26.8
504373,20.89,298.1,electronics,False,,77.58,77.57
504374,2.37,151.6,clothing,True,,32.48,32.48
504375,11.03,298.5,clothing,False,,36.98,36.99
504376,9.19,243.7,electronics,False,,39.76,39.76
504377,22.36,60.9,standard,True,,58.86,58.84
504378,4.25,269.4,clothing,False,,21.97,21.99
504379,16.56,132.9,food,False,SAVE10,32.81,32.81
504380,8.41,283.5,books,False,,27.63,29.33
504381,16.34,120.8,electronics,False,,55.06,55.06
504382,20.64,236.0,fragile,False,,65.46,65.48
504383,20.7,222.2,food,False,SAVE10,43.53,43.53
504384,21.22,82.9,food,False,,42.34,42.33
504385,7.67,25.6,fragile,True,,28.78,36.32
504386,7.26,55.9,clothing,False,,17.31,17.3
504387,3.51,119.4,standard,True,,29.93,29.93
504388,6.76,272.6,books,False,SAVE10,22.0,23.23
504389,3.42,158.8,clothing,False,,14.78,14.77
504390,19.71,276.1,food,True,SAVE10,73.7,73.72
504391,1.66,252.2,food,False,,15.6,15.6
504392,5.2,271.9,electronics,False,SAVE10,26.28,26.27
504393,19.86,173.4,fragile,False,SAVE10,54.28,54.26
504394,19.33,194.1,clothing,False,,48.36,48.37
504395,24.35,198.8,clothing,False,SAVE10,52.78,52.78
504396,9.9,287.2,standard,True,,67.88,67.88
504397,1.61,256.4,food,False,,15.72,15.72
504398,20.3,180.9,clothing,False,,49.64,49.63
504399,7.51,187.3,books,True,,45.11,46.61
504400,19.44,175.4,standard,False,SAVE10,42.89,42.87
504401,0.97,207.3,clothing,False,,12.31,12.29
504402,1.35,252.1,books,False,,14.76,15.04
504403,15.15,11.2,fragile,False,SAVE10,35.96,35.94
504404,17.26,189.3,food,False,,40.53,40.55
504405,14.27,209.4,books,False,,33.3,36.14
504406,13.54,36.7,fragile,False,,37.04,37.05
504407,15.13,49.7,standard,False,,32.75,32.73
504408,3.71,218.1,books,False,,16.84,17.6
504409,2.06,108.4,standard,False,,9.54,9.54
504410,9.06,224.0,food,True,,54.91,54.93
504411,13.92,296.4,books,False,SAVE10,33.38,35.89
504412,6.6,218.7,food,False,,22.82,22.8
504413,4.89,168.9,books,False,,16.27,17.24
504414,11.44,30.9,books,True,,27.94,30.24
504415,10.54,249.3,books,False,,29.33,31.42
504416,7.08,212.8,electronics,False,,31.88,31.89
504417,23.21,73.8,standard,False,,50.11,50.12
504418,23.6,254.9,standard,False,,59.95,59.94
504419,1.65,247.6,electronics,True,,47.09,47.08
504420,12.26,254.4,fragile,True,,75.04,105.46
504421,6.33,121.0,clothing,True,,35.81,35.8
504422,8.73,222.3,fragile,False,,33.81,33.82
504423,1.2,182.2,standard,False,,11.51,11.52
504424,2.46,84.6,clothing,False,,9.15,9.15
504425,1.32,66.9,standard,False,,5.99,5.99
504426,3.58,86.8,fragile,True,SAVE10,24.6,36.89
504427,16.41,6.5,electronics,False,,49.56,49.57
504428,2.42,26.5,standard,False,SAVE10,5.55,5.53
504429,22.21,213.0,food,True,,76.93,76.91
504430,20.16,277.3,standard,False,,54.18,54.19
504431,7.1,270.3,electronics,True,,66.84,66.83
504432,17.44,255.0,food,True,,74.64,74.66
504433,23.82,100.1,food,False,,47.88,47.87
504434,3.35,73.5,fragile,False,,12.39,12.38
504435,14.22,125.6,clothing,True,,52.28,52.26
504436,11.91,203.8,fragile,False,,41.16,41.14
504437,8.1,270.6,electronics,False,,37.83,37.83
504438,7.55,141.7,electronics,False,,29.74,29.73
504439,2.62,268.9,food,False,,18.16,18.17
504440,16.35,260.0,fragile,False,SAVE10,49.96,49.98
504441,5.34,122.9,electronics,False,SAVE10,19.95,19.96
504442,10.86,42.5,standard,False,SAVE10,21.46,21.47
504443,23.24,193.4,electronics,False,,79.39,79.39
504444,9.03,123.2,books,False,,20.61,22.42
504445,8.25,271.9,standard,True,SAVE10,56.06,56.04
504446,23.35,152.6,food,False,,49.66,49.67
504447,14.8,168.4,standard,False,,38.02,38.01
504448,14.48,185.5,food,False,SAVE10,31.81,31.8
504449,5.95,98.4,books,False,SAVE10,13.0,14.05
504450,16.21,69.1,books,False,,29.39,32.64
504451,9.79,168.6,food,False,,26.05,26.06
504452,13.82,34.2,fragile,False,SAVE10,33.88,33.89
504453,10.24,181.9,electronics,True,,63.0,63.0
504454,2.49,168.0,standard,False,,13.38,13.38
504455,22.0,279.0,clothing,False,SAVE10,52.16,52.16
504456,17.45,16.2,food,False,,32.22,32.23
504457,23.98,78.6,fragile,False,,66.28,66.29
504458,8.01,76.9,food,False,,18.26,18.27
504459,7.4,277.5,fragile,True,SAVE10,59.28,88.77
504460,3.82,149.7,clothing,False,SAVE10,13.61,13.6
504461,7.99,287.9,fragile,False,,35.17,35.17
504462,8.46,161.0,books,False,,21.59,23.26
504463,5.01,67.8,fragile,False,,16.42,16.41
504464,6.98,24.3,food,True,,21.21,21.21
504465,7.7,192.8,books,True,,46.24,47.76
504466,21.52,278.4,food,False,SAVE10,47.39,47.38
504467,11.43,142.7,electronics,False,,41.42,41.41
504468,20.59,282.6,clothing,False,,55.31,55.32
504469,1.72,125.5,clothing,False,,9.72,9.71
504470,5.12,7.2,standard,False,,10.6,10.61
504471,23.84,271.7,food,True,,88.67,88.66
504472,1.73,135.6,food,True,,28.45,28.46
504473,2.2,109.3,books,False,,8.98,9.43
504474,13.19,298.3,standard,False,,41.3,41.29
504475,7.6,135.0,books,False,,18.91,20.41
504476,5.26,55.8,fragile,False,,16.47,16.46
504477,15.41,111.2,clothing,False,SAVE10,32.74,32.74
504478,15.42,170.7,books,True,,55.28,58.37
504479,5.11,284.5,standard,False,,24.44,24.44
504480,13.71,250.5,clothing,True,,70.0,70.0
504481,11.64,126.3,standard,False,,29.6,29.61
504482,21.24,275.5,clothing,True,,88.8,88.82
504483,2.18,189.0,clothing,True,,37.71,37.7
504484,6.21,79.3,books,False,,13.9,15.16
504485,14.34,63.3,books,False,,26.11,28.97
504486,1.32,21.9,standard,True,,10.92,10.94
504487,21.22,63.8,books,False,,37.14,41.41
504488,24.22,57.7,electronics,False,SAVE10,67.99,68.0
504489,8.54,54.3,books,False,,16.38,18.08
504490,19.48,56.6,electronics,False,,61.27,61.26
504491,6.6,116.0,books,False,,16.36,17.69
504492,23.73,13.4,fragile,True,,68.71,75.04
504493,5.69,76.3,books,False,,12.92,14.04
504494,0.64,184.6,food,False,,10.38,10.37
504495,2.17,149.8,food,True,SAVE10,28.24,28.26
504496,11.74,186.7,food,True,,54.14,54.13
504497,1.44,197.2,fragile,False,,13.6,13.61
504498,24.52,215.9,standard,True,,86.43,86.41
504499,15.96,57.5,standard,False,,34.8,34.79
504500,14.44,219.1,standard,False,,39.84,39.84
504501,15.84,244.3,electronics,False,,59.74,59.73
504502,10.75,213.5,clothing,True,,58.52,58.51
504503,22.2,157.9,clothing,False,SAVE10,47.07,47.05
504504,17.96,38.0,books,False,,30.64,34.24
504505,11.04,73.8,standard,False,,25.77,25.78
504506,7.46,145.8,food,False,,20.72,20.7
504507,4.04,105.2,food,True,,28.05,28.07
504508,8.22,122.2,clothing,False,SAVE10,20.3,20.28
504509,9.15,82.3,fragile,False,SAVE10,25.11,25.11
504510,2.47,144.1,food,False,SAVE10,10.49,10.48
504511,23.16,241.9,standard,True,,87.6,87.59
504512,6.82,31.7,electronics,False,SAVE10,19.84,19.86
504513,13.73,291.8,electronics,False,,55.78,55.79
504514,2.12,52.7,food,True,,16.72,16.71
504515,14.02,253.5,clothing,False,,40.72,40.73
504516,16.33,71.0,electronics,False,,52.54,52.55
504517,2.45,81.0,books,True,,21.07,21.55
504518,24.4,266.6,books,False,,52.37,57.27
504519,4.5,286.0,fragile,True,,59.6,93.18
504520,6.94,168.4,clothing,True,,44.14,44.12
504521,18.54,223.2,books,False,,40.82,44.54
504522,8.75,81.0,standard,False,,21.55,21.54
504523,21.98,33.5,fragile,True,,67.17,75.52
504524,6.34,104.7,fragile,True,,37.19,52.65
504525,8.19,95.4,fragile,True,,40.6,55.16
504526,17.46,99.4,fragile,True,SAVE10,58.78,72.22
504527,21.57,191.6,standard,False,,52.72,52.74
504528,22.15,61.5,fragile,True,,71.82,82.98
504529,7.56,115.4,clothing,False,,20.89,20.89
504530,13.51,172.4,fragile,False,,43.75,43.73
504531,10.57,290.7,electronics,True,,80.32,80.3
504532,17.06,169.4,books,True,,57.71,61.13
504533,6.07,210.6,food,True,SAVE10,42.76,42.76
504534,21.06,148.8,standard,True,,69.44,69.46
504535,17.98,238.6,electronics,False,,65.87,65.87
504536,4.78,19.0,food,False,,9.55,9.54
504537,8.19,123.8,electronics,False,SAVE10,27.68,27.68
504538,8.74,66.5,standard,True,,32.46,32.46
504539,23.29,109.3,electronics,True,,91.27,91.28
504540,11.67,93.5,electronics,False,,39.68,39.7
504541,15.6,212.1,food,True,SAVE10,58.41,58.39
504542,23.3,184.9,fragile,False,,69.82,69.81
504543,10.22,199.7,food,False,,28.38,28.39
504544,23.68,133.8,books,False,,44.58,49.32
504545,7.66,57.3,fragile,False,,22.78,22.79
504546,0.81,71.0,electronics,True,,18.08,18.09
504547,3.01,164.8,electronics,False,,17.27,17.29
504548,17.46,78.0,standard,False,,38.82,38.82
504549,9.84,134.9,fragile,False,SAVE10,29.1,29.11
504550,20.92,279.2,food,False,,51.62,51.6
504551,13.56,94.3,fragile,True,,54.4,68.85
504552,17.3,36.3,electronics,False,,53.72,53.7
504553,9.14,289.6,electronics,True,,75.86,75.88
504554,14.89,246.1,fragile,False,,51.02,51.0
504555,17.6,37.5,books,False,,30.04,33.56
504556,9.73,268.0,books,False,,28.97,30.9
504557,12.52,181.6,electronics,False,,46.64,46.66
504558,21.17,60.4,fragile,False,,58.06,58.05
504559,23.27,225.9,clothing,True,SAVE10,76.88,76.87
504560,9.08,131.3,books,False,,21.09,22.89
504561,2.14,277.7,electronics,False,,20.3,20.31
504562,21.13,287.8,clothing,True,,90.43,90.43
504563,11.46,25.8,books,False,,19.63,21.92
504564,24.25,259.0,standard,True,,92.35,92.34
504565,19.19,18.7,standard,False,,39.32,39.3
504566,9.52,270.5,books,True,,60.81,62.7
504567,21.33,148.9,standard,False,,50.1,50.1
504568,13.92,30.6,food,True,,34.65,34.64
504569,17.98,123.0,fragile,False,SAVE10,47.61,47.61
504570,22.18,101.5,electronics,True,SAVE10,78.09,78.09
504571,14.71,210.3,books,False,,34.05,36.98
504572,23.71,213.8,food,True,,79.75,79.76
504573,10.26,113.4,standard,False,SAVE10,23.57,23.57
504574,9.78,215.5,books,False,SAVE10,23.78,25.54
504575,16.19,7.9,standard,True,SAVE10,34.71,34.71
504576,10.42,73.6,electronics,False,,34.94,34.95
504577,17.83,37.2,fragile,False,,48.22,48.24
504578,13.52,52.1,clothing,True,,39.86,39.87
504579,18.69,91.4,books,False,,34.47,38.23
504580,20.73,58.0,clothing,False,,44.36,44.35
504581,14.4,157.4,books,False,,30.91,33.79
504582,22.9,288.3,fragile,False,,73.96,73.94
504583,19.64,278.4,fragile,False,,64.98,64.97
504584,21.5,230.9,food,False,,50.24,50.25
504585,0.98,244.2,books,True,,43.2,43.41
504586,0.88,47.0,clothing,False,SAVE10,3.7,3.72
504587,16.05,29.6,fragile,False,SAVE10,38.89,38.89
504588,8.66,199.8,clothing,False,,27.31,27.31
504589,21.89,129.4,standard,True,,68.19,68.19
504590,10.1,61.7,standard,False,,23.28,23.29
504591,18.73,30.1,standard,True,,46.98,46.96
504592,6.53,95.2,books,False,,15.21,16.51
504593,15.92,137.3,books,False,,32.34,35.52
504594,22.57,11.7,clothing,False,SAVE10,41.15,41.14
504595,21.62,124.8,fragile,False,,62.45,62.47
504596,9.48,51.6,electronics,True,,41.18,41.18
504597,12.3,262.4,fragile,True,,76.34,107.57
504598,13.62,219.4,standard,False,,38.21,38.2
504599,8.94,67.2,clothing,True,,32.96,32.95
504600,12.36,42.5,fragile,True,,43.51,52.74
504601,24.13,235.6,electronics,False,SAVE10,75.75,75.77
504602,22.06,229.0,fragile,False,,68.81,68.79
504603,8.21,291.8,books,False,,27.73,29.35
504604,17.26,45.8,fragile,True,,56.75,66.35
504605,23.74,167.8,standard,False,,55.87,55.85
504606,9.37,247.8,clothing,False,,31.13,31.13
504607,21.29,136.6,clothing,False,SAVE10,44.47,44.46
504608,20.04,78.5,books,False,SAVE10,32.39,35.98
504609,22.23,42.5,food,True,,51.39,51.37
504610,2.57,89.9,food,False,,9.12,9.13
504611,23.11,111.5,standard,False,,51.8,51.8
504612,24.54,197.7,books,False,SAVE10,44.23,48.65
504613,6.41,28.1,clothing,False,,14.23,14.24
504614,16.01,227.0,standard,False,,43.37,43.35
504615,2.71,42.8,standard,True,,16.84,16.85
504616,15.26,83.4,books,False,,28.59,31.64
504617,17.86,137.9,books,False,,35.47,39.03
504618,18.77,19.2,electronics,False,,57.27,57.26
504619,21.49,105.9,books,True,,55.27,59.58
504620,7.69,285.2,electronics,True,,70.85,70.87
504621,3.34,285.2,fragile,False,SAVE10,20.65,20.65
504622,20.52,243.2,standard,False,,53.2,53.19
504623,1.13,93.1,clothing,False,,6.92,6.92
504624,6.21,163.2,books,False,,18.1,19.34
504625,6.3,245.4,clothing,True,,54.41,54.41
504626,19.49,5.2,fragile,False,,50.93,50.94
504627,11.33,128.2,books,True,,42.36,44.63
504628,21.03,161.2,electronics,False,,71.15,71.13
504629,16.86,189.2,standard,False,SAVE10,38.86,38.84
504630,21.15,75.0,fragile,False,,58.74,58.74
504631,19.76,104.8,books,True,,52.34,56.3
504632,22.06,299.1,fragile,False,SAVE10,65.08,65.09
504633,7.27,28.5,electronics,False,,23.24,23.23
504634,9.21,247.8,food,False,,28.97,28.96
504635,15.9,177.2,standard,False,SAVE10,36.59,36.59
504636,14.78,296.8,standard,True,,79.08,79.09
504637,19.56,176.4,clothing,False,,47.94,47.93
504638,20.31,123.3,electronics,False,SAVE10,60.39,60.4
504639,7.97,289.2,food,True,SAVE10,56.45,56.46
504640,3.46,182.0,books,False,,14.64,15.31
504641,18.66,180.6,books,False,SAVE10,35.0,38.34
504642,17.34,249.6,fragile,False,SAVE10,51.81,51.82
504643,7.28,106.9,standard,False,SAVE10,17.91,17.92
504644,1.9,181.8,fragile,False,,14.03,14.02
504645,1.07,237.4,fragile,False,SAVE10,13.19,13.17
504646,6.58,69.5,books,False,SAVE10,12.6,13.79
504647,7.2,77.2,fragile,False,,22.58,22.56
504648,5.58,227.2,fragile,False,,25.87,25.87
504649,1.74,256.8,food,False,,15.97,15.97
504650,4.67,212.5,books,False,,18.1,19.02
504651,9.07,194.0,standard,True,SAVE10,47.02,47.03
504652,2.76,44.8,fragile,False,SAVE10,8.47,8.47
504653,5.56,254.6,clothing,False,SAVE10,21.47,21.48
504654,11.23,295.0,standard,True,,71.71,71.71
504655,21.28,265.7,standard,False,,55.84,55.85
504656,21.85,160.6,books,False,,42.99,47.34
504657,10.42,42.2,books,True,SAVE10,25.2,27.09
504658,3.58,136.2,fragile,True,SAVE10,31.26,48.0
504659,7.1,275.2,standard,False,SAVE10,25.16,25.17
504660,17.03,204.2,standard,False,,44.27,44.27
504661,10.48,50.3,food,False,,21.38,21.39
504662,14.47,285.5,electronics,False,SAVE10,51.92,51.91
504663,18.55,198.4,books,False,,39.6,43.31
504664,16.64,229.8,electronics,True,,89.39,89.41
504665,21.56,37.0,electronics,True,,75.23,75.23
504666,2.6,183.3,standard,False,,14.37,14.38
504667,7.77,238.5,books,False,SAVE10,21.92,23.33
504668,1.34,52.6,electronics,False,,6.65,6.66
504669,13.27,86.3,food,False,,28.2,28.18
504670,15.56,261.5,books,False,,37.97,41.07
504671,6.72,161.8,standard,False,,21.53,21.52
504672,1.86,234.6,fragile,False,,16.57,16.57
504673,11.86,232.4,books,False,,30.6,32.98
504674,4.61,160.0,clothing,False,,17.22,17.24
504675,5.27,130.1,fragile,False,,20.21,20.2
504676,9.84,223.4,electronics,True,,68.03,68.04
504677,23.65,116.0,books,True,,60.24,64.97
504678,9.32,204.1,electronics,False,,38.16,38.17
504679,17.88,32.1,books,False,,30.21,33.79
504680,9.63,224.7,food,False,,28.57,28.55
504681,10.43,230.8,books,False,,28.23,30.32
504682,3.93,250.1,books,False,,18.79,19.59
504683,5.02,153.6,electronics,False,SAVE10,20.47,20.46
504684,19.38,246.2,food,False,,47.19,47.21
504685,11.02,70.2,clothing,True,SAVE10,33.81,33.81
504686,7.49,10.4,standard,False,,15.5,15.48
504687,24.68,266.8,food,True,,89.44,89.46
504688,22.01,43.1,food,False,SAVE10,37.6,37.59
504689,6.98,72.7,standard,False,,17.6,17.58
504690,11.14,87.3,electronics,True,,51.52,51.5
504691,14.39,11.8,clothing,False,,29.37,29.38
504692,4.57,74.5,electronics,False,,17.44,17.44
504693,10.97,123.9,clothing,False,,28.14,28.13
504694,7.46,55.0,books,False,,14.69,16.18
504695,20.35,276.6,standard,True,,87.19,87.18
504696,2.82,21.7,standard,False,,6.72,6.74
504697,24.79,90.7,electronics,False,SAVE10,71.01,71.01
504698,6.27,68.2,fragile,False,,19.71,19.7
504699,8.61,163.3,electronics,False,SAVE10,30.6,30.61
504700,2.35,28.8,electronics,True,,16.37,16.35
504701,22.86,164.9,clothing,True,SAVE10,67.91,67.89
504702,20.79,53.7,books,False,,35.95,40.1
504703,2.16,227.9,standard,True,,43.5,43.49
504704,13.44,118.7,clothing,False,,32.82,32.83
504705,10.07,114.3,electronics,False,,35.92,35.93
504706,15.35,258.1,electronics,True,,89.76,89.76
504707,8.73,53.1,clothing,False,SAVE10,18.1,18.1
504708,23.93,156.8,electronics,True,,100.31,100.33
504709,5.84,220.0,food,False,SAVE10,19.36,19.36
504710,20.59,148.3,standard,False,,48.6,48.58
504711,7.06,298.6,standard,False,,29.05,29.06
504712,16.41,298.7,standard,True,,82.62,82.62
504713,10.98,28.5,clothing,False,,23.38,23.38
504714,13.38,284.3,books,True,SAVE10,62.15,64.56
504715,13.29,267.5,electronics,False,,53.24,53.24
504716,15.84,36.8,electronics,False,SAVE10,44.42,44.44
504717,2.17,228.1,food,False,,15.31,15.32
504718,1.96,104.2,fragile,False,SAVE10,9.28,9.26
504719,24.29,82.4,books,False,,42.98,47.84
504720,6.7,161.1,clothing,False,,21.46,21.46
504721,9.24,28.8,clothing,True,SAVE10,25.02,25.04
504722,6.37,238.1,standard,False,,24.65,24.64
504723,16.32,289.0,standard,True,,80.99,80.99
504724,24.61,90.7,food,False,,48.83,48.82
504725,10.37,296.1,clothing,False,,35.54,35.55
504726,8.37,282.4,food,False,,29.19,29.19
504727,9.06,134.9,food,False,SAVE10,20.75,20.75
504728,1.16,141.7,books,True,,28.11,28.34
504729,2.7,195.4,electronics,True,,42.41,42.42
504730,1.68,24.7,clothing,False,,4.6,4.6
504731,8.44,66.6,clothing,False,SAVE10,18.19,18.2
504732,24.62,169.6,standard,False,,57.72,57.74
504733,3.96,110.9,fragile,False,SAVE10,14.26,14.26
504734,13.95,155.2,food,True,,53.39,53.38
504735,5.58,56.2,electronics,True,,30.17,30.16
504736,1.4,286.6,standard,False,,17.13,17.14
504737,21.01,132.3,fragile,False,SAVE10,55.12,55.12
504738,3.62,75.6,electronics,True,SAVE10,24.48,24.49
504739,3.81,18.3,food,False,SAVE10,7.0,7.01
504740,20.52,176.2,food,False,,45.75,45.75
504741,6.47,126.1,fragile,False,,23.13,23.14
504742,5.37,206.7,clothing,True,,46.74,46.75
504743,23.61,210.0,standard,False,,57.72,57.71
504744,5.26,24.7,fragile,False,,14.91,14.92
504745,20.88,35.4,clothing,False,,43.53,43.52
504746,8.02,139.8,books,True,SAVE10,34.92,36.37
504747,14.36,131.8,clothing,False,,35.31,35.32
504748,8.12,129.6,books,False,,19.47,21.09
504749,8.81,160.3,electronics,False,,34.44,34.44
504750,23.34,135.4,electronics,False,,76.79,76.79
504751,22.74,254.0,food,True,SAVE10,75.63,75.62
504752,4.78,180.1,electronics,True,,46.36,46.35
504753,18.25,92.6,books,False,SAVE10,30.45,33.73
504754,3.92,123.5,books,False,,12.45,13.25
504755,7.83,73.6,standard,False,,19.34,19.34
504756,2.24,172.4,standard,False,,13.1,13.1
504757,16.37,261.7,fragile,False,,55.65,55.66
504758,18.3,196.2,electronics,False,,64.71,64.7
504759,18.78,276.8,food,False,,47.64,47.64
504760,19.47,227.9,clothing,False,,50.34,50.33
504761,10.17,179.7,electronics,True,,62.46,62.48
504762,4.84,249.6,food,True,,51.15,51.17
504763,0.61,202.5,clothing,False,,11.34,11.36
504764,11.29,8.9,books,False,,18.51,20.75
504765,23.37,196.5,electronics,False,,79.94,79.95
504766,11.49,232.7,fragile,True,,69.78,98.05
504767,15.59,233.3,clothing,True,,71.18,71.17
504768,22.96,88.8,fragile,False,,64.14,64.12
504769,21.63,57.7,books,True,,48.26,52.58
504770,18.62,5.1,food,False,,33.77,33.76
504771,15.01,72.6,food,False,,30.65,30.64
504772,6.18,61.0,standard,False,,15.41,15.42
504773,18.84,89.9,food,False,SAVE10,34.57,34.57
504774,10.73,34.2,clothing,True,,31.59,31.61
504775,17.8,59.2,standard,False,,38.56,38.57
504776,5.97,42.1,fragile,False,SAVE10,15.86,15.88
504777,23.55,75.5,food,False,,46.16,46.17
504778,4.52,122.9,electronics,True,,36.99,36.99
504779,19.87,245.3,food,True,,77.56,77.56
504780,22.31,275.5,standard,False,SAVE10,52.56,52.54
504781,4.22,178.9,food,False,,16.54,16.54
504782,21.69,156.0,clothing,False,,51.18,51.16
504783,16.29,149.0,clothing,False,,40.03,40.03
504784,15.29,282.8,standard,False,,44.72,44.71
504785,6.72,267.0,standard,True,,58.49,58.5
504786,8.55,192.8,standard,False,,26.74,26.75
504787,6.26,107.4,fragile,False,,21.65,21.64
504788,11.31,253.1,standard,True,,65.59,65.6
504789,16.37,284.9,electronics,False,SAVE10,57.02,57.03
504790,18.35,151.6,clothing,False,SAVE10,39.85,39.86
504791,17.79,61.7,food,True,SAVE10,41.65,41.64
504792,9.0,148.3,books,False,,21.82,23.63
504793,8.74,102.4,standard,False,SAVE10,20.34,20.34
504794,19.21,26.6,electronics,False,SAVE10,53.06,53.06
504795,24.36,194.8,electronics,False,,82.82,82.83
504796,5.93,182.8,electronics,False,SAVE10,24.24,24.22
504797,10.61,175.5,books,False,,25.75,27.88
504798,7.27,33.8,standard,False,,16.23,16.22
504799,24.38,202.4,fragile,False,,73.51,73.51
504800,0.9,129.4,standard,False,,8.27,8.27
504801,22.36,101.3,clothing,True,SAVE10,58.42,58.43
504802,19.3,102.5,clothing,False,,43.72,43.71
504803,8.63,136.9,books,False,,20.65,22.37
504804,17.17,162.6,standard,False,,42.47,42.48
504805,9.56,241.1,electronics,True,SAVE10,62.86,62.87
504806,16.1,180.2,food,False,,37.99,38.0
504807,10.92,15.5,food,False,SAVE10,18.39,18.4
504808,22.92,135.1,books,False,,43.43,48.02
504809,11.71,214.6,electronics,False,,45.86,45.88
504810,20.4,114.6,food,False,,42.45,42.45
504811,14.62,17.0,electronics,False,,44.71,44.71
504812,9.62,285.7,standard,True,SAVE10,60.39,60.39
504813,24.19,158.8,clothing,False,,56.32,56.32
504814,5.29,59.0,fragile,False,,16.7,16.72
504815,22.75,282.2,food,False,,55.06,55.06
504816,24.54,19.9,clothing,False,,50.08,50.08
504817,21.3,25.7,books,False,,35.37,39.64
504818,15.45,43.6,fragile,False,,42.35,42.33
504819,15.75,62.2,electronics,False,SAVE10,45.32,45.32
504820,23.25,181.0,clothing,False,,55.55,55.57
504821,11.11,280.4,clothing,False,,36.24,36.25
504822,20.7,112.6,electronics,False,SAVE10,60.96,60.95
504823,19.48,275.4,fragile,False,,64.42,64.43
504824,21.54,84.7,books,False,,38.7,43.01
504825,11.3,100.1,clothing,False,,27.6,27.61
504826,16.49,165.0,clothing,False,,41.23,41.24
504827,2.76,251.9,clothing,False,,18.12,18.12
504828,2.27,206.8,food,True,SAVE10,36.1,36.09
504829,3.13,117.0,standard,False,,12.11,12.12
504830,18.52,90.4,clothing,False,,41.56,41.58
504831,9.2,106.1,electronics,True,,48.52,48.53
504832,22.75,263.3,fragile,False,SAVE10,65.08,65.08
504833,2.44,97.0,food,False,,9.24,9.25
504834,4.72,56.0,books,True,,20.95,21.91
504835,20.99,83.2,electronics,False,,67.13,67.11
504836,10.75,121.1,electronics,False,,38.3,38.31
504837,5.9,286.5,books,False,,23.76,24.96
504838,19.63,145.6,clothing,False,,46.54,46.55
504839,6.24,264.2,electronics,False,,31.93,31.94
504840,24.35,269.0,standard,False,,62.15,62.13
504841,7.24,178.7,clothing,False,,23.42,23.4
504842,21.53,220.2,standard,False,SAVE10,48.66,48.64
504843,12.25,44.9,standard,False,,26.74,26.74
504844,23.42,127.8,fragile,False,,67.28,67.28
504845,7.76,36.5,food,True,,24.44,24.44
504846,23.17,36.8,fragile,False,SAVE10,55.87,55.87
504847,7.92,149.3,electronics,False,SAVE10,28.1,28.12
504848,11.48,250.9,standard,False,,35.51,35.52
504849,16.0,30.7,books,False,,27.14,30.35
504850,14.09,15.0,books,False,,23.29,26.13
504851,16.94,252.1,clothing,False,,46.48,46.47
504852,17.55,137.3,food,False,,38.46,38.47
504853,7.06,41.3,food,True,SAVE10,21.51,21.5
504854,0.71,269.7,standard,True,,46.88,46.88
504855,18.23,167.0,fragile,False,,55.75,55.75
504856,15.21,226.8,books,False,,35.68,38.72
504857,14.3,275.1,food,True,SAVE10,64.8,64.8
504858,12.64,44.2,electronics,False,,40.13,40.12
504859,23.25,50.7,standard,False,,49.04,49.04
504860,7.78,281.5,electronics,False,,37.42,37.4
504861,22.84,100.2,electronics,True,SAVE10,79.69,79.71
504862,4.61,178.9,clothing,False,,18.16,18.17
504863,17.52,167.1,standard,False,SAVE10,39.06,39.05
504864,23.57,69.1,standard,True,SAVE10,56.25,56.24
504865,4.28,92.8,electronics,False,,17.48,17.47
504866,19.37,37.9,electronics,True,,68.8,68.8
504867,7.19,156.5,standard,True,,42.86,42.86
504868,1.95,191.1,standard,True,,37.56,37.55
504869,11.06,9.9,electronics,True,,39.66,39.67
504870,17.62,247.8,clothing,True,,77.41,77.43
504871,7.44,80.1,clothing,True,,31.9,31.9
504872,23.78,160.7,fragile,True,SAVE10,81.84,100.82
504873,0.56,24.2,clothing,True,SAVE10,8.78,8.76
504874,7.06,102.7,books,True,,31.7,33.12
504875,8.87,32.1,fragile,False,,24.67,24.68
504876,9.59,178.7,clothing,False,,28.12,28.13
504877,7.84,99.9,electronics,False,,28.52,28.5
504878,1.02,275.8,books,False,,15.42,15.62
504879,5.64,43.9,food,False,,12.35,12.35
504880,6.91,165.2,clothing,False,,22.08,22.09
504881,16.98,287.0,food,True,,78.61,78.6
504882,9.74,90.1,fragile,False,,29.83,29.85
504883,18.2,261.7,electronics,False,,67.68,67.67
504884,11.34,297.3,food,True,,70.01,70.01
504885,8.85,29.6,fragile,False,SAVE10,22.04,22.04
504886,4.39,163.9,fragile,True,,41.0,62.38
504887,6.09,128.0,fragile,False,,22.23,22.25
504888,22.59,146.6,clothing,False,,52.51,52.5
504889,11.65,245.3,fragile,False,,42.56,42.56
504890,8.18,239.7,electronics,False,,36.52,36.54
504891,5.85,81.5,clothing,False,,15.77,15.76
504892,21.98,175.5,electronics,False,,74.72,74.71
504893,17.75,287.5,clothing,False,,49.88,49.88
504894,17.51,73.4,books,False,SAVE10,28.52,31.67
504895,20.21,62.1,electronics,False,,63.74,63.72
504896,6.41,170.6,food,False,,20.07,20.07
504897,18.41,123.4,food,True,,56.65,56.65
504898,2.25,90.0,fragile,False,,10.35,10.33
504899,16.79,233.8,books,False,SAVE10,34.7,37.72
504900,8.39,285.7,food,False,,29.39,29.39
504901,16.72,78.6,clothing,False,,37.37,37.35
504902,6.05,41.6,books,False,,11.76,12.97
504903,9.16,138.9,electronics,False,,34.42,34.44
504904,16.92,161.8,clothing,False,,41.93,41.91
504905,23.52,265.0,food,False,,55.59,55.59
504906,8.85,286.5,fragile,False,SAVE10,33.6,33.61
504907,4.64,163.2,standard,False,SAVE10,15.7,15.69
504908,3.55,196.6,food,False,SAVE10,14.6,14.6
504909,16.95,170.6,clothing,False,,42.43,42.44
504910,22.41,6.4,clothing,False,,45.14,45.15
504911,0.92,172.0,food,False,,10.26,10.26
504912,8.95,208.4,fragile,True,,59.53,85.36
504913,4.64,107.8,books,False,,12.81,13.73
504914,23.89,186.5,standard,True,SAVE10,72.68,72.7
504915,3.74,129.8,fragile,True,,34.19,52.17
504916,2.18,275.5,electronics,True,,52.86,52.88
504917,19.32,146.0,clothing,False,,45.94,45.93
504918,24.97,171.3,food,False,,53.51,53.51
504919,19.46,56.4,food,True,,48.49,48.5
504920,3.31,219.4,electronics,False,,20.9,20.91
504921,10.49,141.3,electronics,False,,38.53,38.54
504922,13.24,50.3,electronics,False,SAVE10,38.01,38.0
504923,22.52,156.2,clothing,True,SAVE10,66.12,66.13
504924,18.96,68.0,fragile,False,,52.7,52.69
504925,1.97,107.4,books,False,SAVE10,7.67,8.04
504926,11.6,87.8,food,False,,25.27,25.27
504927,19.58,156.0,clothing,False,SAVE10,42.26,42.27
504928,13.81,173.0,clothing,False,,36.27,36.28
504929,16.84,239.7,standard,True,,74.63,74.62
504930,24.2,156.6,clothing,False,,56.23,56.22
504931,24.48,264.6,electronics,False,SAVE10,78.0,78.02
504932,21.0,251.4,standard,False,,54.57,54.55
504933,14.51,18.3,books,False,SAVE10,21.72,24.32
504934,8.04,107.4,food,True,SAVE10,32.02,32.02
504935,4.41,34.1,books,False,,8.76,9.64
504936,4.6,260.9,fragile,True,,56.1,87.17
504937,16.19,17.2,clothing,False,,33.24,33.24
504938,19.44,76.1,fragile,False,,54.35,54.37
504939,21.54,177.9,electronics,False,,73.52,73.53
504940,22.89,41.2,books,False,,38.68,43.28
504941,7.55,282.3,fragile,False,,33.75,33.74
504942,8.69,84.3,books,False,,18.12,19.86
504943,5.31,37.0,books,True,,19.05,20.1
504944,13.83,41.4,food,False,SAVE10,24.27,24.28
504945,23.69,126.7,food,False,,48.98,48.99
504946,19.06,147.1,clothing,False,,45.47,45.49
504947,11.2,184.7,clothing,False,,31.64,31.64
504948,4.4,34.1,food,True,,18.04,18.04
504949,21.15,56.4,electronics,False,,66.27,66.25
504950,22.46,96.8,food,False,SAVE10,40.74,40.74
504951,19.32,24.4,fragile,False,,51.45,51.44
504952,7.66,30.2,electronics,False,SAVE10,22.04,22.06
504953,10.06,106.6,clothing,False,,25.45,25.46
504954,14.8,115.0,fragile,False,,44.23,44.24
504955,22.99,223.9,clothing,False,,57.18,57.19
504956,6.45,292.7,electronics,False,,33.98,33.99
504957,10.78,50.9,standard,False,,24.1,24.09
504958,1.97,225.1,food,False,,14.8,14.81
504959,0.58,16.0,clothing,False,,1.96,1.97
504960,6.46,59.8,books,False,,13.33,14.61
504961,20.32,23.7,electronics,True,,69.52,69.53
504962,17.05,23.3,electronics,True,,59.64,59.63
504963,12.18,56.6,books,False,,22.32,24.74
504964,10.54,165.9,food,True,,48.86,48.85
504965,6.99,233.4,fragile,True,,58.18,86.52
504966,19.27,270.8,books,True,,76.45,80.29
504967,12.45,276.2,books,False,SAVE10,30.36,32.6
504968,2.22,98.7,standard,False,,9.38,9.36
504969,15.87,253.7,fragile,False,,53.95,53.95
504970,24.83,178.9,electronics,True,,106.32,106.33
504971,2.28,202.7,books,False,,13.78,14.26
504972,24.93,205.8,fragile,False,SAVE10,67.6,67.61
504973,2.94,79.5,clothing,True,,22.8,22.8
504974,8.04,281.8,food,False,,28.56,28.56
504975,24.42,113.9,electronics,False,,78.96,78.94
504976,24.32,33.0,food,False,,45.43,45.44
504977,5.02,148.9,standard,False,,17.48,17.49
504978,18.15,171.7,books,False,,37.62,41.25
504979,15.51,171.9,books,False,SAVE10,30.07,32.88
504980,10.25,180.0,books,True,,48.4,50.44
504981,19.7,293.4,fragile,False,,65.89,65.9
504982,16.05,164.8,standard,False,SAVE10,36.31,36.31
504983,6.02,230.3,standard,False,SAVE10,21.2,21.21
504984,12.51,221.0,books,True,,58.17,60.67
504985,17.88,168.4,electronics,False,,62.06,62.05
504986,15.73,177.8,fragile,False,,49.79,49.77
504987,13.8,269.2,clothing,False,,41.06,41.05
504988,18.57,76.7,clothing,False,SAVE10,36.88,36.86
504989,3.8,232.1,electronics,True,SAVE10,46.09,46.09
504990,1.55,119.0,books,True,,25.33,25.63
504991,1.3,200.7,fragile,False,SAVE10,12.07,12.07
504992,15.7,297.7,food,True,,77.91,77.93
504993,11.14,131.6,electronics,False,,40.0,39.99
504994,20.98,246.6,standard,True,,83.95,83.94
504995,24.3,128.9,clothing,False,,55.04,55.03
504996,3.24,78.0,food,False,,9.73,9.73
504997,9.78,52.8,fragile,True,,38.35,48.64
504998,10.78,265.3,electronics,False,,45.6,45.6
504999,13.89,292.4,food,False,SAVE10,35.66,35.67
505000,22.78,229.4,standard,False,SAVE10,51.33,51.33
505001,15.2,106.8,electronics,False,,50.94,50.93
505002,7.97,282.2,standard,False,SAVE10,27.04,27.06
505003,16.74,147.6,electronics,True,,77.36,77.35
505004,8.56,151.5,standard,False,,24.7,24.71
505005,14.1,262.9,books,False,,35.7,38.51
505006,2.92,10.2,clothing,False,,6.35,6.33
505007,14.32,222.9,fragile,True,SAVE10,68.1,92.65
505008,12.22,130.1,standard,False,,30.94,30.96
505009,16.31,236.9,clothing,False,SAVE10,40.02,40.01
505010,14.38,106.3,clothing,False,SAVE10,30.67,30.66
505011,14.53,54.7,electronics,False,SAVE10,41.69,41.7
505012,18.56,182.1,electronics,False,,64.78,64.78
505013,3.77,185.9,books,False,,15.33,16.07
505014,18.91,120.4,fragile,True,,72.23,89.25
505015,15.78,109.2,food,True,SAVE10,44.81,44.82
505016,17.37,283.2,fragile,True,,92.64,125.96
505017,10.29,53.7,clothing,True,,33.64,33.65
505018,2.59,207.6,electronics,False,,18.15,18.15
505019,23.09,118.1,standard,False,,52.08,52.08
505020,20.76,297.4,fragile,False,SAVE10,61.96,61.97
505021,24.41,293.3,electronics,False,,87.9,87.9
505022,11.78,229.4,clothing,False,,35.03,35.01
505023,22.18,165.0,standard,False,,52.61,52.61
505024,21.85,146.9,books,True,,62.0,66.37
505025,13.97,46.0,electronics,False,,44.21,44.19
505026,22.56,174.4,food,False,,49.33,49.32
505027,20.46,255.6,electronics,False,,74.16,74.18
505028,3.02,235.2,clothing,True,,46.32,46.32
505029,3.78,115.7,fragile,True,,32.18,48.73
505030,10.48,57.4,standard,False,,23.83,23.84
505031,13.56,143.0,electronics,False,SAVE10,43.05,43.06
505032,16.49,16.1,books,False,SAVE10,24.47,27.44
505033,14.33,172.3,standard,True,,59.5,59.51
505034,21.96,213.2,books,False,,45.8,50.17
505035,20.12,6.8,clothing,False,,40.58,40.6
505036,3.01,237.1,clothing,False,,17.88,17.89
505037,8.81,113.9,fragile,True,SAVE10,40.49,55.22
505038,22.25,179.3,books,False,,44.57,49.01
505039,19.0,197.1,standard,False,,47.86,47.84
505040,0.89,260.1,standard,False,SAVE10,13.31,13.31
505041,15.86,293.9,clothing,False,,46.42,46.43
505042,3.59,198.0,food,False,,16.36,16.37
505043,12.83,137.1,books,False,SAVE10,24.64,26.94
505044,24.86,226.4,fragile,False,,75.96,75.97
505045,2.34,215.1,electronics,False,,17.77,17.76
505046,20.68,114.6,standard,False,,47.09,47.07
505047,12.35,270.4,electronics,False,,50.57,50.57
505048,24.48,43.6,food,False,,46.24,46.26
505049,21.56,10.3,standard,False,,43.64,43.64
505050,2.09,61.3,standard,False,,7.24,7.24
505051,16.26,198.8,clothing,False,SAVE10,38.21,38.23
505052,21.58,296.3,clothing,True,,92.6,92.59
505053,7.34,124.0,clothing,False,,20.88,20.88
505054,17.77,43.9,fragile,False,,48.4,48.42
505055,6.73,240.4,electronics,False,,32.21,32.2
505056,5.53,296.6,fragile,False,,29.21,29.2
505057,8.64,26.7,fragile,True,,31.47,39.16
505058,7.68,203.6,electronics,False,,33.22,33.24
505059,24.08,158.4,standard,False,,56.08,56.1
505060,6.26,190.4,books,True,,43.58,44.85
505061,10.9,112.8,books,True,,39.36,41.56
505062,12.4,87.8,food,False,,26.71,26.69
505063,17.43,253.4,food,False,SAVE10,39.64,39.64
505064,24.26,30.6,clothing,True,SAVE10,52.3,52.29
505065,15.54,206.8,standard,True,,67.1,67.09
505066,21.58,132.2,electronics,False,SAVE10,64.22,64.22
505067,3.72,169.9,standard,True,,37.93,37.92
505068,16.7,283.3,clothing,True,,80.9,80.91
505069,4.72,217.8,clothing,True,,47.11,47.1
505070,21.85,219.8,clothing,True,,81.67,81.67
505071,15.09,146.1,fragile,False,SAVE10,41.89,41.88
505072,3.84,201.1,food,False,,16.97,16.97
505073,21.33,129.0,clothing,False,,49.11,49.11
505074,13.36,137.4,fragile,False,SAVE10,37.45,37.43
505075,12.4,255.7,fragile,False,,45.03,45.02
505076,2.49,180.3,electronics,False,,16.48,16.5
505077,22.72,234.5,food,False,SAVE10,47.36,47.35
505078,13.09,178.8,clothing,False,,35.12,35.13
505079,21.68,155.2,electronics,False,,72.8,72.8
505080,2.34,225.3,books,True,SAVE10,38.29,38.71
505081,17.15,103.0,clothing,True,,54.75,54.76
505082,9.7,251.1,food,False,SAVE10,27.01,27.03
505083,13.65,188.4,electronics,False,,50.37,50.37
505084,15.8,79.0,electronics,True,SAVE10,57.83,57.82
505085,20.73,202.9,books,True,,68.6,72.75
505086,23.12,250.4,clothing,False,SAVE10,52.88,52.87
505087,4.58,72.8,fragile,False,,15.55,15.54
505088,21.56,111.3,books,True,,56.19,60.49
505089,3.36,163.6,clothing,False,,14.9,14.89
505090,0.76,73.3,standard,True,SAVE10,15.76,15.76
505091,7.88,207.0,food,False,,24.53,24.53
505092,7.47,246.0,food,False,,25.75,25.75
505093,19.39,143.7,clothing,False,,45.96,45.96
505094,14.23,16.8,electronics,False,,43.53,43.55
505095,10.01,101.7,books,False,,21.1,23.12
505096,19.87,218.2,electronics,True,,97.34,97.36
505097,23.43,183.8,fragile,True,,93.49,116.86
505098,16.21,155.0,books,False,,33.69,36.92
505099,16.5,232.5,standard,False,,44.62,44.62
505100,21.61,290.7,fragile,True,,104.79,138.85
505101,7.67,150.8,standard,False,SAVE10,20.59,20.6
505102,24.9,85.2,books,True,SAVE10,51.86,56.34
505103,4.82,228.6,fragile,False,,23.96,23.96
505104,1.61,57.7,fragile,False,,7.07,7.09
505105,20.67,50.6,electronics,True,,74.6,74.61
505106,4.77,205.1,standard,True,SAVE10,40.77,40.78
505107,8.72,79.8,standard,True,SAVE10,30.97,30.96
505108,13.07,236.7,clothing,False,,37.98,37.97
505109,3.22,86.2,food,False,,10.11,10.11
505110,10.88,144.2,clothing,False,SAVE10,26.07,26.07
505111,9.17,112.6,food,False,,22.14,22.12
505112,2.6,63.5,books,False,SAVE10,6.6,7.07
505113,15.27,82.9,electronics,False,,49.96,49.97
505114,11.55,192.4,electronics,False,,44.27,44.26
505115,4.41,66.3,clothing,False,SAVE10,10.92,10.93
505116,19.81,211.6,food,True,SAVE10,65.16,65.14
505117,10.55,148.8,fragile,False,,34.87,34.88
505118,1.13,85.1,food,True,SAVE10,17.82,17.84
505119,22.05,252.2,standard,False,,56.71,56.69
505120,10.52,79.7,electronics,True,,48.52,48.5
505121,2.75,282.9,books,True,,51.84,52.38
505122,7.58,173.1,food,False,,22.3,22.3
505123,6.75,231.2,fragile,False,,29.11,29.11
505124,1.58,296.5,books,False,SAVE10,15.62,15.91
505125,8.61,146.0,electronics,False,,33.13,33.14
505126,4.63,210.9,fragile,False,,22.58,22.6
505127,5.73,28.7,fragile,False,,16.33,16.34
505128,17.02,229.9,standard,False,,45.54,45.54
505129,4.38,32.9,books,False,,8.65,9.51
505130,1.03,87.1,food,False,,6.21,6.21
505131,4.87,241.8,fragile,False,,24.75,24.74
505132,7.74,209.0,electronics,True,SAVE10,53.61,53.6
505133,4.54,104.7,food,False,,13.41,13.4
505134,15.13,38.5,food,True,SAVE10,34.21,34.21
505135,22.05,41.8,electronics,False,,68.24,68.23
505136,20.85,237.5,books,True,,73.99,78.17
505137,12.03,85.1,standard,False,,28.32,28.33
505138,19.75,79.3,fragile,False,,55.32,55.33
505139,19.87,8.2,fragile,False,,52.07,52.06
505140,16.05,172.4,clothing,False,,40.72,40.73
505141,20.17,216.8,standard,False,SAVE10,46.06,46.05
505142,9.78,280.9,food,False,,31.65,31.64
505143,18.82,290.4,fragile,True,SAVE10,87.74,118.38
505144,13.31,64.8,standard,True,SAVE10,37.21,37.2
505145,18.6,20.9,electronics,False,,56.85,56.84
505146,18.61,127.7,food,True,SAVE10,51.89,51.89
505147,2.12,104.3,standard,True,,24.88,24.89
505148,20.92,35.7,clothing,True,SAVE10,46.98,46.96
505149,1.38,246.4,fragile,False,SAVE10,14.32,14.32
505150,10.97,109.8,fragile,False,SAVE10,30.61,30.61
505151,14.98,233.2,clothing,True,,69.94,69.95
505152,20.67,98.9,clothing,False,,46.28,46.27
505153,1.91,70.8,clothing,True,,19.44,19.43
505154,16.95,105.2,fragile,False,,49.33,49.34
505155,8.95,199.0,electronics,True,,61.7,61.69
505156,1.5,115.9,clothing,False,,8.8,8.81
505157,8.64,244.4,clothing,True,,58.94,58.95
505158,16.19,140.8,clothing,False,SAVE10,35.48,35.48
505159,2.53,211.5,clothing,False,,15.64,15.64
505160,21.28,118.9,standard,False,,48.5,48.51
505161,1.55,216.7,clothing,False,,13.94,13.93
505162,6.36,155.6,fragile,True,,44.88,65.45
505163,8.58,293.2,clothing,False,,31.82,31.81
505164,2.07,185.7,food,False,,13.01,12.99
505165,23.17,130.0,food,False,,48.21,48.19
505166,24.17,198.7,electronics,False,,82.44,82.43
505167,22.67,101.4,books,True,,56.48,61.03
505168,5.37,190.9,fragile,False,,23.51,23.52
505169,20.91,69.0,standard,False,SAVE10,40.74,40.74
505170,8.78,295.2,food,True,,65.08,65.09
505171,7.57,254.9,books,False,,24.86,26.36
505172,17.4,62.8,standard,True,,49.22,49.21
505173,2.59,72.7,clothing,False,,8.82,8.83
505174,0.63,162.3,standard,False,,9.38,9.39
505175,23.31,191.1,standard,False,,56.18,56.19
505176,9.17,101.8,books,True,,34.94,36.77
505177,19.98,259.7,standard,False,,52.94,52.94
505178,10.93,36.9,books,False,SAVE10,17.4,19.36
505179,2.77,171.2,clothing,False,,14.1,14.12
505180,12.13,128.3,food,False,,28.25,28.23
505181,4.69,283.0,fragile,False,,26.34,26.33
505182,2.48,220.4,fragile,False,SAVE10,15.72,15.72
505183,0.96,271.7,food,False,,15.31,15.3
505184,10.32,243.3,food,False,,30.74,30.76
505185,6.83,59.0,fragile,False,,20.71,20.69
505186,8.73,102.0,clothing,True,SAVE10,33.98,33.97
505187,24.06,106.5,clothing,True,,69.1,69.11
505188,20.81,34.2,fragile,False,,55.82,55.81
505189,17.79,251.4,standard,False,SAVE10,43.34,43.33
505190,6.48,251.4,electronics,False,,32.01,32.0
505191,18.87,239.9,electronics,False,,68.6,68.59
505192,17.6,11.7,fragile,False,SAVE10,41.71,41.71
505193,13.44,296.8,books,True,SAVE10,63.92,66.36
505194,6.35,253.1,books,False,,22.82,24.07
505195,5.59,44.0,books,False,,11.14,12.28
505196,10.78,87.6,electronics,False,,36.72,36.72
505197,7.27,191.0,food,True,,46.74,46.75
505198,22.18,143.0,clothing,False,SAVE10,46.36,46.36
505199,11.91,62.2,books,False,SAVE10,19.95,22.09
505200,17.1,216.3,fragile,False,,55.28,55.27
505201,22.48,219.2,food,False,,51.42,51.43
505202,15.72,56.3,fragile,False,,43.69,43.67
505203,4.44,143.2,books,False,,14.26,15.17
505204,8.32,268.1,books,True,,58.53,60.2
505205,23.1,61.6,standard,False,SAVE10,44.35,44.34
505206,1.63,33.5,books,False,,4.28,4.63
505207,5.93,234.3,electronics,False,,29.51,29.51
505208,15.64,291.5,fragile,True,,89.39,123.54
505209,21.43,153.4,clothing,False,,50.53,50.53
505210,20.6,10.4,clothing,False,,41.72,41.74
505211,18.41,8.1,standard,False,,37.22,37.22
505212,17.7,106.6,standard,False,,40.73,40.74
505213,9.65,294.3,electronics,False,,43.67,43.65
505214,2.0,126.9,food,False,,9.94,9.93
505215,16.08,258.1,clothing,False,,45.06,45.05
505216,2.28,273.8,books,False,,17.34,17.81
505217,20.06,115.0,clothing,False,,45.87,45.89
505218,3.71,234.2,food,False,SAVE10,16.55,16.55
505219,1.1,197.2,fragile,False,,12.72,12.71
505220,24.98,176.0,electronics,False,SAVE10,75.37,75.35
505221,4.6,84.6,books,True,,25.05,25.97
505222,14.76,232.8,food,True,,66.49,66.47
505223,2.01,206.2,food,True,,39.55,39.56
505224,24.53,115.3,food,True,,66.45,66.47
505225,0.91,94.5,fragile,False,,7.09,7.09
505226,17.35,53.0,books,False,,30.41,33.88
505227,21.17,13.0,clothing,True,,49.29,49.3
505228,7.76,137.6,electronics,True,,48.92,48.93
505229,0.69,196.3,books,False,,10.92,11.06
505230,1.41,162.7,clothing,True,,32.22,32.23
505231,1.99,179.6,electronics,False,,14.95,14.94
505232,18.98,88.3,food,False,,38.58,38.57
505233,13.45,198.9,fragile,False,SAVE10,40.42,40.44
505234,22.46,28.5,electronics,True,,76.65,76.64
505235,16.0,72.8,books,False,,29.24,32.46
505236,15.05,53.1,books,True,,37.04,40.07
505237,5.44,86.2,clothing,False,,15.19,15.19
505238,5.98,234.3,clothing,False,,23.68,23.69
505239,24.47,145.7,books,True,,66.01,70.9
505240,23.83,215.7,standard,True,,85.01,85.01
505241,11.23,243.6,food,True,,61.75,61.77
505242,19.98,130.6,standard,True,,64.55,64.55
505243,18.14,99.4,electronics,True,,74.33,74.31
505244,7.3,25.1,books,True,,20.44,21.9
505245,5.4,145.6,clothing,True,,37.64,37.65
505246,18.85,264.5,electronics,False,SAVE10,62.8,62.79
505247,24.09,275.4,fragile,False,,76.4,76.4
505248,24.6,202.9,standard,True,,84.64,84.63
505249,9.25,161.1,electronics,False,,35.8,35.82
505250,2.11,272.2,books,False,,16.99,17.4
505251,8.32,95.2,electronics,True,SAVE10,39.82,39.8
505252,2.21,95.8,standard,True,,23.79,23.77
505253,24.7,288.8,fragile,False,,78.66,78.65
505254,8.03,234.9,books,False,,24.59,26.2
505255,21.26,291.0,books,False,,48.57,52.83
505256,6.54,211.0,clothing,False,SAVE10,21.27,21.25
505257,24.02,12.8,books,True,SAVE10,40.82,45.14
505258,12.48,180.6,electronics,True,,69.53,69.54
505259,20.93,115.9,standard,False,,47.66,47.64
505260,15.18,89.0,clothing,True,,48.71,48.72
505261,19.27,208.2,standard,False,SAVE10,44.06,44.07
505262,2.29,255.3,books,False,,16.43,16.88
505263,2.65,237.6,food,False,,16.65,16.64
505264,9.25,252.3,standard,False,,31.12,31.11
505265,22.0,69.4,electronics,False,,69.47,69.47
505266,22.78,136.6,fragile,False,SAVE10,59.45,59.46
505267,17.91,187.4,food,False,,41.61,41.6
505268,15.17,12.7,standard,False,,30.98,30.97
505269,1.7,164.3,electronics,True,,34.75,34.73
505270,23.24,21.4,fragile,False,,61.49,61.5
505271,16.67,137.0,electronics,True,,75.56,75.58
505272,15.59,103.5,fragile,False,,45.71,45.69
505273,21.13,192.9,food,False,,47.68,47.69
505274,6.29,130.2,electronics,False,,25.38,25.4
505275,15.69,70.1,food,False,,31.75,31.74
505276,17.23,45.8,books,False,,29.86,33.3
505277,19.03,253.5,food,True,SAVE10,69.55,69.55
505278,2.82,23.4,books,True,SAVE10,11.72,12.22
505279,18.34,170.8,food,True,SAVE10,57.27,57.28
505280,22.62,160.6,food,False,SAVE10,43.87,43.87
505281,15.9,31.5,electronics,True,SAVE10,51.68,51.67
505282,4.66,111.6,electronics,True,,35.72,35.72
505283,23.01,261.0,food,False,SAVE10,49.02,49.01
505284,3.0,263.0,standard,False,,19.15,19.16
505285,6.14,30.3,standard,False,,13.8,13.79
505286,21.44,274.2,fragile,False,,69.45,69.47
505287,14.92,127.8,standard,False,,36.23,36.25
505288,8.72,181.8,electronics,True,,58.43,58.41
505289,20.19,41.0,electronics,True,,71.72,71.72
505290,16.36,165.1,standard,True,,62.48,62.49
505291,3.39,202.2,standard,False,,16.89,16.88
505292,6.19,112.0,standard,False,,17.98,18.0
505293,20.36,132.5,clothing,False,,47.34,47.36
505294,20.37,219.8,food,False,,47.66,47.66
505295,2.32,81.8,books,True,,20.98,21.44
505296,13.28,115.6,food,False,,29.68,29.68
505297,17.97,177.9,clothing,True,SAVE10,60.86,60.84
505298,8.47,284.2,books,True,,61.18,62.86
505299,2.04,203.9,food,True,,39.26,39.26
505300,10.72,86.3,food,True,,37.24,37.24
505301,23.4,279.2,food,False,,56.08,56.08
505302,18.39,85.3,food,True,,50.9,50.9
505303,5.73,150.1,books,True,,36.68,37.81
505304,21.2,80.2,fragile,True,,72.15,85.17
505305,16.86,104.5,fragile,True,,64.51,79.95
505306,7.61,242.1,books,False,SAVE10,21.85,23.24
505307,7.08,72.5,standard,True,,30.04,30.03
505308,4.84,275.2,clothing,True,,55.96,55.96
505309,10.42,240.6,books,False,,28.7,30.77
505310,9.32,285.8,clothing,True,,66.51,66.51
505311,7.49,238.3,food,False,,25.4,25.4
505312,21.91,135.7,electronics,False,,72.52,72.53
505313,19.14,185.1,standard,False,,47.54,47.52
505314,12.57,123.1,fragile,False,,38.84,38.84
505315,24.09,160.6,books,False,,46.57,51.39
505316,17.0,187.7,fragile,False,,53.58,53.59
505317,23.82,18.9,food,True,,50.71,50.71
505318,20.71,158.7,fragile,False,,61.78,61.76
505319,16.04,157.9,electronics,False,,56.02,56.01
505320,17.5,200.0,clothing,True,,70.0,70.02
505321,19.49,147.8,fragile,False,,58.06,58.05
505322,19.05,13.9,books,False,,31.18,34.99
505323,21.9,222.6,clothing,True,,82.19,82.17
505324,8.83,252.7,electronics,False,,39.12,39.11
505325,9.4,162.0,food,False,,25.02,25.03
505326,6.55,260.4,books,False,,23.5,24.8
505327,23.09,291.6,electronics,True,,118.01,117.99
505328,22.64,18.7,books,False,,37.16,41.69
505329,11.33,291.1,electronics,True,,82.66,82.64
505330,10.33,118.6,clothing,True,,43.45,43.47
505331,3.75,177.5,electronics,True,SAVE10,38.59,38.6
505332,24.39,296.3,clothing,True,SAVE10,88.4,88.41
505333,16.96,42.8,books,True,SAVE10,34.7,37.77
505334,24.11,8.1,fragile,False,SAVE10,56.78,56.78
505335,15.99,139.2,standard,True,,57.86,57.87
505336,13.09,181.0,standard,False,,35.23,35.24
505337,18.85,297.7,books,False,,45.04,48.8
505338,22.23,276.7,electronics,False,,80.53,80.53
505339,21.2,202.6,food,False,,48.29,48.28
505340,8.98,172.8,food,True,SAVE10,42.38,42.38
505341,12.92,238.3,fragile,False,,45.51,45.52
505342,23.65,103.6,fragile,False,,66.67,66.69
505343,12.9,174.4,books,True,SAVE10,46.62,48.94
505344,20.15,188.1,standard,False,,49.7,49.71
505345,13.36,34.6,electronics,False,,41.81,41.81
505346,20.9,99.3,food,False,SAVE10,38.33,38.34
505347,2.17,19.4,food,False,,4.88,4.87
505348,0.53,115.4,food,True,,23.26,23.27
505349,2.72,164.7,clothing,False,SAVE10,12.31,12.29
505350,11.18,34.1,books,True,,28.0,30.23
505351,9.5,61.0,books,False,,18.25,20.14
505352,24.0,54.8,electronics,True,SAVE10,76.7,76.69
505353,24.93,287.2,standard,True,,97.94,97.94
505354,3.8,19.1,books,True,SAVE10,12.55,13.23
505355,20.94,17.1,food,False,SAVE10,34.69,34.71
505356,12.97,122.4,food,False,,29.47,29.47
505357,21.11,121.4,food,False,,44.07,44.07
505358,9.54,226.5,clothing,False,,30.4,30.39
505359,19.43,67.0,electronics,False,,61.64,61.65
505360,0.61,34.9,fragile,False,,3.33,3.34
505361,11.96,82.7,electronics,False,,40.02,40.01
505362,8.65,247.9,standard,True,,59.48,59.48
505363,6.67,108.6,books,False,,16.1,17.43
505364,7.86,184.5,electronics,True,,56.26,56.24
505365,10.77,146.3,clothing,False,,28.86,28.87
505366,12.65,262.7,food,False,,35.9,35.91
505367,13.36,12.8,electronics,True,SAVE10,42.3,42.32
505368,18.5,163.1,standard,False,,45.16,45.14
505369,20.76,228.9,electronics,False,,73.72,73.73
505370,24.06,236.5,food,True,,83.78,83.79
505371,16.89,225.4,electronics,False,,61.94,61.96
505372,6.79,111.9,clothing,False,SAVE10,17.26,17.25
505373,14.68,241.4,standard,False,,41.43,41.42
505374,11.24,184.4,standard,False,,31.7,31.69
505375,6.26,255.9,food,True,,54.65,54.65
505376,8.64,265.8,electronics,False,,39.21,39.23
505377,6.11,170.2,electronics,True,,48.86,48.85
505378,13.7,22.6,clothing,True,,35.79,35.79
505379,2.12,294.9,books,True,,52.63,53.06
505380,13.81,66.4,electronics,False,,44.75,44.77
505381,10.59,186.2,clothing,False,,30.49,30.5
505382,0.66,11.5,food,True,,7.91,7.89
505383,7.26,14.6,books,False,,12.35,13.79
505384,24.29,257.5,electronics,False,,85.74,85.74
505385,14.7,294.6,electronics,False,,58.83,58.84
505386,2.09,89.0,electronics,False,,10.72,10.74
505387,14.65,144.9,standard,False,SAVE10,32.89,32.87
505388,17.75,14.7,clothing,False,SAVE10,32.61,32.61
505389,3.8,7.7,food,False,SAVE10,6.5,6.49
505390,10.37,31.5,clothing,False,,22.32,22.31
505391,5.74,267.2,standard,False,,24.84,24.84
505392,13.79,54.4,electronics,False,,44.09,44.07
505393,20.65,24.4,food,False,,38.39,38.4
505394,6.37,154.7,standard,True,,40.94,40.93
505395,3.92,61.5,clothing,False,,10.92,10.91
505396,3.91,279.7,electronics,False,,25.72,25.7
505397,15.55,239.7,food,True,SAVE10,62.05,62.05
505398,2.2,222.9,fragile,True,,44.16,71.45
505399,13.4,89.7,food,False,,28.6,28.62
505400,20.35,186.9,food,False,,45.98,45.99
505401,19.28,184.6,fragile,False,,59.36,59.34
505402,16.92,18.8,books,False,,28.01,31.39
505403,0.77,219.4,food,False,,12.36,12.36
505404,11.08,293.3,food,True,,68.94,68.95
505405,6.46,94.2,standard,False,,17.63,17.62
505406,13.12,260.0,food,False,,36.62,36.61
505407,4.22,63.9,books,False,,9.95,10.77
505408,3.81,16.4,food,True,,14.32,14.33
505409,23.81,130.1,clothing,True,SAVE10,64.92,64.93
505410,22.07,168.9,books,False,,43.76,48.18
505411,2.89,132.4,electronics,True,SAVE10,30.18,30.18
505412,20.78,79.6,fragile,False,,58.01,57.99
505413,2.12,24.2,electronics,True,,14.99,15.01
505414,8.8,125.5,food,False,,22.12,22.12
505415,24.85,29.0,electronics,True,,83.9,83.91
505416,23.54,63.9,food,False,,45.57,45.58
505417,11.95,250.7,books,False,,31.66,34.05
505418,17.7,236.3,electronics,False,,64.91,64.92
505419,9.88,258.7,electronics,False,,42.58,42.59
505420,21.29,134.5,electronics,True,,89.04,89.05
505421,8.25,166.5,standard,True,,46.48,46.49
505422,5.55,286.3,electronics,False,,30.96,30.96
505423,4.04,238.6,food,False,,19.2,19.18
505424,15.95,43.8,clothing,True,,43.47,43.49
505425,14.17,235.0,food,True,SAVE10,59.18,59.18
505426,22.62,80.9,standard,False,,49.28,49.27
505427,4.1,184.5,electronics,True,,44.97,44.98
505428,20.21,13.3,fragile,False,,53.21,53.21
505429,23.62,122.2,standard,False,,53.35,53.36
505430,18.8,123.4,food,True,SAVE10,51.62,51.62
505431,3.32,167.0,standard,True,,36.69,36.7
505432,4.26,126.3,food,False,,13.98,13.98
505433,2.65,51.2,food,False,,7.33,7.35
505434,8.68,261.6,standard,False,SAVE10,27.4,27.4
505435,19.1,125.9,books,False,,36.86,40.68
505436,4.05,30.7,fragile,False,,12.06,12.06
505437,11.5,222.7,food,True,,59.1,59.09
505438,1.59,226.9,food,False,,14.21,14.22
505439,17.12,22.6,food,True,SAVE10,35.29,35.27
505440,2.92,38.9,clothing,False,,7.78,7.77
505441,19.93,7.4,clothing,False,,40.23,40.22
505442,15.51,164.1,standard,False,,39.22,39.23
505443,5.17,171.0,clothing,False,,18.89,18.9
505444,17.61,295.0,books,False,,42.93,46.46
505445,9.05,94.8,fragile,False,,28.27,28.26
505446,13.33,50.2,electronics,False,,42.5,42.48
505447,14.14,275.2,food,True,,71.73,71.72
505448,7.15,59.3,fragile,False,SAVE10,19.4,19.4
505449,10.72,185.0,standard,False,,30.69,30.69
505450,19.76,29.6,fragile,True,SAVE10,54.73,61.92
505451,21.68,239.9,standard,False,SAVE10,49.82,49.83
505452,21.29,34.3,fragile,False,,57.07,57.08
505453,14.42,25.9,fragile,False,SAVE10,34.91,34.9
505454,21.87,57.3,clothing,True,,57.34,57.35
505455,3.94,263.5,food,True,,51.62,51.63
505456,24.6,155.1,food,False,,52.04,52.05
505457,1.6,182.6,fragile,False,,13.29,13.29
505458,22.53,64.5,fragile,True,,73.25,84.71
505459,19.9,275.8,fragile,False,,65.53,65.51
505460,10.06,277.7,electronics,False,,44.06,44.05
505461,19.86,112.4,books,False,,37.4,41.36
505462,23.96,224.5,standard,True,,86.6,86.58
505463,4.52,283.9,electronics,True,SAVE10,55.03,55.03
505464,16.41,167.6,clothing,False,SAVE10,37.08,37.09
505465,0.61,147.8,fragile,False,SAVE10,8.08,8.09
505466,16.78,192.6,standard,True,,67.45,67.44
505467,2.01,13.5,clothing,False,,4.69,4.68
505468,16.86,37.3,fragile,False,,45.7,45.7
505469,1.16,161.2,food,True,SAVE10,28.14,28.13
505470,10.38,125.5,books,True,,40.43,42.5
505471,21.74,86.5,food,True,,57.11,57.11
505472,8.01,157.8,electronics,False,SAVE10,28.73,28.74
505473,24.25,148.5,electronics,True,,100.02,100.03
505474,12.05,129.1,electronics,True,,60.52,60.51
505475,4.96,264.6,electronics,True,,59.57,59.58
505476,23.44,43.9,food,True,,53.78,53.79
505477,4.31,271.6,electronics,True,SAVE10,52.8,52.82
505478,15.05,239.3,food,False,SAVE10,35.15,35.15
505479,23.6,80.0,standard,False,,51.2,51.2
505480,23.55,177.2,standard,False,,55.96,55.97
505481,14.11,228.6,fragile,True,,75.98,103.85
505482,5.7,168.7,food,False,,18.7,18.7
505483,12.76,52.4,fragile,True,,46.04,56.28
505484,7.65,111.9,electronics,True,SAVE10,40.26,40.25
505485,8.2,165.6,books,True,SAVE10,38.66,40.15
505486,8.28,207.3,clothing,True,,52.66,52.67
505487,5.44,144.2,food,False,,17.0,16.99
505488,1.45,186.4,books,False,,11.64,11.94
505489,18.89,220.7,books,False,,41.26,45.05
505490,0.82,232.4,fragile,True,,41.99,70.23
505491,14.54,229.1,standard,True,,68.44,68.44
505492,9.5,141.5,clothing,False,,26.08,26.06
505493,16.43,260.9,fragile,True,SAVE10,78.17,106.17
505494,14.72,53.3,books,True,,36.55,39.48
505495,12.24,173.6,standard,False,SAVE10,29.84,29.86
505496,19.55,56.9,food,True,,48.73,48.73
505497,14.51,42.7,food,False,SAVE10,25.43,25.41
505498,22.51,163.3,books,False,,44.18,48.68
505499,14.84,178.1,clothing,False,,38.58,38.58
505500,21.97,267.2,standard,True,,89.02,89.01
505501,21.67,231.7,standard,False,,54.92,54.93
505502,17.82,228.9,fragile,True,,85.67,113.55
505503,8.57,147.0,standard,True,,44.19,44.18
505504,12.42,130.3,books,False,,26.39,28.88
505505,2.44,227.0,electronics,False,,18.67,18.66
505506,18.27,256.3,food,False,SAVE10,41.13,41.12
505507,16.33,76.7,food,False,SAVE10,29.91,29.89
505508,20.55,42.4,books,False,,35.0,39.13
505509,2.57,98.5,electronics,False,SAVE10,11.37,11.39
505510,3.65,122.8,electronics,False,,17.09,17.1
505511,16.33,296.9,clothing,False,,47.5,47.51
505512,18.44,243.1,standard,True,,78.34,78.36
505513,2.31,244.2,standard,False,,16.83,16.83
505514,1.25,291.3,clothing,True,,51.2,51.19
505515,8.46,268.3,clothing,True,,62.17,62.16
505516,8.82,58.6,electronics,False,,29.39,29.38
505517,1.78,76.8,electronics,False,,9.18,9.17
505518,2.89,238.2,books,False,,16.53,17.13
505519,5.5,277.5,standard,True,,57.62,57.62
505520,0.85,116.0,clothing,False,,7.5,7.49
505521,4.12,298.7,books,False,,21.53,22.34
505522,1.13,57.0,clothing,False,,5.11,5.11
505523,9.56,16.6,fragile,True,,32.35,39.01
505524,18.84,280.1,fragile,False,,62.99,62.97
505525,16.7,103.6,clothing,False,SAVE10,34.72,34.72
505526,15.31,30.5,food,False,,29.08,29.09
505527,11.96,272.6,food,False,,35.16,35.18
505528,5.09,88.5,standard,True,SAVE10,25.61,25.61
505529,1.68,249.4,standard,False,,15.83,15.84
505530,5.05,285.6,books,False,,22.36,23.37
505531,23.71,118.4,fragile,True,,84.41,101.26
505532,20.44,110.1,fragile,False,,58.65,58.64
505533,14.46,208.5,electronics,False,,53.81,53.81
505534,15.53,72.7,standard,False,,34.7,34.71
505535,18.76,279.9,food,True,,80.75,80.74
505536,20.64,293.4,electronics,False,SAVE10,68.93,68.92
505537,6.42,14.3,books,False,,10.99,12.27
505538,20.16,248.7,electronics,True,,102.79,102.8
505539,16.38,90.5,electronics,True,,67.72,67.73
505540,7.31,133.7,fragile,False,,25.69,25.7
505541,7.55,63.9,food,True,,28.18,28.17
505542,4.7,247.5,electronics,True,,56.22,56.23
505543,13.91,179.7,standard,False,,36.8,36.8
505544,24.23,194.2,clothing,True,,82.59,82.61
505545,19.85,213.0,electronics,False,,70.2,70.21
505546,4.58,115.6,food,False,SAVE10,12.62,12.62
505547,3.44,259.7,fragile,False,,21.93,21.94
505548,7.4,16.6,clothing,True,,22.29,22.31
505549,4.53,153.4,fragile,False,,19.45,19.45
505550,3.99,144.5,food,True,SAVE10,30.47,30.46
505551,18.43,146.6,clothing,False,,44.19,44.2
505552,8.21,169.8,books,True,,43.61,45.27
505553,14.36,202.8,books,True,,58.4,61.26
505554,8.22,88.6,standard,False,,20.87,20.86
505555,24.62,165.8,standard,True,,79.11,79.09
505556,15.01,103.2,books,False,,29.18,32.19
505557,3.92,296.6,clothing,False,SAVE10,20.4,20.4
505558,19.54,260.6,books,False,SAVE10,39.86,43.39
505559,7.6,7.9,electronics,False,,23.19,23.21
505560,11.65,23.5,clothing,False,,24.48,24.48
505561,7.54,94.3,standard,False,,19.8,19.78
505562,12.5,215.0,food,False,,33.25,33.25
505563,8.03,298.8,food,False,,29.39,29.41
505564,8.36,275.0,standard,False,,30.47,30.48
505565,4.36,8.3,fragile,True,,17.58,23.43
505566,24.02,64.3,standard,False,,51.26,51.27
505567,5.58,295.1,standard,True,,60.43,60.41
505568,7.43,142.0,electronics,True,,48.59,48.58
505569,10.55,181.5,clothing,False,,30.18,30.17
505570,3.39,145.8,electronics,False,SAVE10,15.71,15.71
505571,6.11,165.5,food,False,SAVE10,17.35,17.36
505572,10.48,33.5,books,True,,26.79,28.9
505573,14.8,249.4,standard,False,,42.07,42.07
505574,13.64,127.2,clothing,False,,33.64,33.63
505575,9.53,167.1,books,False,,23.6,25.51
505576,17.08,100.0,food,True,,50.74,50.75
505577,18.77,65.7,food,False,,37.07,37.05
505578,7.0,79.4,electronics,False,SAVE10,22.47,22.47
505579,6.37,136.2,clothing,False,,19.55,19.55
505580,15.82,49.0,books,True,,37.66,40.82
505581,10.58,213.7,electronics,False,,42.42,42.44
505582,20.84,83.3,fragile,False,,58.35,58.36
505583,0.74,278.9,clothing,False,,15.42,15.44
505584,13.77,261.2,fragile,False,,48.86,48.88
505585,9.04,283.6,food,False,SAVE10,27.41,27.39
505586,5.7,184.3,fragile,True,,47.46,70.91
505587,21.76,176.2,standard,False,,52.33,52.34
505588,5.82,109.6,standard,True,SAVE10,29.77,29.76
505589,19.82,14.7,fragile,False,,52.27,52.25
505590,21.42,237.3,books,False,,46.14,50.43
505591,24.2,188.6,standard,False,,57.83,57.82
505592,3.35,97.8,clothing,True,,26.37,26.37
505593,4.32,177.4,electronics,True,,44.57,44.58
505594,2.56,266.7,electronics,True,SAVE10,47.42,47.4
505595,8.35,57.4,standard,False,,19.57,19.56
505596,22.72,33.4,electronics,True,,78.17,78.15
505597,16.27,131.7,books,False,,32.62,35.89
505598,4.29,74.2,clothing,False,,12.29,12.28
505599,3.09,281.3,books,True,,52.14,52.75
505600,18.86,258.1,food,True,,77.66,77.66
505601,15.77,42.2,food,True,SAVE10,35.74,35.74
505602,0.56,106.9,standard,False,,6.47,6.48
505603,14.89,219.8,fragile,False,,49.7,49.69
505604,5.15,151.2,clothing,True,,37.98,37.99
505605,7.69,283.2,food,False,SAVE10,25.2,25.21
505606,2.97,279.0,standard,True,,52.79,52.8
505607,24.79,8.1,food,False,,45.03,45.03
505608,11.69,284.5,fragile,True,,78.07,111.52
505609,15.61,41.1,clothing,False,,33.28,33.29
505610,5.5,59.3,food,True,,23.8,23.79
505611,9.69,223.6,electronics,False,,40.25,40.26
505612,16.35,204.3,standard,False,SAVE10,38.62,38.61
505613,18.79,48.6,food,False,,36.25,36.24
505614,22.72,288.8,books,False,,50.79,55.35
505615,6.57,145.8,standard,False,,20.43,20.44
505616,6.38,185.9,standard,True,,45.64,45.65
505617,10.38,51.3,clothing,False,,23.33,23.32
505618,8.05,259.0,food,False,SAVE10,24.7,24.69
505619,20.58,254.2,electronics,False,,74.45,74.45
505620,9.6,104.4,clothing,False,,24.42,24.43
505621,9.65,154.5,clothing,False,,27.02,27.04
505622,12.81,19.7,electronics,True,,46.38,46.37
505623,14.32,256.1,food,True,,69.19,69.17
505624,9.16,54.1,electronics,True,,40.6,40.59
505625,0.71,245.3,books,True,,42.93,43.05
505626,18.52,51.1,electronics,False,,58.12,58.12
505627,3.31,148.4,food,False,SAVE10,12.04,12.03
505628,21.43,277.8,books,True,,80.96,85.23
505629,6.55,51.1,fragile,True,SAVE10,26.73,35.82
505630,6.76,68.1,food,False,,15.57,15.56
505631,13.62,136.2,fragile,False,,42.22,42.24
505632,22.73,196.9,fragile,False,,68.94,68.95
505633,9.82,14.8,food,False,,18.42,18.41
505634,12.27,126.1,food,False,,28.39,28.39
505635,10.66,79.5,fragile,False,,31.69,31.69
505636,3.25,75.7,food,False,,9.64,9.64
505637,7.56,77.8,food,False,,17.5,17.5
505638,22.96,195.4,standard,False,,55.69,55.67
505639,23.52,212.3,food,True,,79.18,79.18
505640,6.75,62.3,fragile,True,SAVE10,28.71,38.8
505641,23.04,68.8,food,False,,44.91,44.91
505642,0.89,236.0,electronics,False,,14.47,14.48
505643,18.11,289.6,clothing,False,,50.7,50.72
505644,1.13,157.4,food,True,,30.64,30.65
505645,10.94,285.7,clothing,True,SAVE10,62.76,62.75
505646,10.61,188.2,food,False,,28.51,28.51
505647,11.16,87.6,standard,True,,40.46,40.45
505648,23.56,288.7,food,False,,56.84,56.85
505649,9.13,61.6,fragile,False,,26.82,26.83
505650,0.94,261.0,food,False,,14.74,14.75
505651,3.2,270.0,food,False,,19.26,19.26
505652,18.86,113.2,books,False,,35.84,39.61
505653,3.65,13.0,food,True,SAVE10,12.17,12.16
505654,1.94,267.6,food,False,,16.87,16.89
505655,5.29,154.8,standard,False,,18.32,18.31
505656,24.46,106.7,books,False,SAVE10,40.02,44.44
505657,11.39,179.9,food,False,SAVE10,26.55,26.55
505658,4.13,282.3,clothing,False,,22.38,22.38
505659,16.63,227.2,clothing,True,,72.34,72.32
505660,9.75,185.7,books,True,SAVE10,43.61,45.36
505661,14.04,247.1,books,True,,64.53,67.34
505662,24.9,182.9,food,False,SAVE10,48.57,48.58
505663,17.63,127.4,fragile,False,,52.21,52.21
505664,13.6,266.8,fragile,True,,80.38,112.08
505665,24.96,149.3,clothing,False,,57.39,57.39
505666,12.89,196.2,electronics,False,,48.48,48.49
505667,11.59,92.4,clothing,False,SAVE10,25.02,25.01
505668,21.34,214.1,fragile,False,,66.19,66.18
505669,23.97,275.0,books,False,,52.1,56.92
505670,18.13,116.9,books,False,SAVE10,31.37,34.63
505671,9.45,247.2,fragile,False,,36.93,36.92
505672,10.36,289.9,food,False,SAVE10,29.83,29.81
505673,0.72,185.0,food,False,,10.55,10.57
505674,6.37,123.3,clothing,True,,36.24,36.22
505675,19.53,111.9,books,True,,53.03,56.94
505676,12.48,23.4,standard,False,SAVE10,23.52,23.52
505677,21.48,114.3,clothing,False,,48.68,48.69
505678,16.92,104.1,fragile,False,,49.2,49.18
505679,14.37,102.5,books,False,SAVE10,25.31,27.89
505680,20.24,122.8,books,False,SAVE10,34.67,38.32
505681,12.7,79.6,clothing,False,,29.38,29.36
505682,16.85,236.6,books,True,,67.45,70.83
505683,12.5,153.2,fragile,False,,40.16,40.16
505684,9.14,229.1,fragile,True,,63.13,91.05
505685,19.24,37.3,clothing,True,,49.08,49.06
505686,2.24,267.1,books,False,SAVE10,15.25,15.65
505687,24.44,74.0,standard,False,SAVE10,47.32,47.34
505688,24.04,92.3,fragile,False,,67.12,67.13
505689,20.84,207.0,electronics,False,,72.87,72.85
505690,11.95,242.9,standard,False,,36.04,36.03
505691,11.52,201.9,fragile,False,,40.05,40.06
505692,10.36,167.1,food,False,,27.0,26.99
505693,11.75,79.0,clothing,False,SAVE10,24.7,24.71
505694,5.93,43.3,standard,False,,14.02,14.01
505695,20.08,87.0,fragile,False,,56.56,56.54
505696,22.09,66.7,clothing,True,,59.18,59.19
505697,12.77,165.7,electronics,True,SAVE10,61.35,61.33
505698,21.4,216.8,clothing,True,,80.32,80.33
505699,7.65,201.9,standard,True,,50.59,50.57
505700,21.56,78.6,standard,False,SAVE10,42.34,42.34
505701,24.34,163.7,electronics,False,,81.2,81.2
505702,16.93,272.1,electronics,False,,64.4,64.39
505703,24.09,171.2,electronics,False,,80.83,80.84
505704,18.29,63.3,electronics,False,,58.04,58.05
505705,17.49,244.9,books,False,,40.23,43.74
505706,12.09,93.7,electronics,True,,55.32,55.33
505707,1.97,276.0,electronics,True,,52.31,52.31
505708,3.57,225.1,books,False,,16.97,17.67
505709,20.78,57.4,electronics,True,,75.95,75.93
505710,4.95,32.7,fragile,False,,14.5,14.5
505711,17.32,94.0,books,False,,32.41,35.89
505712,4.42,283.8,fragile,True,,59.06,92.43
505713,19.0,295.1,standard,False,,52.76,52.75
505714,23.91,170.0,electronics,False,,80.23,80.24
505715,15.65,49.6,books,False,SAVE10,24.77,27.59
505716,1.45,150.9,clothing,True,,30.54,30.54
505717,18.56,259.9,clothing,False,SAVE10,45.1,45.1
505718,12.16,173.5,electronics,False,SAVE10,40.64,40.63
505719,21.71,29.3,standard,False,,44.89,44.88
505720,4.15,162.7,fragile,False,,18.92,18.93
505721,7.38,296.5,standard,True,,64.24,64.24
505722,23.02,31.2,food,True,,51.12,51.13
505723,21.01,82.8,clothing,True,,59.44,59.43
505724,22.77,247.0,clothing,True,SAVE10,78.83,78.84
505725,13.26,218.8,standard,False,SAVE10,33.71,33.71
505726,17.02,279.7,food,False,SAVE10,40.16,40.16
505727,23.36,45.5,standard,False,,49.0,49.0
505728,16.67,157.4,standard,True,,61.95,61.94
505729,2.64,168.3,fragile,True,,37.11,58.92
505730,4.29,177.4,food,True,,39.33,39.33
505731,0.56,49.4,books,True,SAVE10,11.98,12.09
505732,3.23,201.6,standard,False,,16.54,16.55
505733,1.17,284.3,food,False,,16.32,16.32
505734,9.93,101.0,books,False,,20.94,22.91
505735,15.61,283.3,books,True,,72.47,75.59
505736,21.6,160.5,standard,False,,51.22,51.23
505737,10.51,235.3,standard,True,,61.32,61.32
505738,4.44,219.8,electronics,True,,51.29,51.3
505739,22.77,248.1,food,False,,53.39,53.41
505740,22.96,263.5,books,True,SAVE10,73.13,77.25
505741,24.45,156.1,clothing,False,,56.7,56.7
505742,1.08,74.7,electronics,False,SAVE10,6.28,6.28
505743,14.98,88.5,clothing,False,,34.38,34.4
505744,15.95,56.1,clothing,False,SAVE10,31.23,31.25
505745,13.59,14.0,fragile,True,,42.43,48.84
505746,5.1,291.0,food,False,,23.73,23.71
505747,23.06,198.4,clothing,True,,80.88,80.89
505748,13.65,88.0,food,False,SAVE10,26.07,26.06
505749,1.41,111.9,books,False,SAVE10,7.07,7.32
505750,8.98,64.7,books,True,,29.07,30.88
505751,18.32,285.4,fragile,False,SAVE10,55.71,55.72
505752,5.47,280.5,standard,True,,58.02,58.01
505753,19.52,116.9,food,False,,40.98,40.99
505754,5.64,277.8,clothing,False,,25.17,25.16
505755,11.1,39.4,electronics,False,,35.27,35.28
505756,7.66,213.7,fragile,False,,30.6,30.61
505757,3.63,81.0,books,False,,9.86,10.58
505758,22.15,274.1,clothing,False,,58.0,58.01
505759,8.84,34.2,fragile,False,,24.69,24.71
505760,18.91,117.5,clothing,False,,43.7,43.7
505761,22.34,224.5,fragile,True,,96.76,124.2
505762,7.43,58.4,books,False,,14.81,16.3
505763,0.64,201.8,books,False,SAVE10,10.0,10.11
505764,13.37,213.0,fragile,False,,45.41,45.43
505765,6.27,260.8,books,False,,23.07,24.32
505766,21.91,292.4,fragile,True,,105.83,140.06
505767,4.54,49.8,books,False,,9.75,10.66
505768,18.17,60.7,books,True,,43.18,46.82
505769,1.13,104.0,books,True,,22.41,22.62
505770,7.14,162.5,clothing,True,,43.66,43.67
505771,5.32,247.3,food,False,,21.94,21.95
505772,21.38,262.8,food,True,,82.9,82.92
505773,15.18,284.8,books,False,,38.53,41.56
505774,16.66,85.2,fragile,True,SAVE10,54.99,67.16
505775,2.52,154.2,fragile,False,,14.26,14.27
505776,8.06,297.9,clothing,False,,31.02,31.03
505777,22.37,165.7,clothing,False,,53.03,53.03
505778,15.52,226.8,books,False,SAVE10,32.55,35.34
505779,19.06,246.6,books,False,,42.83,46.63
505780,12.79,67.8,standard,False,,28.97,28.95
505781,5.53,198.7,electronics,True,SAVE10,46.26,46.25
505782,22.89,103.3,fragile,True,SAVE10,72.01,85.81
505783,6.97,154.6,food,True,,40.74,40.72
505784,4.67,292.0,books,True,,56.27,57.22
505785,16.4,100.8,clothing,False,,37.84,37.85
505786,2.61,264.9,food,False,,17.94,17.93
505787,19.23,199.5,clothing,True,,73.39,73.38
505788,17.95,6.4,electronics,False,,54.17,54.17
505789,9.89,48.9,standard,False,,22.22,22.22
505790,13.12,152.9,clothing,True,,54.18,54.18
505791,12.43,206.6,fragile,True,SAVE10,61.48,84.57
505792,2.33,262.8,fragile,True,,50.48,81.74
505793,2.45,120.3,food,False,,10.42,10.43
505794,9.13,133.7,standard,True,SAVE10,38.98,38.97
505795,0.66,280.1,fragile,False,,15.72,15.74
505796,5.05,37.1,food,True,,19.66,19.65
505797,9.46,172.9,fragile,False,,33.24,33.24
505798,15.87,234.3,food,False,,40.28,40.26
505799,13.13,93.5,standard,False,,30.94,30.93
505800,4.75,263.8,standard,True,,54.07,54.05
505801,19.11,201.0,food,True,,69.55,69.55
505802,19.96,75.7,standard,False,,43.7,43.72
505803,16.74,212.8,standard,False,,44.12,44.14
505804,17.35,187.6,clothing,False,,44.08,44.06
505805,6.71,24.8,books,False,,11.98,13.32
505806,21.04,80.0,electronics,True,,80.12,80.13
505807,14.83,36.9,standard,True,,40.2,40.18
505808,4.85,55.4,electronics,False,SAVE10,15.59,15.58
505809,17.27,232.1,standard,False,,46.14,46.15
505810,15.87,128.8,clothing,False,SAVE10,34.36,34.36
505811,14.43,55.0,standard,False,,31.61,31.59
505812,12.04,192.5,standard,True,,57.96,57.97
505813,19.29,35.3,clothing,True,,48.88,48.88
505814,18.39,71.2,electronics,False,,58.73,58.73
505815,14.93,225.2,food,False,,38.13,38.14
505816,2.14,122.1,books,True,,26.74,27.19
505817,6.18,28.7,food,True,SAVE10,18.39,18.4
505818,24.48,60.7,standard,True,SAVE10,56.76,56.77
505819,10.36,141.4,standard,True,,46.93,46.95
505820,16.01,144.0,food,True,,55.42,55.42
505821,3.72,219.2,clothing,False,,18.4,18.38
505822,14.5,208.2,food,True,,62.33,62.33
505823,15.41,118.4,standard,False,,36.74,36.75
505824,19.17,291.3,clothing,True,,87.04,87.05
505825,24.24,115.9,electronics,False,,78.52,78.53
505826,11.67,83.5,standard,False,,27.52,27.53
505827,8.16,26.1,books,True,SAVE10,19.77,21.26
505828,4.41,158.6,fragile,False,,19.4,19.4
505829,8.69,189.5,books,True,,47.33,49.05
505830,11.36,222.0,standard,False,,33.82,33.8
505831,24.12,205.4,standard,False,,58.51,58.5
505832,13.03,227.7,food,False,SAVE10,31.36,31.35
505833,17.04,279.5,clothing,True,,81.0,81.02
505834,18.47,175.5,food,False,,42.02,42.02
505835,0.83,295.8,fragile,False,,16.95,16.96
505836,6.21,235.0,standard,False,SAVE10,21.75,21.77
505837,13.74,50.2,clothing,False,,29.99,29.99
505838,1.9,127.8,fragile,False,,11.33,11.35
505839,4.19,213.4,fragile,False,SAVE10,19.41,19.42
505840,18.94,66.7,fragile,False,,52.58,52.58
505841,17.02,265.7,electronics,False,,64.34,64.36
505842,3.89,242.3,food,False,SAVE10,17.21,17.21
505843,3.39,188.1,books,True,,38.64,39.33
505844,21.16,76.6,standard,False,SAVE10,41.54,41.53
505845,12.07,192.2,standard,False,SAVE10,30.38,30.36
505846,8.24,256.5,books,True,,56.66,58.29
505847,18.12,205.4,books,False,,39.26,42.91
505848,16.89,79.1,clothing,False,,37.74,37.75
505849,24.86,294.1,clothing,True,,98.84,98.85
505850,3.04,157.3,clothing,False,,13.94,13.94
505851,19.33,253.3,fragile,False,,62.92,62.92
505852,11.77,227.7,fragile,True,,69.76,97.53
505853,6.58,264.3,standard,False,,26.38,26.37
505854,12.71,90.5,standard,False,,29.94,29.93
505855,1.0,16.4,electronics,False,,3.82,3.82
505856,3.55,257.9,electronics,False,,23.54,23.55
505857,3.17,198.0,fragile,False,,18.14,18.14
505858,17.46,98.6,fragile,False,,50.33,50.34
505859,17.85,96.1,fragile,False,,51.22,51.23
505860,6.47,151.7,food,True,,39.4,39.41
505861,8.03,278.9,fragile,False,,34.82,34.81
505862,19.43,58.4,clothing,True,,52.62,52.63
505863,10.0,281.2,food,False,,32.06,32.05
505864,9.04,117.5,electronics,False,,32.99,32.98
505865,23.67,256.3,food,False,,55.42,55.42
505866,13.84,85.1,electronics,False,,45.78,45.78
505867,13.69,206.4,standard,True,,63.34,63.33
505868,15.46,184.6,food,False,SAVE10,33.35,33.35
505869,1.51,263.0,food,False,,15.87,15.85
505870,10.28,295.5,electronics,False,,45.61,45.61
505871,19.82,202.5,fragile,False,,61.66,61.67
505872,16.46,235.4,standard,True,,73.23,73.23
505873,22.31,103.1,clothing,True,SAVE10,58.58,58.56
505874,8.11,68.2,books,False,,16.39,18.02
505875,12.15,203.6,books,False,,29.62,32.05
505876,6.25,55.0,clothing,True,SAVE10,23.18,23.16
505877,5.04,75.5,fragile,False,,16.88,16.89
505878,2.73,185.0,fragile,False,,16.35,16.34
505879,5.37,34.8,electronics,False,,17.85,17.84
505880,4.52,41.0,fragile,True,SAVE10,20.61,28.79
505881,11.26,204.0,standard,False,,32.72,32.73
505882,10.57,151.2,food,False,,26.59,26.6
505883,19.22,45.8,electronics,True,,69.53,69.52
505884,19.57,177.7,fragile,False,,59.77,59.78
505885,13.75,230.1,fragile,False,,47.26,47.27
505886,16.59,148.0,electronics,False,,57.17,57.15
505887,11.98,44.1,books,False,,21.37,23.78
505888,8.1,63.1,electronics,False,,27.46,27.46
505889,12.84,234.5,fragile,False,,45.11,45.11
505890,15.96,52.9,fragile,False,,44.14,44.15
505891,23.89,293.6,fragile,False,,76.79,76.81
505892,20.51,275.3,standard,True,,87.32,87.32
505893,2.13,79.4,fragile,False,,9.51,9.49
505894,16.18,86.8,clothing,False,,36.7,36.71
505895,2.73,295.5,books,True,SAVE10,48.32,48.8
505896,15.74,261.3,food,False,SAVE10,37.26,37.26
505897,21.31,296.3,clothing,True,,92.06,92.07
505898,17.63,215.6,standard,False,SAVE10,41.44,41.43
505899,3.43,159.6,standard,False,,14.84,14.84
505900,10.88,99.0,food,False,,24.53,24.52
505901,5.28,51.0,food,False,,12.05,12.06
505902,16.69,207.7,books,False,SAVE10,33.38,36.4
505903,17.91,230.4,electronics,False,,65.25,65.25
505904,18.55,221.8,electronics,True,,93.92,93.91
505905,9.23,103.2,standard,False,,23.62,23.63
505906,15.15,219.8,standard,False,,41.29,41.28
505907,5.6,215.9,clothing,False,,22.0,22.01
505908,23.28,124.9,books,True,SAVE10,54.88,59.06
505909,23.49,34.3,books,True,,47.73,52.44
505910,1.24,296.4,books,True,,51.44,51.7
505911,14.31,196.7,clothing,False,,38.46,38.46
505912,18.09,189.2,standard,True,SAVE10,62.6,62.61
505913,6.16,25.4,fragile,True,,24.83,32.37
505914,1.31,187.7,clothing,True,,35.78,35.79
505915,0.55,165.8,food,True,SAVE10,27.77,27.79
505916,17.82,123.3,electronics,False,,59.62,59.63
505917,0.8,204.9,food,True,,37.18,37.18
505918,9.97,274.2,food,True,,64.08,64.08
505919,20.06,276.8,clothing,False,SAVE10,48.56,48.58
505920,1.79,39.3,electronics,False,SAVE10,6.6,6.61
505921,17.81,39.2,food,False,,34.02,34.02
505922,11.06,112.2,books,False,,23.31,25.52
505923,10.04,217.6,electronics,True,,67.76,67.77
505924,12.36,45.3,electronics,True,SAVE10,43.99,44.01
505925,9.12,67.0,standard,False,,21.59,21.6
505926,21.61,84.0,books,False,,38.78,43.08
505927,16.91,159.8,clothing,False,,41.81,41.8
505928,10.0,280.3,clothing,True,,67.04,67.05
505929,3.45,195.6,clothing,True,,41.24,41.26
505930,12.85,165.1,standard,False,SAVE10,30.56,30.56
505931,24.98,164.1,standard,False,,58.16,58.16
505932,22.34,189.6,fragile,False,,67.56,67.57
505933,2.16,230.5,books,False,,14.98,15.41
505934,9.23,139.8,fragile,False,,30.99,31.0
505935,12.01,189.7,electronics,False,SAVE10,40.96,40.97
505936,10.43,238.1,fragile,True,,67.83,96.66
505937,3.24,109.5,fragile,False,,13.9,13.88
505938,5.06,116.7,books,True,,30.6,31.6
505939,13.61,36.3,standard,False,,29.04,29.03
505940,18.16,69.9,standard,False,SAVE10,35.83,35.85
505941,18.05,183.3,books,False,,38.04,41.67
505942,16.96,259.2,books,True,,71.02,74.4
505943,17.01,132.3,standard,False,,40.64,40.64
505944,0.71,167.0,fragile,True,,31.9,53.6
505945,5.84,201.3,clothing,False,,21.74,21.74
505946,8.75,141.2,clothing,False,SAVE10,22.1,22.12
505947,6.78,227.8,clothing,False,,24.95,24.95
505948,10.01,49.9,books,False,,18.51,20.5
505949,10.28,50.8,electronics,False,SAVE10,30.04,30.05
505950,8.82,290.4,electronics,True,,75.02,75.03
505951,0.75,199.4,food,True,,36.26,36.28
505952,21.69,10.3,fragile,False,,56.91,56.92
505953,23.94,159.2,clothing,False,,55.84,55.84
505954,15.58,258.9,fragile,False,,53.45,53.44
505955,7.18,262.2,standard,True,SAVE10,52.82,52.83
505956,11.53,285.7,standard,False,SAVE10,33.61,33.62
505957,22.85,138.5,standard,True,,71.47,71.46
505958,15.19,35.5,food,False,,29.12,29.1
505959,17.57,268.0,books,True,,73.31,76.81
505960,17.65,292.4,clothing,True,,84.16,84.18
505961,24.53,36.7,clothing,False,,50.9,50.88
505962,16.55,84.6,standard,True,,50.79,50.79
505963,3.15,96.7,standard,False,,11.14,11.13
505964,12.88,102.9,food,False,,28.33,28.32
505965,23.09,258.9,fragile,False,,72.98,72.96
505966,3.67,104.3,food,False,,11.82,11.83
505967,1.75,16.7,electronics,False,,6.08,6.08
505968,1.73,227.7,books,True,,41.92,42.28
505969,2.21,154.6,clothing,False,,12.15,12.16
505970,4.51,245.1,fragile,False,,23.98,23.99
505971,19.39,200.0,clothing,False,,48.78,48.79
505972,15.19,292.3,standard,False,SAVE10,40.5,40.5
505973,18.43,151.3,books,False,,37.05,40.74
505974,14.14,153.3,electronics,False,,50.08,50.08
505975,9.17,286.5,electronics,False,,41.84,41.85
505976,19.77,59.7,fragile,False,SAVE10,48.95,48.95
505977,4.66,118.1,clothing,False,,15.23,15.21
505978,9.32,293.2,fragile,True,,73.21,107.54
505979,10.68,296.1,electronics,False,,46.84,46.83
505980,17.17,243.6,clothing,False,,46.52,46.5
505981,19.14,210.4,books,False,,41.14,44.97
505982,14.39,249.3,electronics,False,,55.64,55.64
505983,15.4,266.3,clothing,False,,44.12,44.12
505984,7.38,192.4,standard,False,SAVE10,21.94,21.94
505985,15.03,148.1,food,False,,34.46,34.47
505986,21.16,161.3,standard,True,,71.52,71.51
505987,11.26,97.9,clothing,False,SAVE10,24.67,24.67
505988,18.92,116.4,food,False,,39.88,39.89
505989,12.95,232.6,fragile,False,,45.3,45.31
505990,13.06,18.9,electronics,False,,40.12,40.11
505991,15.4,262.8,clothing,False,,43.94,43.94
505992,3.93,88.8,electronics,False,,16.23,16.22
505993,5.77,176.2,fragile,False,SAVE10,21.43,21.44
505994,4.8,60.4,electronics,False,,17.42,17.42
505995,13.61,244.7,food,False,,36.73,36.72
505996,16.89,227.2,standard,False,,45.14,45.16
505997,17.83,60.8,standard,True,,49.78,49.76
505998,5.61,147.4,books,False,,16.35,17.49
505999,8.68,153.4,food,True,,43.63,43.63
506000,4.07,180.0,books,True,,38.51,39.33
506001,16.52,15.3,books,True,,33.73,37.03
506002,10.8,236.3,food,False,,31.26,31.24
506003,7.19,210.7,food,False,,23.48,23.47
506004,6.01,186.6,standard,False,,21.35,21.34
506005,23.75,108.5,fragile,True,,83.02,98.88
506006,12.3,189.1,books,True,,53.04,55.49
506007,24.78,175.9,electronics,True,,105.72,105.73
506008,8.37,87.5,standard,False,,21.12,21.13
506009,5.78,125.3,electronics,False,SAVE10,21.24,21.26
506010,18.04,283.8,standard,False,,50.27,50.29
506011,22.85,95.3,electronics,False,,73.32,73.32
506012,4.51,149.7,books,False,,14.7,15.6
506013,21.62,108.1,clothing,True,,64.46,64.45
506014,14.89,202.7,food,False,,36.94,36.93
506015,22.65,121.9,fragile,False,,64.98,64.98
506016,23.68,276.8,food,False,,56.46,56.48
506017,10.96,49.7,food,False,,22.21,22.21
506018,23.56,93.5,standard,True,,66.14,66.16
506019,4.92,290.7,electronics,True,,63.36,63.38
506020,11.37,199.3,standard,True,SAVE10,51.87,51.87
506021,11.36,220.6,food,True,,58.54,58.53
506022,6.51,138.8,standard,True,,38.84,38.83
506023,12.36,24.1,food,False,,23.45,23.44
506024,18.94,18.9,clothing,False,,38.83,38.84
506025,3.15,232.5,standard,True,SAVE10,41.56,41.55
506026,12.28,292.6,standard,False,,39.19,39.18
506027,13.38,146.0,food,False,,31.38,31.39
506028,5.31,215.2,standard,False,SAVE10,19.24,19.25
506029,16.23,105.5,books,False,,31.24,34.49
506030,6.69,227.3,food,True,,51.14,51.15
506031,14.49,84.5,food,False,SAVE10,27.28,27.28
506032,14.51,116.1,standard,False,,34.83,34.82
506033,18.85,234.1,fragile,False,SAVE10,54.64,54.66
506034,23.4,153.7,standard,False,,54.48,54.48
506035,23.19,157.6,food,True,,70.38,70.39
506036,12.8,14.3,food,True,,30.18,30.19
506037,6.94,95.6,fragile,False,,22.82,22.81
506038,6.43,82.3,books,True,,27.63,28.92
506039,19.77,130.8,electronics,False,SAVE10,59.27,59.27
506040,19.13,57.3,fragile,False,,52.6,52.59
506041,19.95,277.6,standard,False,,53.78,53.76
506042,20.92,246.3,electronics,False,,75.08,75.09
506043,14.34,240.6,clothing,False,,40.71,40.69
506044,22.49,124.9,food,True,,64.22,64.21
506045,16.6,195.4,electronics,True,SAVE10,75.7,75.7
506046,15.97,106.0,electronics,False,,53.21,53.22
506047,21.01,88.5,fragile,False,,59.05,59.07
506048,16.48,274.0,books,False,SAVE10,36.06,39.04
506049,19.31,236.5,fragile,False,,62.03,62.02
506050,23.28,260.1,food,False,,54.91,54.89
506051,10.19,192.0,clothing,False,,29.98,29.99
506052,18.9,203.5,fragile,False,,59.32,59.32
506053,7.81,295.7,electronics,True,,72.78,72.79
506054,12.42,174.6,books,False,,28.6,31.07
506055,21.9,85.0,books,False,SAVE10,35.36,39.3
506056,24.35,66.5,clothing,False,SAVE10,46.82,46.83
506057,23.72,276.5,books,False,,51.78,56.52
506058,19.06,65.8,books,False,,33.79,37.62
506059,21.29,23.5,books,False,,35.24,39.51
506060,22.17,173.2,standard,False,,53.0,52.98
506061,15.44,32.9,electronics,False,,47.96,47.97
506062,6.47,141.3,standard,False,,20.01,20.0
506063,0.93,97.8,books,True,,21.16,21.34
506064,19.15,104.0,electronics,False,,62.65,62.65
506065,19.13,228.6,electronics,False,,68.82,68.84
506066,18.41,103.4,electronics,False,,60.4,60.41
506067,14.71,274.5,standard,True,,75.6,75.61
506068,16.62,246.0,standard,False,SAVE10,40.99,41.0
506069,18.1,254.2,electronics,False,,67.01,67.03
506070,13.53,85.0,fragile,True,,52.93,66.44
506071,16.63,105.5,clothing,False,,38.53,38.54
506072,6.0,85.1,fragile,False,,19.86,19.85
506073,13.59,125.6,clothing,False,,33.46,33.46
506074,15.9,90.7,books,False,,29.98,33.17
506075,14.43,122.7,standard,False,,34.99,35.0
506076,6.8,188.9,electronics,True,,53.74,53.73
506077,3.61,181.0,food,False,SAVE10,13.99,13.98
506078,16.54,229.3,electronics,True,,89.02,89.02
506079,3.26,251.8,books,False,SAVE10,16.03,16.6
506080,19.96,118.5,electronics,False,,65.81,65.8
506081,4.96,271.0,standard,True,,55.57,55.57
506082,19.41,124.2,electronics,True,,81.86,81.85
506083,9.21,70.2,books,False,,18.25,20.08
506084,22.58,120.3,standard,False,,51.18,51.19
506085,6.03,87.8,food,False,SAVE10,13.72,13.74
506086,4.36,80.4,food,False,,11.87,11.88
506087,17.04,38.6,fragile,False,,46.23,46.24
506088,19.45,264.6,books,False,,44.35,48.26
506089,9.06,77.9,clothing,False,,22.02,22.0
506090,12.06,270.8,clothing,False,SAVE10,33.89,33.89
506091,16.71,273.9,clothing,False,SAVE10,42.4,42.41
506092,7.73,296.8,electronics,True,SAVE10,65.44,65.46
506093,10.03,109.8,standard,False,SAVE10,22.99,23.0
506094,14.37,13.2,standard,False,,29.4,29.4
506095,7.92,235.0,clothing,True,,56.09,56.11
506096,4.08,238.1,books,False,SAVE10,16.59,17.32
506097,22.76,274.1,books,True,SAVE10,74.28,78.36
506098,3.5,160.5,electronics,True,,39.58,39.58
506099,24.68,256.2,standard,True,,92.79,92.81
506100,21.19,101.0,food,False,,43.19,43.21
506101,11.45,22.0,food,False,SAVE10,19.54,19.55
506102,21.59,73.1,standard,False,,46.84,46.85
506103,2.08,262.1,food,False,,16.85,16.86
506104,14.28,226.5,electronics,False,,54.16,54.16
506105,9.16,50.0,clothing,True,,30.82,30.81
506106,7.87,106.2,fragile,False,,25.77,25.78
506107,22.42,144.5,fragile,False,,65.52,65.52
506108,1.44,276.8,standard,True,,49.4,49.41
506109,21.62,247.3,food,False,,51.28,51.3
506110,2.43,73.6,standard,False,,8.54,8.54
506111,17.1,81.5,food,True,,48.0,47.99
506112,7.5,274.1,food,True,SAVE10,53.65,53.63
506113,13.41,227.6,food,False,,35.52,35.53
506114,23.17,227.1,food,False,,53.06,53.07
506115,20.04,120.2,standard,True,,63.11,63.12
506116,2.93,271.7,standard,False,,19.44,19.43
506117,7.98,58.8,clothing,False,SAVE10,17.01,17.02
506118,12.46,14.4,books,True,SAVE10,24.39,26.62
506119,18.06,281.5,standard,False,,50.2,50.19
506120,0.64,39.2,books,False,SAVE10,2.69,2.79
506121,21.67,9.1,electronics,False,,65.46,65.48
506122,21.13,246.0,clothing,False,,54.56,54.55
506123,23.93,145.3,fragile,False,,69.48,69.48
506124,5.46,278.6,standard,False,,24.85,24.85
506125,5.72,144.3,standard,True,,38.08,38.07
506126,20.9,192.0,food,False,SAVE10,42.5,42.49
506127,13.11,138.2,standard,False,,33.13,33.13
506128,6.51,161.5,fragile,False,,25.0,25.02
506129,0.92,81.0,standard,False,,5.89,5.88
506130,5.81,31.9,food,False,,12.05,12.04
506131,17.04,148.7,fragile,False,,51.74,51.76
506132,18.45,143.9,standard,False,SAVE10,39.69,39.7
506133,9.18,192.4,fragile,False,,33.49,33.49
506134,22.98,35.7,electronics,False,,70.72,70.71
506135,12.99,86.0,fragile,False,,38.07,38.09
506136,13.18,36.6,standard,False,SAVE10,25.37,25.37
506137,10.17,9.0,fragile,False,,26.89,26.9
506138,10.38,82.1,fragile,True,SAVE10,39.87,51.75
506139,9.3,39.7,clothing,False,,20.58,20.59
506140,20.7,63.7,fragile,False,,57.0,57.02
506141,11.28,171.3,books,False,,26.61,28.87
506142,6.17,162.3,fragile,True,,45.39,66.61
506143,11.16,89.2,books,False,SAVE10,20.08,22.1
506144,23.18,12.9,food,False,,42.37,42.38
506145,16.15,280.4,standard,False,,46.32,46.33
506146,3.07,295.5,electronics,False,,23.98,23.97
506147,10.77,106.6,fragile,True,,48.99,64.67
506148,11.93,185.4,standard,False,,33.13,33.13
506149,0.84,46.9,electronics,True,,14.56,14.57
506150,24.06,196.3,clothing,True,,82.56,82.58
506151,22.95,63.1,electronics,False,,72.0,72.0
506152,2.99,159.3,standard,False,,13.94,13.93
506153,14.03,283.4,electronics,False,,56.26,56.26
506154,8.16,229.7,electronics,False,,35.97,35.97
506155,5.69,89.3,electronics,False,,21.54,21.54
506156,7.22,261.4,fragile,False,,31.84,31.83
506157,1.81,91.6,standard,False,,8.2,8.2
506158,17.36,208.4,fragile,False,,55.56,55.54
506159,9.48,77.4,books,False,,19.04,20.94
506160,17.64,262.0,clothing,False,,48.38,48.36
506161,20.48,45.4,fragile,False,,55.52,55.53
506162,14.53,67.7,food,True,,41.31,41.31
506163,8.92,195.1,standard,False,SAVE10,24.84,24.83
506164,3.93,17.7,food,False,,7.96,7.96
506165,16.46,224.3,clothing,False,,44.14,44.13
506166,17.03,102.3,fragile,False,,49.39,49.39
506167,19.64,254.6,electronics,True,SAVE10,91.9,91.9
506168,3.87,88.8,clothing,True,,26.06,26.06
506169,1.63,194.2,standard,True,,37.39,37.37
506170,22.04,158.9,books,True,,64.1,68.49
506171,15.36,244.7,books,True,,66.28,69.35
506172,2.81,89.4,clothing,False,,10.09,10.08
506173,17.87,14.7,standard,True,SAVE10,38.65,38.63
506174,1.88,274.4,food,False,,17.1,17.09
506175,15.99,86.1,electronics,True,,65.88,65.89
506176,14.09,255.8,food,False,,38.15,38.14
506177,18.02,105.5,food,False,,37.71,37.73
506178,2.8,100.2,standard,True,,25.63,25.64
506179,22.76,86.3,clothing,False,,49.84,49.83
506180,23.54,236.4,clothing,False,,58.9,58.89
506181,24.62,52.6,electronics,False,,76.49,76.49
506182,19.27,206.2,fragile,False,,60.41,60.41
506183,8.14,147.1,standard,False,,23.64,23.64
506184,24.47,166.0,books,False,SAVE10,42.71,47.11
506185,15.55,255.7,books,False,,37.67,40.78
506186,18.1,8.5,books,True,,35.24,38.84
506187,16.7,205.7,fragile,False,,53.7,53.7
506188,5.56,180.2,clothing,True,,43.15,43.16
506189,21.4,80.3,fragile,False,,59.66,59.65
506190,16.35,8.9,clothing,False,,33.15,33.14
506191,5.91,270.4,clothing,False,,25.34,25.33
506192,9.76,180.8,clothing,True,SAVE10,46.48,46.46
506193,4.02,299.1,clothing,False,,23.0,22.98
506194,11.1,176.6,electronics,True,,64.79,64.8
506195,24.74,122.8,electronics,False,,80.36,80.38
506196,9.9,190.8,standard,False,SAVE10,26.41,26.41
506197,10.19,287.7,clothing,True,,68.54,68.54
506198,20.17,63.8,standard,False,,43.53,43.51
506199,2.53,294.9,food,False,SAVE10,17.37,17.38
506200,3.43,105.0,standard,True,,27.61,27.6
506201,18.77,146.0,standard,True,,64.44,64.44
506202,3.69,166.5,fragile,False,,17.92,17.9
506203,15.48,43.1,standard,False,,33.12,33.13
506204,20.51,79.3,electronics,False,SAVE10,58.95,58.94
506205,14.29,104.3,standard,False,SAVE10,30.42,30.43
506206,2.46,94.9,standard,False,,9.66,9.66
506207,5.56,13.8,standard,False,,11.81,11.79
506208,13.74,223.9,fragile,False,,46.92,46.92
506209,23.88,264.5,electronics,True,SAVE10,104.68,104.7
506210,16.52,87.2,food,False,,34.1,34.09
506211,17.57,9.7,standard,False,SAVE10,32.06,32.08
506212,15.09,184.7,food,True,,59.87,59.86
506213,8.49,143.2,fragile,True,,48.55,67.86
506214,15.39,38.7,food,False,,29.64,29.63
506215,0.73,267.4,clothing,True,SAVE10,41.91,41.92
506216,10.65,184.9,fragile,True,,60.42,83.91
506217,20.39,241.7,books,False,,44.71,48.77
506218,5.51,37.5,fragile,False,,16.2,16.22
506219,16.39,129.5,books,False,,32.7,35.99
506220,18.15,192.5,electronics,False,,64.07,64.06
506221,4.33,128.5,fragile,False,,17.68,17.7
506222,21.52,247.9,fragile,False,,68.35,68.36
506223,6.47,281.8,food,False,,25.74,25.76
506224,24.09,234.7,electronics,True,,112.48,112.49
506225,8.94,113.1,food,True,,38.06,38.06
506226,15.48,122.0,clothing,False,,37.06,37.07
506227,23.74,164.9,food,True,,72.47,72.45
506228,20.59,44.9,fragile,False,,55.78,55.77
506229,12.4,186.2,books,False,,29.15,31.62
506230,5.26,225.3,electronics,False,,27.04,27.03
506231,15.56,28.8,electronics,False,,48.12,48.14
506232,14.9,229.2,fragile,False,SAVE10,45.18,45.2
506233,2.07,190.9,fragile,True,,39.02,63.11
506234,9.87,217.5,standard,False,,30.62,30.61
506235,23.06,49.6,clothing,True,,58.56,58.54
506236,13.38,215.0,clothing,False,,37.51,37.5
506237,4.94,68.6,clothing,True,,25.17,25.15
506238,16.28,133.3,fragile,False,,48.99,49.0
506239,11.62,265.1,food,True,,65.68,65.67
506240,22.89,213.7,books,False,,47.31,51.87
506241,12.51,121.1,standard,False,,31.08,31.09
506242,1.14,274.6,clothing,False,,16.01,16.02
506243,4.46,39.6,books,False,,9.12,10.0
506244,4.8,44.1,books,False,,9.88,10.83
506245,23.8,243.8,electronics,True,SAVE10,101.67,101.67
506246,9.3,113.1,electronics,False,,33.56,33.55
506247,9.05,231.2,standard,False,,29.66,29.67
506248,24.41,19.0,fragile,False,,64.42,64.41
506249,5.55,28.0,clothing,True,SAVE10,18.27,18.29
506250,15.74,146.9,electronics,True,,74.26,74.24
506251,23.72,126.3,food,False,SAVE10,44.11,44.12
506252,22.79,204.0,food,False,,51.22,51.24
506253,4.43,166.5,books,False,,15.41,16.29
506254,12.04,271.7,standard,False,,37.66,37.65
506255,6.68,6.8,electronics,False,,20.38,20.39
506256,17.65,130.8,food,True,,56.39,56.41
506257,6.53,198.5,fragile,False,,26.9,26.91
506258,4.83,22.7,food,False,,9.83,9.84
506259,7.16,268.7,standard,False,,27.76,27.76
506260,3.7,214.6,electronics,False,,21.83,21.85
506261,18.05,131.3,electronics,False,,60.72,60.73
506262,7.35,188.5,books,False,,21.18,22.66
506263,10.3,83.5,fragile,False,,30.96,30.94
506264,7.25,146.6,books,False,,18.93,20.38
506265,9.81,56.8,electronics,False,,32.27,32.27
506266,7.98,19.4,standard,False,,16.93,16.94
506267,9.16,64.1,clothing,False,,21.52,21.51
506268,17.87,231.9,standard,False,,47.34,47.34
506269,4.76,101.4,electronics,True,,34.49,34.48
506270,17.32,208.0,books,True,,63.91,67.37
506271,9.01,269.9,electronics,False,,40.52,40.54
506272,2.79,50.1,books,False,,6.97,7.51
506273,3.43,217.4,standard,True,,44.47,44.48
506274,22.56,135.2,electronics,False,,74.44,74.43
506275,1.53,193.7,standard,True,SAVE10,33.4,33.39
506276,7.27,275.8,electronics,False,,35.6,35.6
506277,21.66,236.3,fragile,True,,96.76,125.4
506278,2.45,249.0,fragile,False,,18.82,18.83
506279,5.67,53.9,electronics,False,,19.7,19.72
506280,7.09,247.5,standard,False,SAVE10,23.9,23.91
506281,20.98,291.5,electronics,True,SAVE10,100.5,100.49
506282,3.34,282.6,fragile,False,,22.81,22.8
506283,23.67,240.8,food,False,,54.65,54.65
506284,3.44,251.8,clothing,False,,19.47,19.49
506285,14.36,171.5,food,False,,34.42,34.43
506286,19.44,281.9,electronics,False,,72.42,72.4
506287,14.19,224.7,fragile,False,SAVE10,43.32,43.33
506288,12.93,33.4,electronics,False,,40.46,40.45
506289,11.22,113.1,books,False,,23.61,25.83
506290,6.69,38.5,standard,False,,15.31,15.32
506291,24.82,276.9,electronics,False,SAVE10,79.47,79.46
506292,10.39,6.3,food,False,SAVE10,17.12,17.1
506293,16.17,152.8,books,False,,33.51,36.76
506294,14.77,213.4,books,True,,60.64,63.6
506295,24.07,128.1,food,False,,49.73,49.72
506296,6.48,275.4,standard,False,,26.73,26.75
506297,4.3,106.2,food,False,SAVE10,11.74,11.75
506298,22.53,117.6,food,False,,46.43,46.44
506299,12.97,74.6,fragile,False,,37.45,37.46
506300,16.21,258.7,food,False,,42.11,42.13
506301,15.82,188.8,food,False,SAVE10,34.12,34.12
506302,19.67,222.2,food,True,,73.74,73.73
506303,21.03,181.9,books,True,,65.93,70.15
506304,17.69,129.6,electronics,False,,59.55,59.53
506305,0.62,8.2,food,False,SAVE10,1.37,1.39
506306,21.01,229.4,clothing,True,,81.43,81.44
506307,1.54,287.1,books,False,SAVE10,15.14,15.4
506308,21.51,66.6,food,False,,42.05,42.05
506309,0.53,195.7,fragile,False,SAVE10,10.05,10.06
506310,19.47,191.4,fragile,False,,60.19,60.2
506311,16.15,19.2,clothing,True,,40.18,40.19
506312,1.14,167.0,standard,False,,10.63,10.62
506313,18.97,202.2,books,True,SAVE10,59.11,62.51
506314,14.7,246.9,food,True,,68.5,68.48
506315,3.47,162.2,clothing,False,,15.05,15.06
506316,21.98,6.1,electronics,False,SAVE10,59.62,59.63
506317,14.98,159.9,clothing,True,SAVE10,53.05,53.04
506318,11.83,284.0,clothing,False,,37.86,37.87
506319,23.66,162.6,standard,True,,76.71,76.72
506320,5.48,196.7,food,False,,19.7,19.69
506321,4.82,8.5,books,False,,8.14,9.12
506322,22.36,248.8,standard,False,SAVE10,51.44,51.44
506323,4.43,112.1,books,False,,12.69,13.56
506324,20.53,32.8,electronics,True,,71.51,71.5
506325,5.64,261.3,standard,False,SAVE10,21.91,21.92
506326,20.44,97.3,electronics,False,,66.18,66.2
506327,10.5,266.0,fragile,False,,40.6,40.6
506328,15.63,101.7,clothing,False,SAVE10,32.71,32.71
506329,15.38,64.2,clothing,False,,33.97,33.97
506330,10.17,290.6,fragile,True,,75.03,109.1
506331,13.2,10.2,clothing,True,,32.93,32.93
506332,16.41,139.3,clothing,False,,39.79,39.78
506333,3.84,191.7,electronics,False,SAVE10,18.99,18.98
506334,22.94,283.5,fragile,False,,73.82,73.83
506335,20.67,169.4,fragile,True,,84.15,106.1
506336,5.6,140.7,books,False,,16.0,17.11
506337,6.02,80.3,food,False,,14.85,14.85
506338,10.17,91.8,standard,True,,39.11,39.1
506339,19.41,85.8,fragile,False,,54.76,54.77
506340,13.16,147.5,standard,False,SAVE10,30.33,30.32
506341,8.22,26.5,food,True,,23.77,23.77
506342,19.33,247.1,standard,False,,51.02,51.02
506343,5.29,271.5,fragile,True,,59.48,91.63
506344,17.86,119.4,fragile,False,SAVE10,47.17,47.16
506345,18.96,199.4,standard,False,,47.89,47.89
506346,3.0,290.3,standard,False,,20.52,20.5
506347,14.46,238.9,electronics,False,,55.32,55.32
506348,15.05,149.2,standard,False,,37.56,37.55
506349,24.29,28.1,fragile,False,,64.56,64.55
506350,7.82,123.3,books,False,,18.68,20.25
506351,11.77,80.2,fragile,True,,47.63,60.67
506352,23.43,27.2,electronics,False,,71.65,71.63
506353,3.7,38.1,electronics,False,,13.01,13.02
506354,22.48,154.7,fragile,True,,86.65,107.12
506355,9.46,217.2,clothing,True,SAVE10,50.85,50.85
506356,8.92,16.4,books,False,SAVE10,13.58,15.18
506357,24.88,80.9,standard,False,,53.8,53.8
506358,10.07,28.0,clothing,False,,21.54,21.54
506359,6.56,212.3,books,False,SAVE10,19.0,20.17
506360,5.58,206.9,electronics,False,,27.08,27.1
506361,17.54,63.2,standard,True,,49.56,49.55
506362,16.08,215.8,food,True,,66.31,66.33
506363,6.36,144.0,books,False,,17.38,18.67
506364,12.63,263.0,clothing,False,,38.41,38.43
506365,7.52,259.8,books,False,,25.02,26.52
506366,21.01,254.6,fragile,False,,67.36,67.35
506367,9.27,219.1,food,True,,54.55,54.55
506368,15.58,299.0,clothing,False,,46.11,46.1
506369,22.88,186.5,clothing,False,,55.08,55.1
506370,6.35,204.8,food,True,SAVE10,42.44,42.42
506371,23.83,23.0,standard,False,SAVE10,43.93,43.92
506372,12.39,154.8,standard,True,,53.0,53.02
506373,16.19,222.4,fragile,False,,53.21,53.23
506374,7.16,252.3,fragile,False,,31.23,31.23
506375,17.51,43.9,food,False,,33.71,33.71
506376,18.23,289.1,electronics,False,,69.14,69.15
506377,15.01,91.4,electronics,True,,63.74,63.73
506378,21.63,56.7,clothing,False,,46.1,46.08
506379,12.05,10.6,electronics,False,,36.68,36.68
506380,0.87,95.4,books,False,,6.16,6.32
506381,22.88,251.3,clothing,False,,58.32,58.31
506382,14.41,155.6,standard,False,SAVE10,32.94,32.95
506383,15.57,14.3,fragile,False,,41.2,41.2
506384,15.16,125.2,electronics,True,SAVE10,62.33,62.35
506385,1.51,148.5,fragile,False,,11.35,11.34
506386,7.54,231.0,fragile,False,,31.15,31.14
506387,2.7,194.9,fragile,True,SAVE10,37.13,59.16
506388,16.42,74.2,standard,False,,36.55,36.54
506389,21.44,209.1,standard,True,SAVE10,71.32,71.31
506390,16.68,174.6,electronics,False,,58.77,58.77
506391,20.43,27.1,electronics,False,,62.64,62.65
506392,8.65,209.5,food,True,,52.0,52.01
506393,1.27,198.0,clothing,False,,12.44,12.43
506394,10.54,258.2,clothing,False,,33.99,33.98
506395,4.64,188.1,standard,False,,18.68,18.68
506396,7.98,238.9,fragile,True,SAVE10,55.42,81.44
506397,6.35,107.2,fragile,False,SAVE10,19.68,19.7
506398,4.93,208.6,standard,False,,20.29,20.3
506399,17.35,10.8,food,True,,37.85,37.86
506400,15.14,215.3,clothing,False,SAVE10,36.94,36.95
506401,20.66,6.1,books,False,,33.36,37.51
506402,24.61,173.4,electronics,True,,104.84,104.83
506403,6.32,164.2,books,False,SAVE10,16.49,17.62
506404,23.48,33.4,books,True,,47.58,52.28
506405,19.31,128.5,electronics,False,,64.35,64.37
506406,14.29,71.7,standard,False,SAVE10,28.95,28.93
506407,24.33,234.7,electronics,False,,84.72,84.71
506408,13.05,125.0,clothing,False,SAVE10,29.12,29.11
506409,1.19,156.9,books,False,,9.75,9.99
506410,3.56,36.5,books,False,,7.52,8.22
506411,8.16,196.8,food,False,SAVE10,22.08,22.09
506412,17.56,81.7,food,True,,48.86,48.85
506413,14.37,258.6,books,False,,35.92,38.78
506414,17.24,250.0,books,True,,70.08,73.52
506415,0.96,26.7,fragile,False,,3.83,3.82
506416,6.57,71.2,clothing,True,,28.82,28.82
506417,14.09,36.8,books,False,SAVE10,21.95,24.48
506418,16.53,267.8,standard,False,,46.45,46.44
506419,11.08,203.7,fragile,True,,64.36,89.72
506420,5.85,11.8,clothing,False,,12.29,12.28
506421,8.09,180.6,standard,False,,25.21,25.21
506422,19.14,224.9,electronics,True,,96.16,96.17
506423,18.08,11.2,fragile,False,,47.57,47.56
506424,6.56,68.4,food,False,,15.23,15.24
506425,23.79,67.2,electronics,False,SAVE10,67.26,67.27
506426,1.58,46.8,standard,True,,15.18,15.17
506427,6.24,35.3,books,True,SAVE10,18.25,19.36
506428,11.24,188.1,electronics,False,,43.12,43.11
506429,20.21,46.2,clothing,False,SAVE10,38.46,38.44
506430,14.35,209.3,clothing,True,,65.1,65.1
506431,17.05,137.8,food,True,,56.36,56.34
506432,23.81,46.2,books,False,,40.41,45.16
506433,9.49,148.2,electronics,True,,55.7,55.72
506434,4.95,269.7,standard,False,,23.38,23.39
506435,10.53,269.7,fragile,False,,40.86,40.87
506436,14.3,295.1,standard,False,SAVE10,39.02,39.0
506437,3.79,175.1,food,False,,15.58,15.56
506438,1.45,46.3,standard,True,,14.84,14.85
506439,18.29,52.6,standard,True,,49.47,49.48
506440,24.72,236.8,electronics,False,,86.0,85.98
506441,23.32,172.6,standard,False,,55.27,55.26
506442,9.72,276.1,standard,False,,33.25,33.23
506443,11.63,265.7,standard,False,SAVE10,32.89,32.89
506444,20.81,204.8,standard,True,,77.34,77.33
506445,24.63,252.8,books,False,,52.05,56.98
506446,9.23,156.1,standard,False,,26.26,26.25
506447,23.82,276.9,electronics,True,,118.0,117.99
506448,17.62,150.9,clothing,True,,62.88,62.88
506449,4.11,181.1,clothing,True,,40.38,40.4
506450,11.53,296.5,standard,False,,37.88,37.9
506451,0.57,241.5,electronics,True,,42.94,42.93
506452,10.48,175.8,clothing,False,SAVE10,26.78,26.79
506453,13.31,51.9,food,False,SAVE10,23.9,23.88
506454,20.05,46.8,fragile,False,,54.47,54.49
506455,8.6,267.4,standard,True,,62.31,62.33
506456,16.41,7.0,clothing,True,,38.87,38.89
506457,16.75,190.2,books,True,SAVE10,54.3,57.32
506458,13.34,201.1,standard,False,SAVE10,33.06,33.06
506459,15.53,107.6,books,False,,30.23,33.35
506460,11.77,70.4,food,False,,24.71,24.69
506461,15.46,180.2,books,True,,56.77,59.86
506462,11.79,290.9,clothing,True,SAVE10,64.99,64.97
506463,22.84,155.5,books,False,,44.32,48.88
506464,3.27,191.4,electronics,False,,19.38,19.38
506465,21.67,130.7,clothing,False,,49.88,49.87
506466,18.75,74.6,electronics,True,,72.44,72.43
506467,0.78,189.9,food,True,,34.89,34.89
506468,18.11,221.0,fragile,False,SAVE10,52.32,52.32
506469,9.39,164.1,clothing,True,SAVE10,43.56,43.54
506470,12.92,261.8,food,False,,36.35,36.35
506471,13.18,296.9,books,False,SAVE10,32.34,34.73
506472,18.51,44.7,electronics,True,,67.24,67.24
506473,12.42,85.3,fragile,False,,36.56,36.54
506474,16.08,212.6,standard,False,,42.79,42.79
506475,5.87,170.2,standard,False,,20.25,20.27
506476,2.23,28.5,standard,False,,5.88,5.88
506477,16.87,114.0,food,True,,52.47,52.47
506478,24.72,108.7,standard,True,,70.74,70.74
506479,2.4,288.1,food,False,,18.73,18.74
506480,22.81,39.6,fragile,False,,61.29,61.29
506481,9.92,266.7,books,False,,29.21,31.19
506482,16.5,282.1,food,False,,43.8,43.79
506483,7.02,105.1,standard,False,,19.29,19.31
506484,17.44,166.7,food,False,,39.73,39.71
506485,11.18,175.1,books,False,,26.64,28.88
506486,19.98,283.4,fragile,False,SAVE10,59.51,59.49
506487,7.29,83.7,electronics,False,,26.06,26.07
506488,8.66,162.6,food,True,,44.98,44.99
506489,15.82,138.5,standard,False,SAVE10,34.71,34.71
506490,3.08,270.8,clothing,True,,51.78,51.78
506491,24.39,287.4,electronics,False,,87.54,87.53
506492,15.38,59.4,standard,False,,33.73,33.75
506493,24.32,183.9,standard,False,,57.84,57.84
506494,4.86,171.8,fragile,False,,21.23,21.21
506495,17.87,46.3,standard,True,,47.68,47.69
506496,5.44,148.2,standard,False,SAVE10,16.46,16.45
506497,2.53,51.4,electronics,False,,10.16,10.17
506498,11.35,83.3,fragile,True,,47.0,60.35
506499,12.05,136.1,food,False,,28.5,28.5
506500,14.17,34.3,clothing,False,,30.06,30.05
506501,11.93,85.9,electronics,False,,40.08,40.07
506502,5.29,109.1,electronics,False,,21.33,21.34
506503,17.21,14.0,books,True,,34.64,38.08
506504,7.02,272.1,standard,False,,27.65,27.66
506505,7.61,289.0,standard,False,,29.67,29.65
506506,19.64,204.9,food,False,,45.6,45.59
506507,17.2,231.8,clothing,False,SAVE10,41.39,41.4
506508,18.31,57.1,electronics,False,,57.78,57.78
506509,23.08,150.1,food,False,,49.05,49.05
506510,21.39,18.6,standard,False,,43.71,43.7
506511,5.88,74.6,food,False,SAVE10,12.88,12.89
506512,24.41,27.8,books,True,,48.23,53.1
506513,13.24,242.5,electronics,False,,51.84,51.84
506514,14.18,264.3,standard,False,,41.58,41.57
506515,7.32,52.1,fragile,False,SAVE10,19.47,19.46
506516,9.99,33.3,electronics,False,SAVE10,28.47,28.46
506517,14.15,41.7,clothing,False,,30.38,30.39
506518,1.32,280.5,food,False,,16.4,16.4
506519,18.14,84.1,food,False,,36.86,36.87
506520,9.05,128.6,electronics,False,,33.58,33.56
506521,17.45,265.4,electronics,False,,65.62,65.6
506522,18.43,7.4,fragile,False,,48.29,48.29
506523,15.65,178.9,standard,False,,40.25,40.25
506524,2.33,158.1,fragile,True,,34.77,55.57
506525,14.3,55.1,food,False,SAVE10,25.65,25.65
506526,9.18,187.8,food,True,,49.69,49.68
506527,18.01,258.0,clothing,True,,79.72,79.72
506528,17.92,49.3,clothing,False,,38.31,38.31
506529,12.81,49.7,electronics,False,,40.92,40.93
506530,18.42,173.8,clothing,True,,67.91,67.91
506531,4.02,219.5,fragile,False,,21.43,21.43
506532,20.49,243.6,electronics,True,,103.01,103.01
506533,24.25,291.0,standard,False,,63.05,63.05
506534,22.57,256.4,books,False,,48.93,53.46
506535,20.39,156.5,books,False,,40.45,44.55
506536,10.43,151.7,electronics,True,,59.04,59.04
506537,23.35,168.4,food,True,,72.29,72.28
506538,14.27,122.6,fragile,True,SAVE10,54.44,69.96
506539,5.77,245.2,electronics,False,,29.57,29.58
506540,13.79,41.9,food,False,,26.92,26.93
506541,21.35,225.2,standard,False,,53.96,53.97
506542,17.11,45.4,fragile,False,SAVE10,42.08,42.08
506543,20.91,85.5,food,False,SAVE10,37.72,37.71
506544,1.36,149.7,books,True,,29.63,29.9
506545,24.26,276.6,fragile,True,SAVE10,98.61,128.0
506546,23.1,286.5,clothing,False,,60.53,60.51
506547,12.82,246.2,fragile,False,,45.64,45.63
506548,23.12,165.1,books,False,,45.25,49.88
506549,4.96,204.1,food,False,,19.13,19.12
506550,9.45,54.0,standard,False,,21.6,21.62
506551,4.64,191.6,standard,True,,43.02,43.01
506552,16.91,264.0,fragile,False,SAVE10,51.45,51.44
506553,22.98,190.5,food,False,,50.89,50.9
506554,23.32,150.0,books,True,,64.81,69.48
506555,2.46,109.7,fragile,False,,11.88,11.89
506556,19.33,132.5,standard,True,SAVE10,57.18,57.17
506557,14.19,122.7,standard,False,,34.52,34.5
506558,5.91,172.5,fragile,False,SAVE10,21.59,21.57
506559,22.42,281.2,standard,False,,58.9,58.92
506560,13.45,121.1,food,True,,47.38,47.38
506561,1.53,161.6,clothing,False,,11.14,11.15
506562,9.71,224.6,food,True,SAVE10,50.55,50.54
506563,17.22,66.3,books,False,,30.87,34.32
506564,21.35,184.6,books,False,,43.39,47.67
506565,5.38,168.3,electronics,False,,24.56,24.54
506566,15.0,238.3,fragile,False,SAVE10,45.82,45.81
506567,2.62,215.2,clothing,False,,16.0,16.01
506568,22.84,12.1,food,False,,41.72,41.71
506569,0.74,90.3,books,False,SAVE10,5.13,5.26
506570,24.29,10.9,standard,True,,55.22,55.2
506571,14.35,213.2,books,True,,59.94,62.79
506572,18.92,202.6,books,False,,40.4,44.18
506573,16.89,182.3,electronics,False,,59.78,59.79
506574,12.89,251.7,books,True,SAVE10,57.04,59.38
506575,11.24,270.0,clothing,True,,67.98,67.98
506576,5.59,101.8,electronics,False,,21.86,21.87
506577,7.52,255.6,electronics,False,SAVE10,31.81,31.81
506578,2.81,157.6,clothing,False,SAVE10,12.15,12.15
506579,7.07,279.3,books,False,,25.28,26.7
506580,16.53,21.8,food,False,,30.84,30.84
506581,14.01,46.2,standard,True,,39.95,39.94
506582,14.4,201.5,clothing,False,SAVE10,34.99,35.0
506583,13.46,53.0,books,False,,24.19,26.89
506584,23.67,201.2,books,False,SAVE10,43.14,47.4
506585,21.33,44.1,fragile,False,,57.66,57.67
506586,6.97,259.3,electronics,True,SAVE10,58.32,58.32
506587,14.14,163.0,clothing,False,,36.43,36.43
506588,24.24,13.8,standard,False,,49.17,49.18
506589,7.06,94.5,fragile,False,,23.08,23.09
506590,17.68,150.0,electronics,True,,80.54,80.54
506591,16.37,216.2,electronics,False,,59.92,59.92
506592,16.9,89.8,food,True,,48.89,48.87
506593,14.13,212.4,books,False,,33.23,36.05
506594,18.65,201.3,fragile,False,,58.55,58.56
506595,9.7,265.0,clothing,False,SAVE10,29.38,29.37
506596,23.45,121.6,electronics,True,,93.59,93.58
506597,14.4,41.0,clothing,False,,30.85,30.86
506598,8.78,70.4,books,False,,17.57,19.32
506599,16.15,246.3,fragile,False,,54.3,54.3
506600,17.29,149.5,fragile,False,,52.43,52.41
506601,23.02,172.8,food,False,,50.08,50.06
506602,16.08,99.9,standard,False,SAVE10,33.44,33.44
506603,13.3,249.1,food,False,,36.4,36.38
506604,9.15,20.5,books,False,,15.66,17.48
506605,10.93,298.3,electronics,True,,82.54,82.55
506606,7.52,226.4,clothing,True,,54.0,54.0
506607,15.69,71.0,fragile,False,,44.34,44.35
506608,21.6,210.4,books,True,SAVE10,64.01,67.88
506609,15.02,75.1,standard,True,,46.3,46.31
506610,5.47,88.0,fragile,False,SAVE10,16.76,16.78
506611,1.39,178.2,food,False,,11.41,11.41
506612,22.01,168.6,food,True,,69.91,69.92
506613,7.73,241.1,fragile,False,SAVE10,28.94,28.93
506614,17.38,200.7,clothing,False,,44.8,44.78
506615,23.66,5.7,standard,True,SAVE10,47.86,47.86
506616,23.53,55.4,electronics,False,,73.36,73.38
506617,14.09,9.4,electronics,False,,42.74,42.73
506618,22.87,217.6,clothing,True,,83.38,83.37
506619,10.37,193.8,standard,False,,30.43,30.45
506620,23.54,286.4,food,False,,56.69,56.68
506621,17.13,165.8,books,False,SAVE10,32.13,35.21
506622,2.47,188.3,food,False,,13.86,13.85
506623,20.4,209.3,clothing,False,,51.26,51.26
506624,4.44,68.7,standard,True,,24.18,24.2
506625,24.93,130.4,books,False,SAVE10,41.77,46.25
506626,1.71,207.2,books,False,,13.1,13.45
506627,19.05,128.6,food,False,,40.72,40.7
506628,4.24,164.8,electronics,True,,42.44,42.44
506629,13.73,9.7,food,True,,31.17,31.15
506630,9.62,117.6,electronics,False,SAVE10,31.27,31.26
506631,21.94,124.5,clothing,False,,50.1,50.11
506632,7.21,226.1,clothing,False,,25.72,25.74
506633,18.14,230.8,fragile,False,,58.7,58.72
506634,23.54,254.8,books,False,SAVE10,45.36,49.59
506635,2.07,213.1,standard,False,,14.8,14.8
506636,17.99,144.2,electronics,True,SAVE10,72.54,72.53
506637,2.56,203.9,clothing,True,,40.7,40.71
506638,19.58,151.3,clothing,False,,46.72,46.73
506639,21.5,135.8,clothing,False,,49.79,49.81
506640,3.91,109.9,clothing,True,,29.31,29.31
506641,22.16,260.3,clothing,False,,57.34,57.32
506642,11.24,79.5,standard,False,,26.46,26.45
506643,8.06,28.1,fragile,False,,22.36,22.37
506644,24.16,13.2,standard,True,,55.3,55.29
506645,9.91,87.3,standard,True,,37.92,37.9
506646,5.64,19.1,clothing,False,,12.24,12.24
506647,8.58,225.2,clothing,True,SAVE10,50.35,50.35
506648,22.67,51.3,food,False,SAVE10,39.03,39.04
506649,24.61,84.5,electronics,False,,78.05,78.04
506650,11.65,211.0,fragile,False,,40.84,40.84
506651,12.6,261.0,fragile,True,,76.91,108.0
506652,15.15,229.2,standard,False,SAVE10,37.58,37.59
506653,21.07,193.0,fragile,True,,88.73,113.04
506654,0.72,216.5,clothing,True,,38.92,38.9
506655,19.99,99.9,food,False,,40.98,40.99
506656,24.33,289.4,electronics,False,,87.46,87.47
506657,10.43,130.0,standard,False,,27.36,27.36
506658,11.23,203.0,standard,False,,32.61,32.61
506659,23.96,154.1,clothing,False,,55.62,55.63
506660,10.47,130.1,standard,False,,27.44,27.43
506661,9.73,67.5,books,False,,18.94,20.89
506662,21.55,291.9,clothing,False,,57.7,57.69
506663,12.09,196.5,electronics,True,,70.74,70.75
506664,16.35,239.5,food,True,,70.36,70.35
506665,7.52,170.0,standard,False,,23.54,23.53
506666,17.16,104.8,electronics,False,,56.72,56.7
506667,9.51,166.1,books,False,,23.52,25.41
506668,19.7,188.6,food,False,,44.89,44.87
506669,12.57,110.4,food,False,,28.15,28.13
506670,23.02,16.7,food,False,,42.27,42.27
506671,13.91,260.9,standard,False,,40.86,40.85
506672,21.51,100.0,clothing,False,,48.02,48.01
506673,11.29,281.2,electronics,False,,47.93,47.92
506674,16.9,262.5,books,False,,40.16,43.53
506675,7.04,276.7,standard,False,,27.92,27.91
506676,14.86,22.4,fragile,True,,47.0,54.25
506677,16.74,177.1,clothing,False,,42.33,42.34
506678,5.18,231.1,electronics,False,,27.1,27.11
506679,13.82,42.2,electronics,False,,43.57,43.58
506680,23.08,190.8,fragile,False,,69.55,69.55
506681,5.44,259.9,standard,True,SAVE10,49.38,49.37
506682,12.46,242.5,fragile,False,,44.52,44.53
506683,21.01,299.0,electronics,False,SAVE10,70.18,70.18
506684,10.94,255.5,books,False,SAVE10,27.25,29.22
506685,1.23,51.2,standard,False,SAVE10,4.52,4.54
506686,13.37,170.3,fragile,False,,43.28,43.27
506687,11.82,129.6,fragile,True,SAVE10,49.65,65.81
506688,23.23,209.9,food,False,SAVE10,47.08,47.07
506689,16.77,229.3,clothing,False,SAVE10,40.5,40.49
506690,19.52,221.6,books,False,SAVE10,38.08,41.6
506691,9.52,299.5,standard,False,,34.02,34.01
506692,22.46,166.4,electronics,False,SAVE10,68.13,68.14
506693,20.8,257.1,books,True,SAVE10,69.16,72.89
506694,2.73,193.8,standard,True,,39.53,39.54
506695,16.69,200.8,books,False,,36.74,40.07
506696,22.66,39.0,electronics,False,,69.93,69.93
506697,16.43,219.6,clothing,True,,70.8,70.79
506698,24.29,241.9,electronics,False,,84.96,84.98
506699,6.89,90.6,books,False,SAVE10,14.0,15.24
506700,14.9,191.1,food,False,SAVE10,32.74,32.75
506701,13.57,177.8,clothing,False,,36.03,36.03
506702,7.73,29.8,clothing,False,,16.95,16.94
506703,19.64,112.3,clothing,False,,44.9,44.89
506704,11.07,223.7,fragile,False,,39.97,39.97
506705,16.41,49.0,fragile,False,,45.12,45.12
506706,19.66,143.3,electronics,False,,66.15,66.15
506707,18.32,198.4,books,False,,39.23,42.89
506708,2.96,197.5,fragile,False,,17.57,17.59
506709,1.85,74.6,books,True,,19.15,19.53
506710,20.6,127.0,electronics,False,,68.15,68.14
506711,16.43,214.5,electronics,False,,60.02,60.03
506712,4.13,184.4,standard,False,,17.48,17.48
506713,3.69,233.2,electronics,True,SAVE10,45.94,45.94
506714,12.69,191.3,clothing,True,,59.08,59.08
506715,4.86,227.1,fragile,False,SAVE10,21.59,21.59
506716,23.3,101.5,food,False,,47.02,47.02
506717,5.99,206.2,standard,False,,22.29,22.28
506718,23.62,229.7,books,False,SAVE10,44.35,48.61
506719,18.04,131.2,standard,False,SAVE10,38.38,38.37
506720,14.12,42.6,standard,False,,30.37,30.36
506721,16.94,243.4,food,True,,72.0,72.0
506722,17.45,195.3,books,False,,37.68,41.19
506723,7.49,172.3,electronics,True,,53.32,53.33
506724,12.46,77.1,books,False,,23.79,26.28
506725,2.12,198.0,fragile,False,,15.41,15.41
506726,1.67,67.7,clothing,False,,6.72,6.74
506727,23.62,261.7,electronics,False,,83.94,83.95
506728,21.34,35.2,standard,False,,44.44,44.42
506729,18.96,266.9,clothing,False,,51.26,51.27
506730,3.05,6.7,fragile,False,,8.26,8.26
506731,15.78,261.1,food,False,,41.46,41.46
506732,18.02,64.2,clothing,False,,39.25,39.27
506733,11.05,34.3,clothing,False,,23.82,23.83
506734,9.76,61.6,standard,False,,22.6,22.6
506735,18.29,231.4,electronics,True,SAVE10,85.12,85.13
506736,0.75,227.9,fragile,False,SAVE10,12.01,11.99
506737,12.03,36.6,electronics,True,,46.58,46.59
506738,6.78,122.0,electronics,True,,43.64,43.64
506739,11.37,74.0,fragile,False,SAVE10,29.94,29.92
506740,14.04,223.0,electronics,False,,53.27,53.28
506741,10.8,187.6,electronics,True,,65.54,65.54
506742,21.98,277.4,books,False,,49.04,53.44
506743,22.11,209.3,books,False,,45.84,50.25
506744,19.11,176.7,standard,True,,69.72,69.72
506745,19.97,285.1,food,True,,83.71,83.73
506746,12.77,71.0,fragile,False,SAVE10,33.08,33.06
506747,7.14,32.6,books,True,,21.31,22.74
506748,20.48,111.0,standard,False,,46.51,46.49
506749,3.36,203.5,food,False,,16.22,16.23
506750,15.06,76.6,electronics,False,,49.01,49.03
506751,16.02,254.5,electronics,False,,60.78,60.79
506752,3.17,89.8,electronics,True,,27.98,28.0
506753,5.5,43.5,standard,False,,13.18,13.19
506754,16.97,264.9,fragile,False,,57.37,57.37
506755,21.51,69.3,fragile,False,,59.39,59.4
506756,10.07,53.1,electronics,True,,43.18,43.17
506757,13.52,217.9,standard,False,SAVE10,34.14,34.15
506758,17.85,230.7,books,True,,68.16,71.73
506759,14.75,160.4,food,False,,34.57,34.57
506760,11.84,112.6,clothing,False,,29.31,29.33
506761,16.13,294.1,clothing,False,,46.96,46.98
506762,17.89,17.9,clothing,True,,43.46,43.48
506763,20.13,192.0,clothing,False,,49.86,49.84
506764,14.25,65.8,electronics,False,,46.04,46.02
506765,16.69,127.8,standard,False,SAVE10,35.79,35.78
506766,5.28,115.3,food,False,,15.27,15.29
506767,4.46,109.9,clothing,False,,14.42,14.41
506768,20.34,81.1,food,True,,53.78,53.78
506769,5.98,220.7,food,False,SAVE10,19.62,19.61
506770,11.21,175.1,food,False,,28.93,28.93
506771,22.18,263.9,books,False,,48.68,53.1
506772,4.09,225.9,books,False,,17.84,18.65
506773,17.13,139.7,electronics,False,,58.38,58.36
506774,6.59,173.4,books,False,,19.21,20.55
506775,15.84,247.7,standard,False,SAVE10,39.66,39.64
506776,20.51,41.9,clothing,False,,43.12,43.12
506777,20.6,6.3,electronics,True,,67.74,67.76
506778,19.55,155.9,electronics,False,,66.45,66.43
506779,13.19,141.9,food,False,SAVE10,27.75,27.76
506780,13.82,177.3,standard,True,,59.24,59.23
506781,4.71,164.8,standard,True,,39.14,39.13
506782,3.36,69.2,fragile,False,,12.2,12.18
506783,18.82,275.4,standard,False,,51.41,51.42
506784,1.78,285.5,standard,False,,17.84,17.84
506785,23.35,77.8,books,False,,41.25,45.9
506786,5.05,117.7,books,False,SAVE10,12.57,13.48
506787,18.14,278.2,standard,False,,50.19,50.21
506788,11.47,176.3,books,True,SAVE10,44.82,46.89
506789,15.51,177.1,electronics,False,,55.39,55.4
506790,19.04,262.8,electronics,False,,70.26,70.26
506791,7.75,61.5,books,False,,15.48,17.04
506792,20.72,48.8,food,False,,39.74,39.74
506793,19.01,200.4,electronics,False,,67.05,67.05
506794,14.72,125.4,electronics,False,,50.43,50.44
506795,14.57,78.5,books,False,,27.24,30.16
506796,9.91,56.3,clothing,False,,22.64,22.63
506797,24.24,68.7,clothing,False,,51.92,51.92
506798,10.0,275.8,standard,True,,66.37,66.37
506799,6.41,122.8,books,True,SAVE10,30.31,31.47
506800,14.18,43.0,books,False,SAVE10,22.35,24.9
506801,23.06,93.9,standard,True,,65.2,65.2
506802,23.19,54.2,standard,True,SAVE10,53.56,53.58
506803,14.66,280.0,electronics,True,,90.98,90.99
506804,10.11,81.3,books,True,SAVE10,30.03,31.84
506805,18.8,112.2,fragile,False,,54.49,54.49
506806,14.2,121.8,standard,False,,34.49,34.47
506807,20.66,6.9,clothing,True,,47.36,47.34
506808,20.91,181.5,food,False,,46.71,46.72
506809,17.71,99.4,standard,False,,40.39,40.37
506810,24.33,255.5,food,True,,87.12,87.12
506811,16.39,118.7,books,False,,32.16,35.43
506812,24.38,97.8,books,False,SAVE10,39.51,43.88
506813,16.47,65.5,food,False,,32.92,32.93
506814,5.85,141.6,electronics,False,SAVE10,22.17,22.15
506815,15.88,278.5,food,False,SAVE10,38.26,38.26
506816,19.31,296.1,fragile,False,SAVE10,58.51,58.49
506817,10.87,147.8,electronics,False,SAVE10,36.0,36.01
506818,4.61,244.2,books,True,SAVE10,44.11,44.94
506819,9.12,71.8,fragile,False,,27.3,27.31
506820,19.65,264.6,electronics,False,SAVE10,64.96,64.97
506821,5.59,177.1,fragile,False,,23.39,23.37
506822,0.78,101.8,clothing,False,,6.65,6.64
506823,22.04,220.2,standard,False,,55.09,55.08
506824,24.31,169.2,books,False,,47.36,52.23
506825,21.79,131.9,food,False,,45.82,45.82
506826,20.13,169.1,food,False,,44.69,44.67
506827,18.38,299.1,food,True,,82.95,82.94
506828,14.01,98.6,books,False,,27.35,30.14
506829,16.47,74.0,standard,True,,49.04,49.06
506830,18.79,187.7,standard,False,,46.96,46.97
506831,8.55,187.9,books,True,,46.87,48.57
506832,5.53,71.3,books,False,SAVE10,11.17,12.17
506833,17.5,107.1,electronics,True,,73.56,73.58
506834,15.29,123.7,fragile,True,,63.31,80.67
506835,24.76,90.2,books,False,,44.13,49.07
506836,10.66,5.4,books,False,,17.33,19.45
506837,10.64,14.4,fragile,False,,28.38,28.37
506838,3.49,93.5,food,False,SAVE10,9.86,9.87
506839,0.87,277.1,food,True,,48.13,48.14
506840,3.91,173.1,fragile,True,SAVE10,37.02,57.08
506841,15.0,274.0,books,False,,37.7,40.69
506842,24.11,155.4,electronics,False,,80.1,80.1
506843,3.27,175.8,food,False,,14.68,14.68
506844,4.42,123.9,food,False,,14.15,14.15
506845,17.21,221.9,standard,False,,45.52,45.52
506846,7.9,195.9,books,False,,22.44,24.0
506847,1.62,25.3,standard,False,,4.51,4.52
506848,22.25,110.1,fragile,False,,63.36,63.34
506849,4.15,162.0,fragile,True,,40.09,61.3
506850,11.19,152.6,food,False,,27.77,27.78
506851,18.99,19.2,clothing,True,,45.86,45.87
506852,19.61,96.8,fragile,False,,55.83,55.84
506853,23.92,216.3,books,False,,49.09,53.86
506854,15.02,131.2,electronics,False,SAVE10,46.46,46.45
506855,4.13,238.8,books,True,,47.43,48.25
506856,2.47,82.9,electronics,True,SAVE10,22.36,22.36
506857,16.26,207.6,clothing,False,SAVE10,38.61,38.61
506858,13.62,18.5,food,False,,25.44,25.46
506859,6.61,232.8,books,False,SAVE10,19.99,21.17
506860,4.54,169.1,clothing,False,,17.54,17.55
506861,9.08,295.7,food,True,,65.7,65.72
506862,7.55,176.7,clothing,False,,23.94,23.95
506863,9.19,167.1,clothing,False,,26.74,26.75
506864,9.11,50.1,clothing,True,,30.74,30.72
506865,18.94,268.5,books,False,,43.73,47.52
506866,11.81,55.6,clothing,False,,26.4,26.41
506867,21.27,127.3,standard,True,SAVE10,59.97,59.99
506868,12.8,285.9,electronics,False,,52.7,52.71
506869,7.62,37.0,food,False,SAVE10,14.01,14.02
506870,23.14,257.0,standard,True,,89.83,89.81
506871,16.46,207.9,fragile,True,,78.98,104.79
506872,21.15,43.6,electronics,False,,65.63,65.64
506873,6.21,202.6,books,False,,20.07,21.33
506874,24.35,184.0,electronics,True,SAVE10,95.09,95.1
506875,16.06,286.4,standard,False,SAVE10,41.8,41.81
506876,9.68,275.0,books,False,,29.24,31.18
506877,6.65,47.4,electronics,False,,22.32,22.31
506878,2.92,296.3,books,True,SAVE10,48.71,49.22
506879,1.31,47.0,fragile,False,,5.76,5.76
506880,5.3,241.8,fragile,False,,25.87,25.88
506881,8.09,131.1,books,True,,37.61,39.24
506882,13.5,268.5,electronics,False,,53.92,53.93
506883,10.25,138.1,food,True,SAVE10,39.75,39.74
506884,1.61,18.6,fragile,False,,5.12,5.11
506885,4.04,272.7,electronics,False,SAVE10,23.18,23.16
506886,0.95,102.5,electronics,False,,7.98,7.97
506887,1.49,214.2,standard,False,,13.69,13.67
506888,7.79,265.7,fragile,False,SAVE10,30.19,30.17
506889,16.14,108.3,clothing,False,,37.7,37.68
506890,4.26,212.0,books,False,,17.42,18.27
506891,22.15,107.2,fragile,False,,62.95,62.94
506892,24.69,251.7,books,True,,82.26,87.19
506893,15.57,296.1,clothing,True,SAVE10,72.5,72.51
506894,1.68,69.9,fragile,False,,7.86,7.86
506895,4.95,245.7,standard,False,,22.18,22.18
506896,13.02,285.6,fragile,False,,48.13,48.12
506897,23.41,117.2,clothing,False,,52.68,52.7
506898,24.56,39.7,standard,False,,51.1,51.11
506899,18.55,178.1,fragile,True,,79.95,102.75
506900,22.31,210.9,clothing,True,,81.26,81.25
506901,2.88,93.2,books,True,,23.59,24.16
506902,12.93,6.6,clothing,True,,31.85,31.84
506903,12.22,179.2,clothing,False,,33.4,33.39
506904,5.81,56.2,standard,False,,14.43,14.41
506905,14.32,117.0,clothing,False,,34.49,34.5
506906,14.29,223.8,electronics,False,SAVE10,48.65,48.65
506907,24.3,45.1,electronics,False,,75.16,75.14
506908,2.14,158.5,food,False,SAVE10,10.6,10.59
506909,7.83,65.5,electronics,False,,26.76,26.78
506910,4.69,197.4,fragile,False,,22.06,22.05
506911,5.97,134.3,electronics,False,,24.62,24.64
506912,8.3,194.2,electronics,False,,34.61,34.61
506913,9.54,82.0,standard,True,,36.38,36.38
506914,23.96,201.6,clothing,True,SAVE10,74.84,74.85
506915,8.55,41.1,food,True,SAVE10,23.9,23.92
506916,12.36,181.0,electronics,False,SAVE10,41.52,41.53
506917,4.56,16.1,electronics,True,,21.1,21.1
506918,5.9,208.1,food,False,,21.02,21.02
506919,5.81,256.2,standard,False,,24.43,24.42
506920,14.44,178.5,food,False,,34.92,34.93
506921,7.87,146.2,electronics,False,SAVE10,27.83,27.83
506922,7.31,277.8,books,False,,25.59,27.03
506923,13.33,225.0,clothing,True,SAVE10,58.87,58.86
506924,0.9,272.8,food,False,,15.26,15.28
506925,21.65,195.4,food,False,,48.74,48.75
506926,1.76,265.8,standard,False,,16.81,16.8
506927,10.58,291.3,fragile,False,SAVE10,37.87,37.87
506928,24.72,114.1,clothing,False,,55.14,55.14
506929,4.62,285.7,clothing,False,,23.52,23.52
506930,1.6,268.5,clothing,True,SAVE10,43.63,43.64
506931,12.4,85.7,electronics,True,,55.06,55.04
506932,15.95,60.2,books,True,,39.55,42.74
506933,9.87,152.6,electronics,True,SAVE10,51.75,51.74
506934,5.89,256.8,food,False,,23.44,23.46
506935,17.43,23.7,clothing,False,,36.04,36.06
506936,14.95,214.9,fragile,True,,76.1,102.58
506937,9.0,135.3,books,False,SAVE10,19.05,20.69
506938,15.58,247.6,standard,False,,43.54,43.56
506939,21.08,13.3,electronics,True,SAVE10,63.21,63.22
506940,13.11,199.0,books,False,,30.93,33.55
506941,10.0,92.2,electronics,False,SAVE10,31.15,31.15
506942,15.59,198.5,clothing,False,,41.1,41.12
506943,12.87,27.2,electronics,False,,39.97,39.98
506944,2.92,296.5,food,False,,20.08,20.06
506945,22.63,280.0,standard,True,,92.26,92.28
506946,3.54,117.2,food,False,,12.23,12.23
506947,18.69,138.3,electronics,True,,81.82,81.8
506948,11.12,280.6,electronics,True,SAVE10,72.4,72.39
506949,19.69,223.9,books,True,SAVE10,63.08,66.64
506950,13.31,151.0,fragile,False,,42.16,42.16
506951,20.61,38.2,books,True,,43.71,47.83
506952,12.01,86.1,electronics,True,,53.94,53.95
506953,6.56,193.2,clothing,False,,22.78,22.76
506954,19.37,262.8,books,False,SAVE10,39.72,43.21
506955,20.78,59.7,electronics,False,SAVE10,58.79,58.81
506956,12.81,197.4,electronics,False,,48.3,48.32
506957,23.26,122.1,fragile,True,,83.79,101.0
506958,17.83,256.8,clothing,False,,48.5,48.52
506959,23.35,32.9,standard,True,,56.64,56.65
506960,5.29,15.8,standard,False,,11.37,11.36
506961,23.62,222.4,clothing,False,,58.36,58.35
506962,19.31,36.7,clothing,False,SAVE10,36.41,36.4
506963,23.6,252.0,books,True,,80.56,85.3
506964,9.07,279.4,books,False,,28.48,30.31
506965,14.12,208.5,clothing,False,,38.66,38.67
506966,22.41,278.5,books,False,,49.78,54.27
506967,16.97,199.8,standard,False,,43.93,43.95
506968,7.58,280.0,food,False,,27.64,27.64
506969,7.58,281.7,electronics,False,,36.83,36.81
506970,23.68,22.8,food,False,,43.76,43.78
506971,16.95,29.3,fragile,True,,53.46,61.39
506972,1.8,16.0,standard,False,SAVE10,3.96,3.96
506973,6.84,212.3,food,False,,22.93,22.93
506974,14.14,296.5,clothing,False,SAVE10,38.79,38.81
506975,5.14,259.4,food,True,SAVE10,47.85,47.85
506976,11.91,52.2,standard,False,SAVE10,23.79,23.79
506977,16.86,295.3,food,False,SAVE10,40.6,40.59
506978,2.56,262.6,food,False,,17.74,17.75
506979,6.72,41.7,electronics,False,,22.24,22.26
506980,22.08,75.7,food,False,,43.53,43.54
506981,1.5,35.8,food,False,,4.49,4.49
506982,3.23,230.7,clothing,False,,18.0,17.98
506983,20.59,265.5,standard,False,,54.46,54.44
506984,17.07,68.8,clothing,False,,37.58,37.58
506985,12.05,279.6,clothing,True,,71.04,71.05
506986,21.55,122.9,clothing,True,,66.54,66.55
506987,5.61,224.7,clothing,False,,22.46,22.45
506988,0.64,204.7,food,False,,11.39,11.4
506989,20.4,95.6,standard,False,SAVE10,41.02,41.02
506990,16.12,269.6,fragile,True,,87.35,119.32
506991,8.75,92.2,standard,False,SAVE10,19.9,19.9
506992,14.69,260.7,electronics,False,,57.1,57.12
506993,2.49,102.4,electronics,False,,12.59,12.59
506994,8.16,94.9,food,False,,19.43,19.42
506995,14.43,45.8,fragile,False,,39.81,39.8
506996,21.19,132.9,clothing,False,SAVE10,44.12,44.12
506997,8.26,170.1,clothing,False,,25.02,25.03
506998,1.99,124.3,electronics,False,SAVE10,10.97,10.96
506999,2.66,250.2,food,False,,17.3,17.3
507000,8.01,290.6,food,True,SAVE10,56.71,56.7
507001,15.84,53.4,food,True,SAVE10,37.37,37.37
507002,17.78,192.8,food,False,,41.64,41.64
507003,17.52,25.9,clothing,False,,36.34,36.33
507004,21.94,264.2,electronics,False,,79.03,79.02
507005,17.2,66.3,food,True,,45.9,45.89
507006,16.93,127.7,fragile,False,,50.4,50.41
507007,15.05,79.7,food,True,SAVE10,39.64,39.66
507008,16.83,94.1,food,False,,35.0,35.02
507009,18.4,258.0,electronics,False,,68.1,68.08
507010,24.41,94.7,clothing,False,,53.56,53.54
507011,4.9,76.4,electronics,True,,31.16,31.14
507012,16.26,253.1,fragile,False,SAVE10,49.44,49.43
507013,3.55,150.6,clothing,True,,34.69,34.7
507014,5.55,222.1,food,False,,21.1,21.09
507015,23.2,207.7,fragile,False,,70.7,70.69
507016,10.42,28.5,electronics,False,,32.68,32.7
507017,14.4,217.9,electronics,False,,54.1,54.08
507018,5.69,15.9,books,False,SAVE10,8.91,9.93
507019,13.0,200.2,clothing,False,SAVE10,32.41,32.42
507020,1.1,220.5,books,False,,12.78,12.99
507021,14.73,190.7,standard,False,,39.0,39.0
507022,23.88,173.2,standard,False,SAVE10,50.78,50.78
507023,17.34,231.6,food,False,,42.79,42.8
507024,16.8,267.2,electronics,True,,95.48,95.49
507025,14.09,103.0,food,False,,30.51,30.52
507026,8.35,222.4,fragile,False,,32.83,32.81
507027,19.46,215.9,fragile,True,,87.98,114.58
507028,10.02,139.3,food,False,,25.0,25.02
507029,8.75,263.5,food,True,,60.28,60.29
507030,13.91,296.6,food,False,,39.87,39.85
507031,24.38,139.1,standard,True,,74.62,74.61
507032,18.49,285.1,electronics,False,SAVE10,62.75,62.77
507033,17.03,126.2,electronics,False,,57.4,57.39
507034,3.64,224.1,standard,False,,18.48,18.49
507035,20.3,19.2,standard,False,SAVE10,37.4,37.4
507036,10.86,243.3,standard,True,,63.22,63.22
507037,15.9,60.1,fragile,False,,44.35,44.35
507038,14.24,265.4,electronics,False,SAVE10,50.39,50.38
507039,19.74,22.8,food,False,,36.67,36.66
507040,1.29,183.2,fragile,False,,12.51,12.5
507041,2.89,6.4,electronics,False,SAVE10,8.09,8.1
507042,7.39,152.1,standard,False,,22.38,22.4
507043,5.46,136.8,fragile,False,,21.04,21.03
507044,17.2,288.5,books,False,,41.94,45.39
507045,3.36,275.9,electronics,True,,56.46,56.45
507046,2.76,195.8,electronics,False,,18.07,18.05
507047,13.48,177.8,electronics,True,SAVE10,64.9,64.91
507048,2.13,267.6,food,False,,17.21,17.21
507049,19.96,166.8,fragile,False,SAVE10,54.21,54.22
507050,8.58,139.0,standard,False,,24.11,24.1
507051,7.91,24.1,fragile,False,,21.77,21.78
507052,15.13,258.5,food,False,,40.16,40.16
507053,24.42,143.3,food,False,,51.12,51.11
507054,7.44,73.7,food,False,,17.08,17.08
507055,6.04,49.5,food,False,SAVE10,12.01,12.0
507056,9.52,112.8,standard,False,,24.68,24.68
507057,19.59,176.2,standard,False,SAVE10,43.19,43.2
507058,23.37,245.5,books,False,,49.67,54.35
507059,4.28,129.8,fragile,True,,35.6,53.6
507060,1.23,283.9,standard,False,,16.66,16.66
507061,7.99,6.7,fragile,True,,26.78,32.45
507062,8.36,131.5,electronics,True,,49.8,49.81
507063,18.81,43.4,fragile,False,,51.08,51.07
507064,17.17,80.2,electronics,False,,55.52,55.51
507065,18.81,32.1,standard,True,,47.43,47.43
507066,10.12,271.3,electronics,True,,76.06,76.06
507067,11.0,84.4,clothing,False,,26.22,26.2
507068,23.58,157.5,food,False,,50.32,50.31
507069,1.68,62.0,food,False,,6.12,6.13
507070,1.02,93.1,food,False,,6.49,6.48
507071,0.91,265.2,clothing,False,,15.08,15.06
507072,20.51,96.0,fragile,False,,58.13,58.14
507073,13.19,66.9,standard,True,,41.42,41.41
507074,17.52,69.1,electronics,False,SAVE10,50.41,50.4
507075,16.51,279.5,fragile,True,,89.85,122.81
507076,20.42,186.2,electronics,False,SAVE10,63.51,63.52
507077,13.48,225.9,books,False,SAVE10,29.58,32.02
507078,8.55,57.6,fragile,False,,25.11,25.11
507079,3.25,124.6,fragile,False,,14.68,14.68
507080,10.57,66.0,books,False,SAVE10,18.19,20.09
507081,5.28,232.9,fragile,False,,25.37,25.37
507082,23.19,9.9,clothing,False,,46.88,46.87
507083,19.2,160.3,fragile,False,,57.94,57.95
507084,7.47,14.7,standard,False,,15.68,15.66
507085,13.03,80.8,food,True,,40.57,40.57
507086,12.0,113.3,fragile,False,,36.86,36.88
507087,15.31,208.2,clothing,True,,66.85,66.86
507088,23.7,238.5,books,True,,78.69,83.42
507089,7.25,189.1,food,False,SAVE10,20.25,20.24
507090,15.55,185.8,fragile,False,,49.72,49.7
507091,12.86,203.0,clothing,False,,35.87,35.86
507092,23.89,153.2,books,False,,45.88,50.65
507093,5.84,163.7,electronics,False,SAVE10,23.13,23.14
507094,16.37,224.6,food,False,,40.7,40.72
507095,2.72,124.3,food,False,,11.11,11.11
507096,13.82,25.4,clothing,False,,28.91,28.91
507097,24.01,226.9,electronics,False,,83.38,83.36
507098,18.13,194.0,fragile,False,,56.84,56.83
507099,1.27,162.8,standard,False,,10.68,10.66
507100,24.61,12.7,electronics,True,SAVE10,72.66,72.68
507101,13.72,234.3,food,False,,36.41,36.4
507102,14.7,181.7,fragile,True,,70.47,93.65
507103,23.66,277.3,food,False,,56.45,56.46
507104,14.83,74.4,fragile,True,,54.72,67.17
507105,5.91,234.2,clothing,False,,23.53,23.55
507106,11.02,96.4,electronics,False,,37.88,37.89
507107,18.86,175.2,fragile,False,,57.8,57.78
507108,10.21,75.0,clothing,True,SAVE10,33.0,33.0
507109,4.63,137.8,clothing,True,,34.93,34.94
507110,10.03,87.6,electronics,False,,34.47,34.49
507111,3.03,183.6,electronics,False,,18.27,18.29
507112,2.95,148.2,books,False,,12.13,12.74
507113,3.48,197.5,clothing,False,,16.84,16.85
507114,12.98,101.7,food,True,,43.62,43.62
507115,8.37,226.8,food,False,,26.41,26.39
507116,4.91,24.5,standard,False,,11.04,11.05
507117,18.6,168.7,fragile,True,,78.67,100.54
507118,15.49,65.8,fragile,False,,43.56,43.56
507119,20.59,67.0,books,False,,36.29,40.42
507120,4.44,204.3,fragile,False,,21.76,21.76
507121,15.7,84.8,fragile,False,,45.06,45.08
507122,6.95,100.1,books,False,,16.12,17.51
507123,12.63,147.5,standard,False,,32.64,32.62
507124,11.43,74.6,fragile,True,,45.91,58.35
507125,14.79,130.5,electronics,False,,50.9,50.91
507126,14.47,216.9,fragile,False,,48.47,48.48
507127,23.0,66.5,standard,False,,49.32,49.34
507128,15.8,97.5,standard,True,,51.22,51.22
507129,9.11,254.8,food,False,,29.14,29.16
507130,19.96,239.2,standard,True,,80.8,80.82
507131,4.45,96.0,standard,False,,13.7,13.69
507132,19.5,221.5,electronics,True,,96.72,96.71
507133,14.63,209.6,books,True,,59.85,62.76
507134,6.87,202.4,clothing,True,,49.1,49.1
507135,18.93,243.9,standard,False,SAVE10,45.05,45.07
507136,3.3,35.5,clothing,True,SAVE10,15.23,15.24
507137,1.37,64.8,standard,False,,5.98,6.0
507138,7.16,294.0,fragile,True,,67.72,102.13
507139,12.87,139.0,fragile,False,,40.41,40.42
507140,15.95,27.0,food,False,,30.06,30.07
507141,8.2,204.6,electronics,False,,34.83,34.84
507142,14.68,16.8,food,True,SAVE10,30.55,30.55
507143,24.52,32.6,food,False,,45.77,45.77
507144,24.96,182.9,clothing,False,,59.07,59.05
507145,18.16,152.2,electronics,False,,62.09,62.08
507146,7.9,26.7,books,False,,13.98,15.56
507147,12.18,293.6,books,False,,34.17,36.59
507148,20.29,63.9,clothing,False,,43.78,43.77
507149,22.24,189.3,books,False,SAVE10,40.54,44.54
507150,23.81,11.8,electronics,False,,72.02,72.03
507151,10.0,135.7,electronics,False,SAVE10,33.11,33.11
507152,8.78,283.1,fragile,False,SAVE10,33.28,33.27
507153,8.73,90.9,books,False,SAVE10,16.66,18.22
507154,19.73,21.1,electronics,True,,67.36,67.36
507155,23.95,92.2,fragile,False,,66.88,66.88
507156,14.3,193.7,electronics,False,SAVE10,47.33,47.33
507157,11.36,89.2,clothing,False,,27.18,27.17
507158,16.82,19.3,clothing,True,,41.54,41.54
507159,10.83,117.0,food,True,,42.04,42.03
507160,14.47,167.0,standard,False,,37.29,37.29
507161,5.11,66.3,clothing,False,,13.54,13.52
507162,2.93,38.3,clothing,False,,7.78,7.79
507163,10.44,46.5,electronics,False,,33.65,33.64
507164,7.07,214.7,food,False,,23.46,23.47
507165,4.22,118.6,standard,False,,14.37,14.38
507166,24.14,62.4,clothing,True,,62.64,62.66
507167,17.56,69.9,standard,True,,50.6,50.61
507168,10.01,50.2,clothing,False,,22.53,22.55
507169,24.8,76.5,fragile,False,,68.31,68.3
507170,3.12,184.5,books,False,,14.22,14.83
507171,9.04,278.9,books,False,,28.41,30.24
507172,22.16,153.9,standard,True,,72.4,72.39
507173,24.22,26.7,standard,True,,57.44,57.46
507174,19.92,223.0,books,True,,70.32,74.32
507175,5.06,177.9,electronics,False,,24.08,24.07
507176,14.38,53.5,food,False,,28.56,28.57
507177,2.25,30.1,electronics,False,SAVE10,7.43,7.41
507178,2.05,7.6,clothing,False,SAVE10,4.03,4.03
507179,21.65,294.1,standard,False,,58.0,58.02
507180,0.56,299.9,food,False,,16.0,16.02
507181,2.88,182.0,electronics,True,,40.94,40.96
507182,3.09,43.7,clothing,True,,17.74,17.73
507183,17.93,283.9,food,False,,46.47,46.45
507184,15.9,113.0,fragile,True,,63.29,79.58
507185,5.79,187.0,standard,True,,44.63,44.64
507186,10.55,121.7,food,False,,25.08,25.06
507187,23.81,237.3,fragile,False,SAVE10,66.39,66.39
507188,5.66,47.7,clothing,True,SAVE10,21.13,21.12
507189,2.16,204.4,fragile,False,,15.84,15.84
507190,16.35,209.6,electronics,False,,59.53,59.52
507191,3.14,283.7,food,True,,53.21,53.21
507192,14.13,163.9,standard,True,SAVE10,52.06,52.06
507193,6.75,122.4,standard,False,SAVE10,17.66,17.67
507194,1.3,122.5,electronics,False,SAVE10,9.02,9.02
507195,16.63,263.1,fragile,False,,56.39,56.38
507196,18.92,127.8,electronics,False,,63.15,63.16
507197,8.2,172.3,food,True,,45.6,45.61
507198,4.38,29.0,clothing,False,,10.21,10.2
507199,24.43,288.4,food,False,,58.39,58.39
507200,6.5,93.9,clothing,False,,17.7,17.69
507201,6.53,246.7,books,True,,52.45,53.75
507202,9.46,217.8,electronics,True,SAVE10,59.45,59.46
507203,6.38,14.8,electronics,False,SAVE10,17.89,17.88
507204,6.52,257.5,clothing,True,,56.66,56.65
507205,23.15,14.8,standard,False,,47.04,47.06
507206,2.51,132.3,books,False,,10.63,11.13
507207,20.95,86.9,fragile,False,,58.82,58.8
507208,13.6,152.0,electronics,False,,48.4,48.42
507209,1.36,116.3,standard,False,,8.54,8.52
507210,4.2,287.8,clothing,True,,56.57,56.56
507211,16.57,196.1,standard,False,,42.94,42.94
507212,14.22,297.9,food,False,,40.49,40.47
507213,6.43,267.1,clothing,False,,26.22,26.23
507214,7.64,188.5,standard,False,,24.7,24.69
507215,23.22,219.8,books,False,,48.14,52.78
507216,18.56,153.2,books,True,SAVE10,51.91,55.25
507217,16.72,222.4,electronics,False,,61.28,61.3
507218,23.14,18.4,electronics,False,,70.34,70.36
507219,6.18,177.7,standard,True,,44.02,44.0
507220,8.58,112.1,standard,True,,38.98,38.96
507221,21.04,146.0,electronics,False,,70.42,70.42
507222,11.29,94.5,books,False,,22.79,25.03
507223,11.44,137.2,electronics,False,,41.18,41.19
507224,20.32,276.2,books,False,,46.32,50.37
507225,24.99,286.0,standard,False,,64.28,64.27
507226,22.25,47.4,books,False,,37.97,42.43
507227,19.39,88.0,books,False,,35.42,39.31
507228,11.44,292.1,standard,False,SAVE10,33.74,33.74
507229,17.8,40.0,books,True,,39.48,43.06
507230,6.03,49.6,clothing,False,,14.54,14.54
507231,6.72,130.5,food,True,,36.67,36.66
507232,5.51,169.9,books,False,,17.31,18.41
507233,17.2,114.9,electronics,False,,57.34,57.33
507234,23.72,84.0,clothing,False,,51.64,51.66
507235,19.01,71.2,fragile,False,,52.99,52.99
507236,7.03,40.0,clothing,True,,25.06,25.04
507237,16.68,47.7,clothing,False,,35.74,35.73
507238,9.09,203.7,food,False,,26.55,26.56
507239,20.69,145.7,clothing,True,,68.24,68.25
507240,12.39,285.1,electronics,False,SAVE10,46.28,46.28
507241,6.62,240.8,clothing,False,,25.28,25.28
507242,7.62,45.3,food,True,,25.51,25.52
507243,2.59,8.1,books,False,,4.55,5.07
507244,9.35,190.5,fragile,False,,33.84,33.83
507245,8.81,294.1,books,False,SAVE10,25.92,27.49
507246,11.72,53.3,electronics,False,,37.83,37.83
507247,16.61,146.0,electronics,True,,76.73,76.73
507248,23.25,41.0,electronics,False,,71.8,71.8
507249,20.53,196.4,electronics,True,,96.05,96.05
507250,14.55,228.9,clothing,False,,40.54,40.54
507251,9.36,233.3,fragile,False,,36.0,36.0
507252,4.68,242.0,food,False,,20.52,20.53
507253,14.98,12.1,fragile,False,,39.55,39.55
507254,2.07,86.4,books,False,,7.63,8.04
507255,1.81,33.0,electronics,False,,7.08,7.09
507256,16.23,134.5,fragile,False,,48.92,48.91
507257,4.52,52.1,fragile,True,,24.57,34.76
507258,21.29,132.8,clothing,False,,49.22,49.23
507259,16.91,50.2,standard,True,,46.35,46.37
507260,13.35,20.1,clothing,False,,27.7,27.72
507261,23.44,23.8,fragile,False,,62.13,62.15
507262,3.73,200.3,books,True,,41.01,41.75
507263,8.09,262.4,food,False,,27.68,27.68
507264,12.94,151.1,food,False,SAVE10,27.76,27.76
507265,24.15,260.2,clothing,False,,61.31,61.31
507266,2.43,289.9,food,False,SAVE10,16.98,16.97
507267,15.25,217.7,food,False,,38.34,38.34
507268,23.03,220.5,books,True,,74.92,79.51
507269,4.05,137.3,standard,True,,33.7,33.71
507270,17.75,27.8,standard,True,,44.67,44.69
507271,17.42,229.2,electronics,False,,63.72,63.73
507272,9.33,284.3,books,False,SAVE10,26.23,27.91
507273,13.62,178.9,standard,False,,36.18,36.2
507274,23.41,80.9,standard,False,,50.86,50.87
507275,11.97,234.8,standard,True,,64.16,64.18
507276,11.68,167.5,clothing,False,,31.74,31.72
507277,14.32,49.8,food,False,,28.27,28.27
507278,1.28,227.4,clothing,False,,13.93,13.92
507279,20.33,165.7,fragile,True,,82.71,104.3
507280,1.76,227.3,electronics,True,,44.38,44.39
507281,24.48,228.4,fragile,False,,75.07,75.08
507282,24.28,149.6,electronics,True,SAVE10,90.25,90.24
507283,20.55,228.0,fragile,False,,64.83,64.85
507284,22.44,102.3,electronics,False,,72.44,72.44
507285,15.58,226.1,clothing,False,,42.46,42.45
507286,7.99,44.3,books,False,,15.0,16.59
507287,15.29,51.4,food,True,SAVE10,36.21,36.22
507288,17.13,224.9,fragile,False,,55.78,55.78
507289,3.97,289.6,fragile,False,,24.8,24.78
507290,19.48,24.3,fragile,False,,51.86,51.88
507291,7.94,289.2,standard,True,,64.26,64.26
507292,13.06,34.3,books,False,,22.61,25.24
507293,7.03,271.0,fragile,False,,31.83,31.84
507294,7.41,165.1,standard,True,,44.59,44.58
507295,21.98,124.4,fragile,False,,63.37,63.39
507296,19.37,141.7,electronics,False,,65.19,65.21
507297,2.03,202.0,electronics,False,SAVE10,14.57,14.57
507298,19.39,29.9,food,False,SAVE10,32.76,32.77
507299,23.16,278.2,fragile,False,,74.13,74.14
507300,17.75,121.9,electronics,False,,59.34,59.35
507301,17.46,109.6,electronics,False,,57.86,57.86
507302,6.97,143.6,clothing,True,,40.48,40.5
507303,17.63,169.9,books,True,SAVE10,52.82,56.0
507304,9.79,13.0,food,False,SAVE10,16.44,16.44
507305,23.11,87.6,standard,False,,50.6,50.61
507306,17.76,214.4,standard,False,,46.24,46.25
507307,8.41,85.5,electronics,False,,29.51,29.51
507308,22.15,277.0,books,False,,49.29,53.71
507309,19.47,238.5,standard,False,,50.86,50.85
507310,5.43,53.6,standard,True,,23.9,23.89
507311,5.76,74.7,electronics,True,,33.48,33.47
507312,0.82,157.4,clothing,True,,30.25,30.23
507313,19.36,118.3,fragile,True,,73.08,89.93
507314,2.61,205.8,electronics,False,,18.12,18.13
507315,7.25,152.9,standard,False,,22.14,22.14
507316,18.54,107.4,fragile,True,,69.31,85.05
507317,7.99,192.4,clothing,False,,25.6,25.59
507318,7.5,162.1,books,False,,20.1,21.61
507319,2.12,71.8,standard,False,,7.83,7.81
507320,1.73,215.6,books,True,,40.11,40.46
507321,14.51,128.9,fragile,False,,44.17,44.18
507322,3.89,220.7,books,True,,44.33,45.12
507323,24.11,183.7,books,False,,47.76,52.59
507324,1.13,202.1,food,False,SAVE10,10.93,10.92
507325,8.24,241.4,fragile,False,SAVE10,30.14,30.15
507326,5.01,57.6,fragile,False,,15.91,15.9
507327,22.53,87.6,books,False,,40.43,44.95
507328,18.89,19.6,books,True,,38.16,41.92
507329,3.23,175.6,books,False,,13.95,14.6
507330,1.86,128.5,books,False,SAVE10,8.46,8.78
507331,2.54,57.9,clothing,True,SAVE10,16.89,16.88
507332,18.62,163.0,standard,False,SAVE10,40.85,40.86
507333,18.81,253.7,standard,True,SAVE10,72.61,72.62
507334,16.0,189.7,food,False,,38.28,38.28
507335,12.48,211.3,books,False,,30.53,33.02
507336,11.84,55.9,clothing,False,,26.48,26.48
507337,15.09,125.4,clothing,True,SAVE10,48.59,48.61
507338,3.16,129.1,standard,True,,30.68,30.68
507339,19.97,144.5,books,False,,39.18,43.15
507340,19.55,253.3,standard,False,,51.76,51.78
507341,17.18,181.7,electronics,True,,83.8,83.78
507342,6.27,134.3,fragile,False,,23.02,23.02
507343,5.76,276.7,food,False,,24.2,24.19
507344,24.52,263.9,electronics,True,SAVE10,106.33,106.32
507345,23.74,89.5,food,False,,47.21,47.22
507346,18.83,106.0,standard,True,,58.56,58.55
507347,19.74,47.6,electronics,False,,61.6,61.62
507348,11.72,184.6,books,False,,27.98,30.31
507349,21.99,108.6,books,False,,40.61,44.99
507350,17.42,59.3,clothing,True,,48.74,48.74
507351,11.23,253.7,electronics,False,,46.38,46.37
507352,17.19,235.5,fragile,False,,56.47,56.48
507353,2.45,85.1,electronics,True,,25.12,25.13
507354,10.17,7.6,standard,False,,20.72,20.74
507355,21.17,174.2,fragile,False,,63.75,63.74
507356,12.26,292.9,standard,False,SAVE10,35.25,35.26
507357,14.13,281.6,fragile,False,,50.82,50.81
507358,14.24,243.0,clothing,True,,69.93,69.94
507359,23.6,162.1,standard,False,SAVE10,49.77,49.79
507360,5.42,251.4,food,False,,22.33,22.34
507361,17.2,258.6,fragile,True,,88.51,119.37
507362,11.5,53.3,clothing,False,,25.66,25.68
507363,6.27,291.5,fragile,False,,30.88,30.88
507364,1.69,291.8,food,False,,17.63,17.62
507365,15.45,270.8,fragile,False,,53.71,53.73
507366,5.0,294.7,clothing,False,,24.74,24.73
507367,14.77,153.3,clothing,False,,37.2,37.21
507368,11.03,289.3,standard,False,,36.52,36.52
507369,10.44,116.5,food,False,,24.62,24.6
507370,22.26,250.2,fragile,False,,70.39,70.4
507371,2.7,33.4,standard,False,,7.07,7.07
507372,14.25,186.7,electronics,False,SAVE10,46.88,46.88
507373,10.65,211.2,fragile,False,,38.25,38.26
507374,4.21,280.2,standard,False,,22.43,22.43
507375,10.18,268.6,fragile,False,,39.9,39.91
507376,21.74,82.0,clothing,False,,47.58,47.58
507377,5.35,202.3,books,False,,18.68,19.73
507378,17.15,66.2,food,True,,45.8,45.78
507379,7.08,164.3,clothing,False,,22.38,22.38
507380,13.22,170.4,standard,True,,57.0,57.0
507381,14.0,88.3,fragile,True,SAVE10,49.18,61.62
507382,2.25,127.0,books,False,,9.95,10.41
507383,20.3,250.6,electronics,False,,73.43,73.41
507384,9.77,111.3,food,True,,39.28,39.28
507385,5.64,31.1,electronics,False,,18.47,18.47
507386,5.59,264.5,books,False,SAVE10,19.95,20.97
507387,24.64,106.1,clothing,True,,70.19,70.19
507388,23.61,239.7,fragile,False,,73.37,73.36
507389,12.0,183.6,standard,False,SAVE10,29.86,29.85
507390,7.13,46.5,fragile,False,SAVE10,18.78,18.79
507391,17.85,51.9,books,False,,31.16,34.71
507392,1.79,210.2,electronics,False,,15.88,15.88
507393,21.55,109.7,standard,False,,48.58,48.59
507394,0.64,288.5,fragile,False,,16.09,16.08
507395,1.71,211.3,electronics,True,,41.82,41.84
507396,8.69,11.6,electronics,True,,32.81,32.82
507397,11.68,53.2,electronics,False,,37.7,37.71
507398,0.63,234.9,electronics,True,,42.12,42.11
507399,7.5,187.2,food,True,SAVE10,41.92,41.93
507400,24.6,80.9,fragile,False,,68.01,67.99
507401,19.46,110.4,standard,False,,44.44,44.44
507402,1.93,47.6,food,True,,15.61,15.61
507403,21.98,105.0,books,True,,55.92,60.32
507404,11.91,52.1,food,False,SAVE10,21.64,21.64
507405,24.74,172.3,standard,False,SAVE10,52.29,52.27
507406,8.37,20.9,fragile,False,SAVE10,20.53,20.51
507407,8.08,45.6,electronics,False,,26.52,26.54
507408,17.14,77.7,fragile,True,,61.22,74.01
507409,12.46,205.6,fragile,False,,42.68,42.66
507410,7.27,91.4,books,True,,30.34,31.8
507411,13.35,8.5,fragile,True,,40.98,46.82
507412,16.11,18.0,clothing,False,SAVE10,29.81,29.81
507413,8.16,171.0,food,False,,23.24,23.24
507414,20.69,28.0,electronics,False,,63.47,63.45
507415,18.84,270.4,standard,False,,51.2,51.2
507416,18.95,63.6,fragile,False,,52.45,52.45
507417,16.68,141.9,electronics,False,,57.14,57.13
507418,6.14,66.2,standard,False,,15.59,15.59
507419,17.8,180.2,fragile,True,,78.31,101.31
507420,4.78,229.2,electronics,True,SAVE10,48.35,48.36
507421,3.98,194.3,food,False,SAVE10,15.19,15.18
507422,12.84,86.0,food,True,,41.01,41.02
507423,4.72,111.7,clothing,False,,15.02,15.01
507424,3.62,223.0,fragile,False,,20.56,20.56
507425,15.01,209.7,fragile,False,,49.51,49.49
507426,24.4,58.4,books,False,,41.96,46.83
507427,1.86,34.9,electronics,True,,15.82,15.81
507428,11.38,89.2,clothing,False,,27.22,27.24
507429,2.71,192.9,standard,False,SAVE10,13.56,13.57
507430,13.7,143.8,clothing,False,,34.59,34.61
507431,14.58,287.0,books,True,,71.38,74.28
507432,12.52,160.5,electronics,False,,45.58,45.57
507433,1.46,136.8,books,False,,9.18,9.47
507434,17.67,85.6,fragile,False,,50.22,50.22
507435,12.94,89.1,fragile,True,,52.01,65.92
507436,14.55,207.5,fragile,False,,48.21,48.22
507437,16.87,95.9,books,False,SAVE10,28.61,31.66
507438,22.7,40.5,standard,False,SAVE10,42.68,42.69
507439,11.15,218.0,electronics,False,,44.35,44.36
507440,22.87,94.3,fragile,True,,78.61,93.05
507441,4.81,9.9,standard,True,,16.1,16.09
507442,11.62,283.2,food,True,,68.4,68.41
507443,4.83,244.5,fragile,False,,24.78,24.78
507444,9.62,299.7,fragile,False,,40.0,39.98
507445,22.64,209.5,books,False,,46.7,51.23
507446,24.39,105.3,electronics,False,,78.44,78.43
507447,12.07,248.1,clothing,False,,36.54,36.56
507448,7.28,248.7,electronics,False,SAVE10,30.85,30.85
507449,8.41,120.8,fragile,True,,44.99,62.05
507450,22.59,169.3,food,False,,49.13,49.11
507451,11.24,105.8,books,False,SAVE10,20.95,22.97
507452,5.36,195.6,standard,False,,20.5,20.51
507453,20.96,174.7,fragile,False,,63.23,63.21
507454,12.99,43.7,fragile,False,SAVE10,32.36,32.37
507455,10.97,13.4,clothing,False,,22.61,22.62
507456,22.63,147.9,food,False,SAVE10,43.32,43.3
507457,18.78,147.9,fragile,True,SAVE10,68.41,86.23
507458,0.85,178.8,books,False,,10.3,10.48
507459,24.18,116.7,electronics,False,,78.38,78.39
507460,11.64,205.8,electronics,False,SAVE10,40.69,40.7
507461,4.91,194.1,standard,False,,19.52,19.51
507462,22.8,144.0,fragile,False,,66.48,66.47
507463,10.78,148.1,fragile,False,,35.43,35.42
507464,17.27,148.8,food,False,,38.53,38.51
507465,18.89,215.7,books,True,,67.58,71.35
507466,5.27,72.2,fragile,True,,29.53,41.76
507467,24.6,280.7,food,True,SAVE10,82.25,82.25
507468,14.29,253.0,fragile,True,,80.1,110.39
507469,1.9,241.5,electronics,False,SAVE10,16.0,16.01
507470,13.65,67.7,food,False,,27.96,27.95
507471,0.95,94.5,clothing,False,SAVE10,5.96,5.96
507472,24.49,51.3,standard,False,,51.54,51.54
507473,16.82,144.4,food,False,,37.5,37.51
507474,9.79,90.8,standard,False,,24.12,24.1
507475,20.08,129.3,fragile,False,SAVE10,52.81,52.83
507476,19.95,165.5,electronics,False,SAVE10,61.31,61.31
507477,17.66,167.1,standard,False,,43.68,43.69
507478,6.26,264.0,books,False,,23.22,24.47
507479,2.78,121.4,books,False,,10.52,11.07
507480,21.48,80.4,fragile,False,,59.87,59.87
507481,22.27,155.0,clothing,False,,52.29,52.29
507482,8.97,140.7,fragile,True,SAVE10,44.48,61.66
507483,9.97,180.1,clothing,False,,28.94,28.93
507484,10.38,42.2,food,False,,20.79,20.78
507485,7.28,8.5,standard,False,,14.99,14.98
507486,23.49,266.3,books,True,,82.53,87.21
507487,13.52,173.8,books,False,SAVE10,27.29,29.71
507488,17.88,31.2,clothing,False,SAVE10,33.59,33.58
507489,15.33,9.3,food,True,,33.99,33.99
507490,2.7,193.8,books,True,,38.39,38.94
507491,2.27,258.0,standard,True,SAVE10,43.42,43.41
507492,4.12,36.5,fragile,False,,12.54,12.54
507493,12.67,278.9,fragile,False,,46.89,46.88
507494,15.88,241.6,electronics,False,SAVE10,53.75,53.75
507495,24.9,144.0,food,True,,71.42,71.44
507496,22.57,22.2,fragile,True,SAVE10,60.31,66.8
507497,18.61,99.0,books,False,,34.73,38.45
507498,9.89,254.2,standard,True,,62.91,62.92
507499,8.94,255.9,fragile,True,,66.63,97.23
507500,17.58,46.7,fragile,False,,48.04,48.04
507501,8.97,149.3,clothing,False,SAVE10,22.86,22.87
507502,19.26,268.5,standard,False,,51.95,51.94
507503,18.35,114.2,food,False,,38.74,38.73
507504,3.44,162.9,food,False,,14.34,14.34
507505,20.2,41.3,electronics,False,,62.66,62.65
507506,2.79,145.3,fragile,False,SAVE10,13.07,13.08
507507,8.28,20.5,electronics,False,,25.86,25.85
507508,24.39,266.8,clothing,False,,62.12,62.12
507509,16.46,136.5,food,True,,55.1,55.09
507510,21.48,26.1,fragile,False,,57.15,57.15
507511,23.21,73.8,books,False,,40.83,45.48
507512,6.98,237.1,electronics,False,,32.8,32.8
507513,19.99,275.7,standard,False,,53.76,53.75
507514,9.62,280.3,books,True,,62.44,64.34
507515,2.09,216.4,books,False,,14.16,14.58
507516,3.12,19.8,books,False,,5.98,6.6
507517,3.59,205.9,books,False,SAVE10,14.44,15.07
507518,15.97,143.9,fragile,False,,48.72,48.72
507519,16.22,168.5,clothing,False,,40.86,40.88
507520,21.26,77.4,fragile,True,SAVE10,64.7,76.16
507521,7.73,7.4,standard,False,,15.83,15.81
507522,19.18,221.4,clothing,False,,49.43,49.42
507523,7.04,145.8,books,True,,38.13,39.54
507524,8.18,189.2,electronics,False,,34.0,34.0
507525,16.57,213.3,standard,True,,70.14,70.12
507526,10.12,62.8,clothing,False,,23.38,23.39
507527,24.95,176.1,food,True,SAVE10,68.69,68.7
507528,8.26,281.9,clothing,True,,63.8,63.79
507529,6.32,131.7,food,False,,17.96,17.96
507530,22.04,167.2,food,True,SAVE10,62.78,62.79
507531,21.89,99.0,books,True,SAVE10,49.39,53.33
507532,4.49,175.0,fragile,False,,20.42,20.42
507533,8.77,265.2,electronics,False,,39.57,39.57
507534,13.0,100.9,electronics,False,,44.04,44.03
507535,2.12,136.8,books,True,,28.91,29.36
507536,9.58,117.6,food,True,,39.88,39.87
507537,19.37,258.5,standard,False,,51.67,51.66
507538,19.33,46.4,clothing,True,,50.62,50.62
507539,4.14,86.7,books,False,SAVE10,9.86,10.61
507540,7.94,162.5,clothing,True,,45.26,45.24
507541,7.08,97.5,standard,True,,33.78,33.77
507542,17.27,48.7,clothing,False,,36.98,36.96
507543,3.73,107.5,electronics,True,,32.32,32.31
507544,24.66,91.3,books,False,,44.02,48.94
507545,3.34,200.0,clothing,False,,16.68,16.67
507546,13.45,275.9,fragile,True,,81.36,113.96
507547,17.73,62.8,books,False,,31.51,35.04
507548,23.73,12.6,electronics,False,SAVE10,64.64,64.62
507549,15.55,177.0,electronics,True,,78.2,78.21
507550,21.46,29.1,food,False,,40.08,40.07
507551,13.51,151.3,food,False,,31.88,31.89
507552,5.91,73.8,food,False,,14.33,14.33
507553,10.81,97.7,food,False,SAVE10,21.91,21.91
507554,15.37,215.1,standard,False,SAVE10,37.35,37.33
507555,13.51,185.1,clothing,False,SAVE10,32.65,32.66
507556,19.67,281.1,clothing,True,,86.5,86.49
507557,13.72,226.4,books,True,,60.91,63.64
507558,9.89,162.9,standard,False,,27.93,27.94
507559,13.12,85.2,books,True,,38.77,41.38
507560,13.23,160.4,food,False,,31.83,31.82
507561,0.74,220.7,food,True,,39.44,39.43
507562,8.54,24.9,electronics,True,,34.35,34.36
507563,14.54,288.7,food,False,,40.61,40.6
507564,17.96,279.8,books,False,,42.73,46.33
507565,10.97,139.5,standard,False,,28.92,28.9
507566,18.78,157.6,food,False,,41.68,41.68
507567,12.83,8.7,fragile,False,,33.79,33.78
507568,9.55,8.8,electronics,True,,34.97,34.95
507569,6.44,76.4,electronics,False,SAVE10,20.83,20.84
507570,20.04,197.3,fragile,False,SAVE10,55.77,55.76
507571,23.09,42.1,fragile,True,,71.35,80.57
507572,18.37,292.3,fragile,False,SAVE10,56.14,56.12
507573,5.9,277.3,books,False,,23.31,24.49
507574,17.8,197.1,books,False,,38.34,41.91
507575,12.87,80.4,electronics,False,,42.63,42.63
507576,23.16,296.3,electronics,False,,84.3,84.28
507577,0.65,78.0,clothing,False,,5.2,5.19
507578,19.44,148.5,electronics,False,,65.74,65.73
507579,11.93,283.4,electronics,False,,49.96,49.98
507580,21.46,102.8,clothing,True,SAVE10,57.01,57.01
507581,15.34,108.1,clothing,False,,36.08,36.08
507582,0.69,293.5,electronics,False,,16.74,16.73
507583,17.45,216.4,fragile,False,,56.19,56.2
507584,13.56,92.2,electronics,True,,59.51,59.49
507585,6.36,44.7,clothing,False,,14.96,14.97
507586,3.49,29.2,fragile,False,SAVE10,9.48,9.48
507587,10.26,70.0,food,False,,21.97,21.98
507588,14.24,136.9,clothing,False,,35.33,35.32
507589,12.22,217.6,fragile,True,SAVE10,62.47,86.57
507590,0.92,40.9,clothing,False,,3.88,3.87
507591,4.12,117.1,clothing,False,,14.1,14.1
507592,17.18,296.9,clothing,False,,49.2,49.21
507593,13.87,6.8,books,False,,22.53,25.29
507594,18.7,272.1,electronics,False,,69.7,69.72
507595,10.66,147.3,food,False,,26.55,26.54
507596,6.79,214.1,food,True,SAVE10,44.4,44.39
507597,20.05,67.0,electronics,True,SAVE10,67.68,67.67
507598,5.84,181.3,standard,False,,20.74,20.75
507599,1.98,121.0,fragile,True,,28.3,45.41
507600,9.53,51.2,books,False,,17.81,19.7
507601,11.56,193.8,fragile,False,,39.75,39.73
507602,5.62,103.5,food,False,SAVE10,13.76,13.75
507603,23.91,45.7,books,False,,40.54,45.32
507604,6.17,164.2,clothing,False,,20.55,20.55
507605,3.49,158.0,fragile,True,,37.77,58.59
507606,16.71,37.3,clothing,False,,35.29,35.28
507607,4.01,19.7,clothing,True,,15.97,15.96
507608,7.36,288.0,standard,False,,29.12,29.1
507609,10.64,34.6,clothing,False,,23.01,23.01
507610,7.21,93.2,standard,False,,19.08,19.08
507611,16.52,163.4,electronics,False,,57.73,57.74
507612,3.93,170.4,food,True,,37.63,37.65
507613,16.28,283.7,standard,True,,80.12,80.13
507614,3.34,195.2,electronics,True,,44.3,44.28
507615,14.71,67.9,books,False,,26.93,29.87
507616,24.48,57.4,books,False,,42.04,46.92
507617,19.78,122.1,standard,False,,45.67,45.67
507618,23.69,26.8,food,True,,51.66,51.66
507619,13.88,296.1,clothing,False,,42.57,42.58
507620,4.38,260.5,books,False,,20.03,20.91
507621,9.57,253.9,electronics,False,SAVE10,37.26,37.27
507622,19.52,10.8,food,True,,41.76,41.77
507623,3.73,253.4,electronics,False,SAVE10,21.47,21.49
507624,16.77,54.4,clothing,False,,36.26,36.24
507625,8.4,65.7,standard,False,,20.08,20.09
507626,22.98,287.8,standard,True,,94.13,94.11
507627,9.09,108.8,electronics,False,SAVE10,29.44,29.43
507628,8.4,205.5,fragile,True,,57.67,83.2
507629,7.17,81.3,electronics,True,,38.7,38.69
507630,13.73,83.5,electronics,False,,45.36,45.38
507631,23.84,247.6,fragile,False,,74.36,74.35
507632,13.74,280.4,clothing,True,SAVE10,67.09,67.08
507633,18.66,138.0,electronics,True,,81.68,81.68
507634,13.25,188.3,electronics,False,,49.16,49.16
507635,2.53,5.0,books,False,,4.3,4.79
507636,14.87,5.4,standard,False,,30.01,29.99
507637,15.06,238.7,books,True,SAVE10,58.41,61.12
507638,15.11,30.2,fragile,False,,40.8,40.79
507639,7.81,280.8,fragile,True,,67.43,100.51
507640,7.04,265.4,books,False,,24.53,25.94
507641,8.57,242.3,food,True,,56.77,56.75
507642,1.26,279.0,food,False,,16.22,16.21
507643,4.45,215.9,food,False,,18.8,18.8
507644,7.53,102.0,standard,False,,20.16,20.14
507645,13.05,15.7,clothing,True,,33.46,33.45
507646,22.83,226.9,food,False,SAVE10,47.2,47.18
507647,17.67,6.9,books,False,,28.62,32.15
507648,13.14,287.8,standard,True,,74.45,74.46
507649,18.06,90.5,food,False,,37.03,37.02
507650,11.39,123.7,food,False,SAVE10,24.02,24.02
507651,1.66,68.6,standard,False,,6.75,6.75
507652,17.32,238.1,electronics,True,,92.68,92.68
507653,17.78,286.0,clothing,False,,49.86,49.86
507654,16.55,285.5,clothing,False,,47.38,47.37
507655,21.39,192.8,clothing,False,,52.42,52.43
507656,19.65,147.4,standard,False,,46.67,46.67
507657,20.81,254.3,electronics,False,,75.14,75.13
507658,1.63,161.6,electronics,False,,12.97,12.98
507659,25.0,265.2,food,False,,58.26,58.25
507660,14.91,187.2,electronics,False,,54.09,54.08
507661,15.02,256.3,fragile,False,,51.87,51.85
507662,15.52,247.8,clothing,True,,73.21,73.22
507663,7.12,123.1,electronics,True,,44.82,44.81
507664,7.92,46.4,clothing,False,,18.16,18.14
507665,21.98,142.6,clothing,True,SAVE10,63.32,63.32
507666,15.21,22.1,food,False,,28.48,28.48
507667,24.03,139.4,fragile,False,,69.45,69.44
507668,5.61,144.0,books,False,,16.18,17.31
507669,14.84,271.7,books,False,,37.33,40.29
507670,15.2,186.8,electronics,False,,54.94,54.94
507671,1.41,153.1,fragile,False,,11.32,11.33
507672,15.84,137.6,food,False,,35.39,35.39
507673,9.92,273.9,electronics,True,,75.84,75.86
507674,11.03,7.1,books,True,,23.71,25.92
507675,5.05,254.3,books,False,SAVE10,18.72,19.64
507676,15.07,147.7,electronics,False,,52.6,52.58
507677,17.0,147.2,fragile,True,,71.28,90.99
507678,22.35,81.1,clothing,True,,61.86,61.86
507679,21.12,144.4,clothing,False,,49.46,49.47
507680,24.51,30.5,books,False,,40.74,45.65
507681,24.41,260.1,standard,False,,61.82,61.81
507682,17.66,195.5,food,False,,41.56,41.56
507683,7.38,290.2,fragile,True,,67.72,101.73
507684,13.73,228.5,books,True,,61.24,63.99
507685,2.55,89.2,clothing,True,,23.48,23.47
507686,14.37,48.9,food,True,,38.2,38.18
507687,7.99,289.1,electronics,False,,38.42,38.42
507688,13.64,215.8,clothing,False,,38.07,38.08
507689,18.88,118.4,electronics,True,SAVE10,71.46,71.45
507690,1.99,268.7,books,False,SAVE10,14.96,15.32
507691,21.96,86.5,clothing,False,,48.24,48.24
507692,1.43,73.2,electronics,False,,7.95,7.94
507693,12.5,62.5,fragile,True,,46.88,58.12
507694,5.85,175.6,fragile,False,,23.99,23.98
507695,1.46,274.4,fragile,False,,17.52,17.51
507696,12.25,107.7,electronics,False,SAVE10,37.92,37.94
507697,6.92,52.7,clothing,True,,26.74,26.75
507698,2.46,272.9,food,False,,18.07,18.08
507699,20.7,262.2,fragile,False,SAVE10,60.24,60.25
507700,6.52,113.0,food,True,SAVE10,30.32,30.34
507701,23.49,140.3,fragile,False,,68.09,68.09
507702,15.41,69.9,electronics,False,,49.72,49.72
507703,9.2,127.6,fragile,False,,30.3,30.29
507704,1.98,164.6,standard,False,,12.19,12.18
507705,21.46,154.8,electronics,False,,72.12,72.12
507706,3.17,275.1,fragile,False,,22.0,22.02
507707,19.52,82.9,standard,False,,43.18,43.19
507708,13.45,281.3,fragile,True,SAVE10,73.95,103.77
507709,11.66,202.7,fragile,True,SAVE10,59.15,81.9
507710,2.47,295.0,fragile,True,,55.67,90.18
507711,10.8,283.9,books,False,,31.48,33.64
507712,0.9,270.2,fragile,False,,15.85,15.83
507713,19.2,38.3,electronics,True,SAVE10,61.51,61.53
507714,17.83,293.9,standard,True,,84.74,84.74
507715,3.83,261.1,standard,False,,20.72,20.72
507716,12.98,82.6,electronics,True,SAVE10,50.7,50.68
507717,4.86,26.0,books,True,,16.68,17.64
507718,17.95,127.3,standard,False,,42.26,42.25
507719,5.13,235.2,clothing,True,,50.54,50.53
507720,4.73,86.8,clothing,True,,27.48,27.47
507721,7.47,61.3,standard,True,,29.14,29.13
507722,24.3,70.9,standard,True,,64.24,64.23
507723,20.55,120.7,clothing,True,,64.21,64.22
507724,10.38,102.1,electronics,False,,36.25,36.23
507725,19.96,298.2,books,False,SAVE10,42.16,45.74
507726,9.36,87.2,books,False,,19.34,21.2
507727,5.1,56.0,standard,False,SAVE10,11.7,11.68
507728,22.48,126.5,standard,False,,51.28,51.27
507729,1.4,276.6,books,True,,48.73,49.02
507730,19.93,60.8,books,False,SAVE10,31.44,35.01
507731,24.01,74.8,food,False,,46.96,46.96
507732,2.56,73.0,electronics,False,,11.33,11.34
507733,21.55,180.4,fragile,False,,65.05,65.04
507734,19.61,71.5,electronics,True,,74.56,74.54
507735,1.54,208.9,food,False,,13.22,13.22
507736,11.38,203.2,books,False,,28.37,30.66
507737,6.87,58.3,fragile,True,,31.61,42.46
507738,9.91,113.7,standard,False,,25.51,25.5
507739,9.85,297.3,standard,False,,34.56,34.56
507740,10.17,77.9,food,True,,34.99,34.98
507741,0.74,48.7,standard,False,,3.92,3.91
507742,7.15,252.1,clothing,True,,57.12,57.11
507743,7.61,270.0,standard,False,,28.72,28.73
507744,16.41,123.9,books,False,SAVE10,29.21,32.15
507745,17.55,99.8,fragile,False,,50.62,50.62
507746,18.89,264.4,electronics,True,,101.33,101.34
507747,16.11,26.6,electronics,False,SAVE10,44.69,44.68
507748,22.41,177.8,standard,False,,53.71,53.72
507749,14.13,90.1,books,False,,27.11,29.95
507750,8.18,283.1,electronics,True,,72.0,72.02
507751,1.48,169.1,electronics,False,,12.9,12.88
507752,18.31,116.6,electronics,True,,77.42,77.43
507753,14.28,154.4,electronics,False,,50.56,50.57
507754,4.5,147.7,clothing,False,SAVE10,14.75,14.73
507755,13.03,280.5,standard,False,SAVE10,36.08,36.07
507756,23.64,21.5,food,True,SAVE10,45.7,45.69
507757,15.33,183.9,fragile,False,,49.05,49.04
507758,8.07,221.6,books,False,,23.99,25.6
507759,20.26,90.0,standard,False,SAVE10,40.52,40.5
507760,10.17,141.5,clothing,True,SAVE10,41.91,41.92
507761,0.87,97.4,food,False,,6.44,6.45
507762,2.45,96.2,electronics,False,,12.16,12.17
507763,24.06,51.8,books,True,,51.27,56.09
507764,2.79,234.3,food,False,,16.74,16.74
507765,19.69,47.3,food,False,,37.81,37.82
507766,1.25,243.6,clothing,False,,14.68,14.67
507767,10.88,79.5,standard,True,,38.68,38.68
507768,7.41,155.9,standard,True,,43.21,43.2
507769,8.93,36.3,clothing,False,,19.68,19.69
507770,2.73,93.5,books,False,,9.04,9.61
507771,10.35,244.3,fragile,False,,39.12,39.13
507772,19.1,106.7,books,True,,51.57,55.39
507773,13.36,229.6,fragile,False,SAVE10,41.59,41.58
507774,3.74,238.0,clothing,True,SAVE10,43.36,43.35
507775,20.23,290.5,electronics,True,SAVE10,98.34,98.34
507776,21.85,107.5,clothing,False,SAVE10,44.17,44.17
507777,11.68,287.4,food,False,,35.39,35.38
507778,9.3,278.9,electronics,True,,74.74,74.73
507779,0.94,80.1,fragile,False,,6.45,6.44
507780,2.23,48.0,electronics,False,,9.09,9.08
507781,9.7,35.8,fragile,True,,35.59,44.19
507782,3.28,182.8,food,True,,38.32,38.34
507783,24.25,278.5,food,False,SAVE10,51.82,51.81
507784,16.28,192.8,food,False,,38.94,38.93
507785,8.16,112.3,clothing,False,,21.94,21.92
507786,14.83,212.4,electronics,False,,55.11,55.1
507787,4.62,278.0,fragile,False,SAVE10,23.32,23.32
507788,22.97,242.4,food,False,,53.47,53.47
507789,12.77,186.5,fragile,False,,42.53,42.53
507790,17.64,37.4,clothing,False,,37.15,37.14
507791,4.96,274.8,books,False,,21.68,22.65
507792,12.11,212.3,fragile,True,,68.33,94.55
507793,17.99,17.9,fragile,False,,47.67,47.68
507794,9.99,268.0,standard,False,,33.38,33.38
507795,2.09,204.7,standard,True,,39.88,39.88
507796,11.99,170.7,clothing,True,SAVE10,49.13,49.11
507797,20.69,88.6,fragile,True,,72.08,85.95
507798,11.82,69.4,books,True,,34.32,36.7
507799,24.5,118.9,standard,False,,54.94,54.94
507800,14.21,188.8,standard,False,,37.86,37.87
507801,22.13,49.5,books,False,SAVE10,34.09,38.06
507802,1.3,128.1,clothing,False,,9.01,9.0
507803,15.97,59.2,books,False,,28.51,31.71
507804,13.0,49.6,food,False,,25.88,25.86
507805,9.27,120.2,food,False,SAVE10,20.43,20.44
507806,22.6,13.7,electronics,True,,74.86,74.87
507807,2.75,114.1,fragile,False,,12.86,12.87
507808,12.41,236.3,standard,False,,36.64,36.62
507809,8.01,29.4,standard,False,,17.49,17.5
507810,24.02,39.9,electronics,False,,74.06,74.05
507811,19.65,118.7,standard,False,,45.24,45.23
507812,5.42,294.7,standard,True,,60.04,60.03
507813,3.63,211.3,standard,False,,17.83,17.81
507814,1.08,165.5,standard,False,,10.44,10.45
507815,4.9,34.6,electronics,False,SAVE10,14.79,14.8
507816,23.26,12.0,fragile,True,,67.28,73.48
507817,21.88,287.8,fragile,True,,105.06,138.86
507818,20.1,178.6,clothing,False,,49.13,49.14
507819,10.31,60.1,fragile,True,,40.82,51.83
507820,12.3,154.9,standard,False,,32.34,32.34
507821,14.59,69.0,standard,False,,32.63,32.61
507822,20.35,83.8,food,True,SAVE10,48.78,48.77
507823,0.6,231.7,clothing,False,SAVE10,11.51,11.52
507824,4.94,233.4,standard,False,SAVE10,19.4,19.39
507825,14.74,207.3,clothing,False,,39.84,39.83
507826,3.96,287.6,clothing,False,,22.3,22.29
507827,23.48,27.5,standard,True,,56.08,56.08
507828,1.59,144.7,food,True,,29.57,29.56
507829,24.35,203.2,electronics,False,,83.21,83.21
507830,5.76,92.5,standard,False,,16.14,16.13
507831,5.25,226.9,books,True,,47.44,48.49
507832,10.9,150.8,clothing,False,,29.34,29.33
507833,16.13,173.1,electronics,True,,79.36,79.36
507834,24.5,17.5,electronics,True,,81.12,81.11
507835,12.17,272.5,standard,False,,37.97,37.98
507836,22.5,281.6,books,False,,50.08,54.59
507837,22.32,109.1,food,False,,45.63,45.64
507838,24.62,116.9,electronics,True,,96.4,96.39
507839,9.32,272.9,fragile,True,,70.17,102.46
507840,12.13,172.9,fragile,True,SAVE10,56.23,76.27
507841,1.03,178.0,books,False,,10.55,10.76
507842,9.9,256.6,fragile,True,,69.23,99.88
507843,9.16,203.1,fragile,False,SAVE10,30.57,30.56
507844,3.55,178.9,electronics,True,,42.48,42.48
507845,20.9,266.8,clothing,False,,55.14,55.14
507846,7.34,267.5,electronics,False,,35.39,35.41
507847,3.7,274.3,books,True,,52.07,52.79
507848,3.33,283.4,fragile,False,,22.83,22.84
507849,1.1,208.9,books,False,,12.2,12.44
507850,19.0,66.4,books,True,,45.36,49.16
507851,13.53,252.6,food,True,SAVE10,60.52,60.53
507852,13.33,12.9,food,False,,24.64,24.63
507853,10.64,277.1,food,False,,33.01,33.03
507854,24.11,6.6,fragile,True,,68.68,74.34
507855,9.76,95.0,clothing,False,,24.27,24.27
507856,12.13,40.1,standard,True,,35.28,35.29
507857,17.41,59.4,electronics,False,,55.2,55.21
507858,23.26,229.7,fragile,False,SAVE10,64.76,64.76
507859,21.53,144.5,fragile,False,,63.2,63.2
507860,22.1,35.1,fragile,False,,59.22,59.21
507861,4.99,222.8,standard,True,,48.4,48.42
507862,23.64,52.2,books,True,,50.65,55.4
507863,20.68,9.8,fragile,True,,60.24,66.23
507864,8.58,48.3,food,False,SAVE10,16.07,16.09
507865,20.23,176.0,standard,False,,49.26,49.25
507866,23.84,206.7,clothing,False,,58.02,58.02
507867,18.71,118.8,clothing,True,,60.24,60.24
507868,18.6,30.6,fragile,True,,57.95,66.02
507869,21.04,63.4,fragile,True,,69.21,80.57
507870,22.03,43.5,electronics,True,,77.62,77.63
507871,19.64,135.1,clothing,False,,46.04,46.03
507872,2.4,186.2,books,False,,13.15,13.63
507873,5.61,77.6,electronics,False,,20.71,20.71
507874,3.46,17.5,electronics,False,,11.26,11.27
507875,11.92,207.2,standard,True,,59.92,59.92
507876,2.11,110.7,clothing,True,,25.82,25.82
507877,13.99,212.5,standard,False,,38.61,38.6
507878,23.15,88.3,fragile,True,,78.44,92.27
507879,24.55,248.0,clothing,True,,91.3,91.3
507880,1.42,279.8,standard,False,SAVE10,15.15,15.15
507881,17.22,222.1,books,True,,65.87,69.32
507882,4.0,61.8,books,True,,20.67,21.48
507883,21.62,44.2,electronics,False,,67.07,67.07
507884,1.26,158.0,books,False,,9.92,10.18
507885,3.03,179.7,fragile,True,,39.83,62.79
507886,8.43,258.5,fragile,False,,34.84,34.84
507887,0.63,76.4,electronics,True,,18.35,18.34
507888,16.72,235.6,food,True,,70.44,70.44
507889,5.54,85.7,clothing,True,,28.94,28.92
507890,18.14,266.1,standard,True,,81.2,81.2
507891,23.76,298.2,standard,True,,97.25,97.23
507892,12.02,21.4,standard,False,,25.11,25.11
507893,12.02,272.3,food,True,SAVE10,60.73,60.75
507894,24.91,189.5,electronics,True,SAVE10,97.34,97.33
507895,8.19,12.8,books,True,,20.02,21.66
507896,22.2,103.7,clothing,True,,64.96,64.96
507897,17.97,273.9,fragile,False,SAVE10,54.38,54.39
507898,0.72,255.0,food,True,,44.55,44.54
507899,7.79,43.8,fragile,False,,22.44,22.45
507900,18.16,288.5,clothing,True,,84.6,84.6
507901,1.61,286.0,standard,True,,51.12,51.11
507902,21.51,256.2,electronics,True,,107.96,107.98
507903,22.85,185.6,standard,False,,54.98,54.96
507904,19.11,186.4,food,True,,67.36,67.35
507905,20.37,148.3,electronics,False,,68.53,68.52
507906,15.14,7.2,electronics,True,SAVE10,46.35,46.36
507907,20.31,170.5,electronics,False,,69.46,69.47
507908,11.95,298.9,fragile,True,,80.9,115.8
507909,10.5,238.8,standard,False,,32.94,32.95
507910,17.72,157.9,books,False,,36.25,39.8
507911,11.9,18.1,food,False,,22.33,22.32
507912,8.11,276.2,food,False,,28.41,28.4
507913,6.99,51.9,electronics,False,,23.56,23.56
507914,11.21,194.0,books,False,,27.64,29.89
507915,9.86,193.6,clothing,False,,29.4,29.42
507916,18.98,165.2,fragile,False,,57.61,57.6
507917,19.71,83.0,fragile,True,SAVE10,61.83,73.79
507918,20.06,167.0,books,True,,62.15,66.14
507919,21.2,165.5,standard,False,,50.68,50.66
507920,9.38,207.9,electronics,True,,64.32,64.31
507921,9.55,194.8,clothing,True,,53.32,53.33
507922,21.03,172.6,electronics,False,,71.72,71.73
507923,4.91,7.8,standard,True,,15.99,15.99
507924,17.7,228.2,clothing,False,,46.81,46.79
507925,13.36,224.4,food,True,,62.71,62.7
507926,16.83,66.9,standard,False,,37.0,37.02
507927,17.57,292.7,standard,False,,49.78,49.76
507928,16.89,77.0,fragile,True,,60.46,73.17
507929,6.26,268.4,fragile,True,SAVE10,55.38,84.06
507930,1.08,41.2,food,False,SAVE10,3.6,3.61
507931,23.84,47.5,books,False,,40.52,45.3
507932,22.49,268.6,books,False,,49.41,53.93
507933,12.87,145.9,food,False,,30.46,30.47
507934,16.7,260.5,standard,False,SAVE10,41.78,41.77
507935,2.73,192.2,fragile,True,,40.93,65.13
507936,11.73,224.2,clothing,False,,34.67,34.67
507937,14.9,230.2,books,False,SAVE10,31.82,34.49
507938,17.65,270.2,electronics,False,SAVE10,59.81,59.8
507939,5.87,274.4,standard,False,,25.46,25.47
507940,2.77,102.1,food,False,,10.09,10.07
507941,24.05,133.3,standard,True,,73.1,73.08
507942,21.29,251.6,standard,False,,55.16,55.18
507943,4.88,112.3,standard,False,,15.38,15.36
507944,20.65,228.6,books,True,,72.33,76.47
507945,20.4,287.7,standard,False,,55.18,55.18
507946,4.95,172.5,clothing,False,,18.52,18.51
507947,20.21,211.7,electronics,True,,97.38,97.38
507948,9.86,117.6,electronics,False,,35.46,35.44
507949,8.69,246.0,fragile,False,,34.89,34.88
507950,4.43,219.6,electronics,True,,51.23,51.25
507951,14.99,26.5,standard,True,,38.96,38.94
507952,15.52,126.6,clothing,False,SAVE10,33.63,33.63
507953,13.03,126.5,standard,False,,32.38,32.4
507954,2.95,254.5,electronics,True,,52.03,52.01
507955,20.0,107.0,electronics,True,,81.05,81.05
507956,8.26,33.6,electronics,False,,26.46,26.46
507957,6.98,275.4,standard,False,SAVE10,24.96,24.96
507958,16.21,87.1,books,False,,30.29,33.53
507959,5.03,224.2,standard,True,,48.69,48.7
507960,22.8,175.5,books,False,,45.26,49.8
507961,16.38,134.5,books,True,,51.38,54.65
507962,19.84,93.1,food,True,SAVE10,49.21,49.22
507963,8.85,210.0,electronics,False,,37.05,37.05
507964,11.0,239.0,books,False,,29.55,31.74
507965,6.66,247.2,electronics,False,,32.34,32.34
507966,6.65,162.6,standard,False,,21.43,21.42
507967,10.67,35.5,clothing,True,,31.66,31.67
507968,19.78,51.3,books,False,,34.21,38.18
507969,12.83,58.7,fragile,True,,47.16,58.02
507970,20.92,115.3,food,True,,59.95,59.96
507971,3.24,282.9,clothing,False,,20.62,20.64
507972,7.59,51.9,standard,True,,27.96,27.96
507973,1.4,192.0,clothing,True,,36.6,36.61
507974,22.88,82.0,standard,False,,49.86,49.88
507975,2.04,131.0,standard,True,,28.73,28.73
507976,13.78,226.7,standard,False,,38.89,38.88
507977,17.0,232.8,books,True,SAVE10,60.41,63.45
507978,5.5,235.3,standard,True,,51.3,51.29
507979,24.51,290.2,books,True,SAVE10,78.97,83.4
507980,24.53,214.5,electronics,False,,84.32,84.31
507981,6.34,61.9,food,False,,14.51,14.53
507982,3.92,285.4,standard,True,SAVE10,50.08,50.07
507983,16.42,84.8,electronics,True,,66.98,66.98
507984,13.11,127.0,standard,False,,32.57,32.58
507985,15.3,277.7,food,False,,41.42,41.41
507986,15.64,139.3,electronics,False,SAVE10,48.5,48.49
507987,23.93,176.6,standard,False,,56.69,56.69
507988,19.33,188.4,electronics,True,,91.25,91.24
507989,8.16,108.9,standard,False,SAVE10,19.59,19.6
507990,18.81,109.4,books,True,SAVE10,46.36,49.76
507991,11.51,143.3,books,False,SAVE10,23.02,25.08
507992,24.4,102.9,clothing,False,,53.94,53.95
507993,12.2,115.6,food,True,,44.3,44.3
507994,0.77,153.1,books,False,,8.89,9.06
507995,22.97,61.1,clothing,False,SAVE10,44.1,44.08
507996,7.28,294.3,food,False,,27.82,27.8
507997,20.63,61.8,books,False,,36.1,40.22
507998,15.48,290.6,clothing,False,,45.49,45.5
507999,18.73,231.2,electronics,True,,95.87,95.87
508000,18.6,107.7,standard,True,,58.36,58.36
508001,22.68,52.7,books,False,,38.92,43.46
508002,20.92,199.5,books,False,,43.45,47.64
508003,16.31,251.3,standard,True,,75.32,75.3
508004,8.5,286.4,food,True,,63.26,63.27
508005,12.6,128.3,electronics,False,,44.22,44.23
508006,7.33,109.9,books,False,SAVE10,15.5,16.82
508007,8.75,32.0,standard,False,SAVE10,17.19,17.2
508008,11.78,71.5,fragile,True,,46.35,58.5
508009,10.87,216.5,food,False,,30.39,30.39
508010,7.59,174.9,fragile,False,,28.48,28.47
508011,7.96,249.4,food,False,,26.8,26.8
508012,8.13,295.5,standard,True,SAVE10,59.03,59.04
508013,5.19,151.2,standard,False,,17.94,17.95
508014,14.78,5.5,standard,False,,29.83,29.84
508015,2.77,125.5,books,False,,10.71,11.28
508016,6.58,139.1,standard,False,,20.12,20.12
508017,4.68,168.6,fragile,False,,20.6,20.6
508018,17.81,149.4,food,False,SAVE10,35.58,35.57
508019,7.36,62.9,clothing,False,SAVE10,16.08,16.09
508020,2.94,213.5,clothing,True,,42.9,42.9
508021,20.62,52.1,electronics,True,,74.68,74.67
508022,11.23,136.3,books,False,,24.78,27.01
508023,20.21,107.2,books,False,,37.7,41.73
508024,8.36,226.4,books,False,,24.7,26.37
508025,8.99,103.6,electronics,False,,32.15,32.14
508026,14.2,43.6,food,False,,27.74,27.73
508027,2.21,111.0,electronics,False,,12.18,12.2
508028,24.43,273.7,books,True,,85.14,90.03
508029,3.77,249.3,fragile,False,,22.27,22.25
508030,22.87,297.2,electronics,False,,83.47,83.46
508031,16.66,173.0,electronics,False,,58.63,58.62
508032,19.22,139.9,clothing,False,,45.44,45.42
508033,5.64,66.2,standard,False,,14.59,14.61
508034,22.36,23.8,fragile,False,,59.33,59.32
508035,13.63,263.9,food,False,,37.73,37.72
508036,10.63,175.4,electronics,True,SAVE10,56.88,56.89
508037,5.22,152.1,clothing,False,,18.05,18.05
508038,4.7,146.4,clothing,False,,16.72,16.71
508039,21.64,64.2,fragile,False,,59.47,59.49
508040,24.26,221.7,food,False,,54.75,54.74
508041,10.75,106.8,electronics,False,,37.59,37.6
508042,18.23,36.7,fragile,False,SAVE10,44.31,44.33
508043,17.61,259.9,fragile,False,,58.78,58.77
508044,12.6,200.6,fragile,True,,67.85,92.89
508045,12.27,35.9,food,True,,32.47,32.47
508046,14.05,107.6,food,False,SAVE10,27.6,27.62
508047,8.99,19.1,electronics,False,,27.92,27.92
508048,18.77,268.0,fragile,False,,62.2,62.2
508049,10.74,200.7,food,True,,54.44,54.46
508050,12.86,239.6,electronics,True,,79.52,79.52
508051,4.95,196.7,food,True,,43.42,43.43
508052,24.4,73.4,books,True,,55.05,59.94
508053,2.4,222.3,electronics,False,,18.32,18.33
508054,18.06,165.2,standard,False,,44.38,44.39
508055,16.69,294.2,fragile,False,,58.1,58.11
508056,8.94,37.4,fragile,False,,25.11,25.12
508057,24.43,95.3,food,False,,48.74,48.73
508058,1.39,188.7,electronics,True,SAVE10,33.73,33.71
508059,7.18,165.0,books,True,,41.24,42.69
508060,8.77,143.5,electronics,False,,33.48,33.47
508061,16.23,236.1,clothing,True,SAVE10,65.59,65.58
508062,14.96,42.4,clothing,False,,32.04,32.03
508063,17.93,267.8,electronics,True,,98.96,98.94
508064,21.58,93.8,electronics,False,,69.43,69.43
508065,0.97,83.2,books,True,,19.03,19.21
508066,14.24,23.2,electronics,False,,43.88,43.89
508067,10.33,130.5,clothing,False,,27.18,27.2
508068,17.39,103.8,electronics,True,,72.74,72.74
508069,13.41,94.3,fragile,False,,39.58,39.6
508070,9.03,239.4,fragile,False,,35.45,35.46
508071,0.67,150.8,standard,False,,8.88,8.88
508072,8.11,90.5,fragile,False,,25.61,25.62
508073,11.43,106.3,electronics,False,SAVE10,35.64,35.64
508074,8.76,23.7,food,False,,16.95,16.97
508075,9.79,99.0,standard,False,,24.53,24.54
508076,16.45,52.5,books,False,,28.94,32.22
508077,8.72,76.7,electronics,False,SAVE10,27.0,27.0
508078,21.35,53.8,books,False,,36.85,41.12
508079,9.35,106.2,standard,False,SAVE10,21.61,21.63
508080,11.15,18.3,books,False,,18.76,20.97
508081,11.12,130.9,electronics,False,SAVE10,35.91,35.92
508082,22.63,261.6,standard,True,,89.5,89.5
508083,15.32,218.4,standard,False,SAVE10,37.4,37.4
508084,24.13,193.0,fragile,False,,72.39,72.39
508085,0.61,251.9,electronics,True,SAVE10,40.15,40.17
508086,23.91,232.1,books,True,,78.07,82.87
508087,5.28,232.2,clothing,True,,50.39,50.39
508088,22.48,283.6,fragile,False,,72.63,72.65
508089,1.58,173.9,electronics,False,,13.44,13.45
508090,21.48,182.0,standard,False,,52.06,52.04
508091,16.0,269.6,books,False,,39.08,42.29
508092,17.29,41.8,clothing,False,,36.67,36.69
508093,10.08,293.2,fragile,True,,75.19,109.5
508094,10.01,282.1,books,False,,30.12,32.1
508095,4.34,162.1,electronics,True,,42.34,42.35
508096,3.94,241.7,food,False,,19.18,19.19
508097,15.79,220.7,standard,False,,42.61,42.61
508098,8.88,149.3,standard,True,,45.16,45.14
508099,1.21,24.6,fragile,False,,4.38,4.36
508100,4.65,172.4,books,False,,16.06,16.99
508101,4.67,89.3,books,True,,25.87,26.82
508102,5.23,147.4,clothing,False,,17.83,17.85
508103,11.63,34.2,standard,True,,33.39,33.37
508104,22.81,146.8,books,False,,43.84,48.39
508105,14.76,277.1,standard,True,SAVE10,68.48,68.48
508106,18.64,246.8,fragile,False,,60.8,60.8
508107,3.08,215.9,electronics,True,,46.63,46.64
508108,17.47,17.8,standard,True,,42.61,42.61
508109,21.69,186.9,standard,False,,52.72,52.71
508110,24.87,44.4,clothing,True,,61.4,61.4
508111,17.95,256.2,food,True,,75.74,75.74
508112,15.38,256.5,clothing,False,SAVE10,39.23,39.22
508113,24.07,245.6,books,False,,50.79,55.62
508114,3.66,115.9,books,False,,11.65,12.38
508115,19.93,49.4,clothing,False,SAVE10,38.1,38.11
508116,18.13,272.1,fragile,False,,60.74,60.74
508117,18.29,39.6,fragile,True,,58.49,67.44
508118,9.19,223.1,food,True,SAVE10,49.51,49.5
508119,2.45,72.7,food,False,,8.04,8.03
508120,3.97,29.0,standard,False,,9.39,9.4
508121,17.09,204.0,books,False,,37.54,40.98
508122,8.15,204.2,food,False,SAVE10,22.39,22.41
508123,23.75,265.2,clothing,True,,92.28,92.28
508124,3.49,232.7,books,False,,17.22,17.92
508125,20.45,256.9,books,True,,76.26,80.36
508126,12.19,207.7,clothing,False,,34.76,34.77
508127,7.71,91.8,standard,False,SAVE10,18.01,17.99
508128,6.74,262.1,books,False,SAVE10,21.5,22.71
508129,9.16,183.1,clothing,False,,27.48,27.49
508130,9.51,30.7,standard,False,,20.56,20.56
508131,6.04,98.6,electronics,False,SAVE10,20.74,20.74
508132,5.87,12.8,books,False,,10.03,11.19
508133,24.29,110.1,clothing,True,,70.1,70.11
508134,10.82,286.4,clothing,False,,35.96,35.98
508135,15.76,89.7,fragile,False,SAVE10,40.91,40.93
508136,17.71,235.4,standard,True,,75.73,75.71
508137,8.63,166.6,electronics,False,,34.22,34.23
508138,23.41,44.9,food,False,,44.38,44.4
508139,7.7,143.1,food,False,,21.02,21.03
508140,5.2,181.4,electronics,True,,47.81,47.82
508141,1.59,282.3,fragile,True,,51.48,84.73
508142,6.94,155.1,books,False,,18.86,20.25
508143,2.01,218.0,food,False,SAVE10,13.07,13.05
508144,15.87,229.7,fragile,False,,52.75,52.77
508145,14.6,283.0,books,False,,37.51,40.41
508146,1.05,105.2,standard,False,,7.36,7.37
508147,23.77,264.6,clothing,False,,60.77,60.75
508148,18.35,90.4,clothing,True,,55.26,55.28
508149,13.98,66.4,clothing,True,,42.92,42.91
508150,23.65,146.8,books,False,,45.18,49.93
508151,13.48,248.5,clothing,False,,39.39,39.37
508152,4.82,174.3,clothing,True,,40.79,40.78
508153,19.6,171.2,electronics,True,SAVE10,80.53,80.52
508154,23.9,24.5,books,False,,39.47,44.26
508155,1.97,28.2,food,False,,4.96,4.97
508156,12.84,289.9,books,False,SAVE10,31.54,33.85
508157,6.05,228.4,food,True,,50.15,50.16
508158,22.65,136.9,books,False,,43.08,47.6
508159,2.85,193.9,books,False,SAVE10,12.83,13.34
508160,20.26,285.2,standard,True,,88.3,88.31
508161,5.55,219.5,fragile,False,,25.4,25.4
508162,16.21,34.2,electronics,True,,58.76,58.75
508163,17.45,229.7,food,False,SAVE10,38.61,38.61
508164,19.13,207.9,fragile,False,SAVE10,54.12,54.12
508165,1.8,169.2,electronics,True,,35.78,35.79
508166,12.34,160.0,clothing,False,,32.68,32.69
508167,3.58,115.2,books,True,,28.01,28.72
508168,3.6,19.6,fragile,True,,17.3,24.26
508169,4.47,241.8,food,True,,49.32,49.32
508170,4.12,271.1,fragile,True,,56.38,88.5
508171,23.41,158.3,standard,False,,54.74,54.73
508172,14.23,164.7,clothing,False,,36.7,36.68
508173,6.72,281.6,books,False,,24.83,26.19
508174,12.4,105.3,standard,False,SAVE10,27.06,27.07
508175,1.85,7.5,fragile,True,,10.94,16.7
508176,5.79,75.9,electronics,True,,33.76,33.76
508177,15.86,79.5,food,False,,32.52,32.52
508178,17.52,173.4,electronics,True,SAVE10,75.21,75.23
508179,15.59,89.4,clothing,False,,35.65,35.67
508180,24.62,246.7,standard,True,,91.24,91.26
508181,24.5,11.6,standard,True,,55.74,55.75
508182,20.93,287.5,electronics,False,SAVE10,69.45,69.45
508183,11.91,104.1,fragile,False,,36.17,36.16
508184,19.05,143.8,fragile,False,,56.72,56.73
508185,6.6,130.3,fragile,False,,23.68,23.66
508186,21.69,25.0,electronics,True,,73.82,73.83
508187,6.47,135.6,clothing,False,,19.72,19.72
508188,24.77,59.4,food,False,,47.56,47.56
508189,0.83,40.5,standard,True,,12.74,12.72
508190,20.01,43.9,food,False,,38.21,38.2
508191,12.77,83.0,standard,False,,29.69,29.69
508192,20.5,252.2,food,True,SAVE10,71.76,71.74
508193,13.27,220.5,fragile,False,,45.53,45.51
508194,20.92,148.9,clothing,False,,49.28,49.28
508195,17.86,84.4,fragile,True,,64.1,77.53
508196,16.16,183.4,standard,True,,64.83,64.83
508197,23.81,160.4,electronics,True,,100.49,100.48
508198,3.39,75.5,food,False,,9.88,9.86
508199,23.19,79.1,food,False,SAVE10,41.13,41.12
508200,13.28,84.0,electronics,True,SAVE10,51.7,51.7
508201,17.83,255.1,food,False,,44.85,44.83
508202,16.87,240.7,food,False,SAVE10,38.16,38.17
508203,10.1,153.5,books,False,,23.84,25.87
508204,13.41,259.0,fragile,False,,47.82,47.8
508205,24.33,202.9,clothing,False,,58.8,58.79
508206,12.46,277.9,standard,False,,38.82,38.81
508207,22.96,75.2,fragile,False,,63.46,63.44
508208,0.71,139.7,standard,False,,8.4,8.39
508209,14.57,267.8,clothing,False,,42.53,42.55
508210,17.38,57.5,electronics,False,,55.02,55.02
508211,10.18,126.5,books,True,,40.26,42.32
508212,2.49,255.2,electronics,True,,50.75,50.76
508213,19.91,109.0,standard,True,,61.17,61.17
508214,18.95,24.7,electronics,False,,58.08,58.09
508215,9.84,127.6,clothing,False,,26.06,26.07
508216,2.89,133.7,books,False,,11.31,11.88
508217,21.07,43.6,fragile,False,,56.96,56.97
508218,19.51,100.0,clothing,True,,59.02,59.04
508219,20.94,191.6,clothing,False,,51.46,51.48
508220,20.56,272.9,electronics,True,SAVE10,96.85,96.84
508221,6.95,123.4,books,False,,17.29,18.69
508222,15.8,27.6,electronics,False,,48.78,48.79
508223,11.91,73.8,clothing,False,SAVE10,24.76,24.75
508224,10.06,63.6,books,True,,30.64,32.65
508225,10.55,96.9,electronics,False,,36.5,36.49
508226,16.99,260.0,standard,False,,46.98,46.99
508227,24.95,244.9,fragile,False,,77.12,77.13
508228,12.08,134.4,clothing,False,,30.88,30.88
508229,9.48,293.3,electronics,False,,43.1,43.1
508230,15.88,230.8,food,True,SAVE10,61.38,61.4
508231,15.92,251.4,fragile,False,,53.96,53.97
508232,10.48,296.1,fragile,True,,76.66,111.27
508233,16.33,288.5,electronics,False,,63.41,63.41
508234,16.59,59.1,books,False,,29.5,32.83
508235,18.79,205.1,fragile,True,,84.62,110.15
508236,4.59,272.5,electronics,False,,27.4,27.38
508237,16.49,182.5,food,False,,38.81,38.79
508238,10.74,211.1,electronics,False,,42.78,42.76
508239,22.05,207.2,electronics,False,,76.51,76.49
508240,15.65,62.8,standard,False,,34.44,34.46
508241,20.37,228.8,standard,True,,80.06,80.06
508242,20.35,154.4,clothing,False,,48.42,48.41
508243,5.72,15.5,books,False,,9.93,11.09
508244,2.4,206.3,electronics,False,,17.52,17.5
508245,19.11,254.7,food,True,,77.6,77.62
508246,1.86,154.7,clothing,False,,11.46,11.46
508247,23.73,105.1,electronics,False,,76.44,76.43
508248,17.41,17.8,fragile,False,,46.16,46.15
508249,10.87,106.9,food,False,,24.91,24.93
508250,16.92,65.0,food,True,,45.21,45.2
508251,3.73,21.3,standard,False,,8.52,8.52
508252,16.13,235.2,clothing,False,,44.02,44.03
508253,23.04,183.7,food,False,SAVE10,45.59,45.59
508254,0.5,190.6,fragile,True,,34.89,58.96
508255,23.48,136.1,electronics,True,,95.86,95.85
508256,8.11,59.9,books,False,,15.97,17.61
508257,10.22,34.4,electronics,False,,32.38,32.4
508258,23.52,271.8,fragile,False,,74.74,74.76
508259,20.02,130.6,books,True,,56.62,60.62
508260,9.93,24.5,clothing,True,,28.54,28.55
508261,24.5,211.8,books,True,,75.97,80.88
508262,1.3,138.7,standard,True,SAVE10,25.56,25.57
508263,16.68,235.4,food,False,,41.79,41.79
508264,12.98,212.6,standard,True,,62.85,62.84
508265,22.24,218.8,books,False,,46.52,50.97
508266,0.96,127.3,fragile,False,,8.86,8.87
508267,8.38,107.2,books,False,,18.77,20.43
508268,12.22,43.3,fragile,False,,33.94,33.95
508269,2.3,35.5,clothing,False,,6.38,6.37
508270,16.32,206.6,clothing,True,,68.63,68.64
508271,21.27,285.5,standard,False,,56.82,56.81
508272,22.7,222.7,books,True,SAVE10,67.25,71.32
508273,4.03,126.3,clothing,True,SAVE10,28.8,28.81
508274,12.91,167.1,fragile,False,,41.92,41.93
508275,24.63,19.0,standard,False,,50.21,50.23
508276,2.25,249.1,clothing,True,,46.86,46.88
508277,17.77,12.3,books,False,,29.05,32.61
508278,7.51,70.0,standard,False,,18.52,18.51
508279,22.76,294.8,food,True,,90.19,90.17
508280,15.4,152.3,standard,False,,38.42,38.4
508281,22.46,116.4,electronics,True,,89.84,89.82
508282,1.74,252.2,electronics,True,,48.05,48.05
508283,15.34,207.5,electronics,False,,56.4,56.4
508284,10.79,112.6,books,False,,22.89,25.04
508285,3.14,193.5,books,False,,14.7,15.32
508286,10.52,132.4,books,False,,23.45,25.55
508287,18.67,216.3,electronics,False,,66.82,66.83
508288,14.76,22.6,standard,False,SAVE10,27.58,27.58
508289,15.05,209.2,clothing,True,,66.48,66.47
508290,7.35,41.4,fragile,False,,21.18,21.17
508291,12.97,61.6,books,False,,23.83,26.41
508292,11.44,69.5,fragile,True,,45.17,57.12
508293,22.8,216.8,books,False,,47.32,51.89
508294,22.01,274.8,books,False,,48.96,53.38
508295,11.22,144.3,food,False,,27.41,27.43
508296,12.83,214.7,standard,False,,36.39,36.39
508297,7.67,179.0,standard,False,,24.29,24.29
508298,14.39,142.5,clothing,False,,35.9,35.92
508299,3.69,276.7,food,False,,20.48,20.47
508300,24.16,230.4,standard,True,,87.88,87.88
508301,10.65,141.8,books,False,SAVE10,21.72,23.62
508302,0.72,262.8,food,False,SAVE10,12.99,12.98
508303,7.78,30.0,standard,True,,25.06,25.05
508304,23.75,210.9,clothing,True,,84.14,84.13
508305,8.1,77.8,food,False,,18.47,18.48
508306,9.97,95.6,standard,True,,39.28,39.26
508307,24.38,137.2,fragile,False,,70.25,70.24
508308,19.73,42.2,food,False,,37.62,37.62
508309,9.33,130.3,fragile,True,,48.8,66.81
508310,4.54,25.0,clothing,True,SAVE10,16.05,16.06
508311,10.07,235.2,fragile,False,,37.94,37.93
508312,9.64,113.2,fragile,False,,30.72,30.73
508313,22.42,109.2,electronics,False,,72.72,72.72
508314,13.71,38.4,fragile,True,,46.41,55.23
508315,23.16,200.0,standard,True,SAVE10,73.19,73.19
508316,24.66,119.1,fragile,False,,70.07,70.07
508317,21.81,29.3,fragile,True,,66.1,74.02
508318,10.46,277.9,food,False,,32.72,32.71
508319,10.07,68.7,standard,False,,23.58,23.59
508320,13.91,15.1,standard,True,,35.08,35.08
508321,17.14,94.3,clothing,True,,53.42,53.43
508322,21.3,202.1,standard,True,,77.91,77.9
508323,20.53,276.2,standard,False,SAVE10,49.38,49.36
508324,8.17,273.6,food,True,,60.75,60.74
508325,18.53,132.0,clothing,True,SAVE10,55.67,55.67
508326,9.72,108.6,food,True,SAVE10,34.91,34.92
508327,19.53,13.8,fragile,False,,51.47,51.48
508328,0.83,159.9,clothing,False,,9.66,9.66
508329,21.29,247.1,books,True,,76.13,80.4
508330,17.6,221.4,fragile,True,,83.97,111.12
508331,4.09,229.7,food,False,,18.85,18.84
508332,6.63,80.1,electronics,False,SAVE10,21.51,21.5
508333,8.12,90.0,books,True,,31.49,33.12
508334,13.08,113.0,books,True,,42.88,45.48
508335,22.69,163.0,fragile,False,,67.14,67.15
508336,24.28,111.5,fragile,False,,68.7,68.72
508337,15.27,282.4,books,False,SAVE10,34.7,37.43
508338,3.18,93.5,books,False,,9.76,10.38
508339,24.47,35.0,standard,True,,59.19,59.18
508340,24.03,140.2,food,True,,69.28,69.3
508341,2.66,6.3,books,True,,10.2,10.73
508342,16.81,17.3,books,False,,27.76,31.1
508343,16.83,130.0,books,False,,33.43,36.8
508344,16.69,208.6,electronics,True,SAVE10,77.72,77.71
508345,18.27,180.4,electronics,False,,63.83,63.84
508346,0.63,80.2,electronics,False,,5.9,5.91
508347,8.06,128.2,electronics,True,,48.41,48.4
508348,8.77,83.3,clothing,False,,21.7,21.72
508349,16.41,27.6,fragile,False,,44.05,44.05
508350,2.83,129.2,electronics,True,,32.87,32.87
508351,7.27,174.4,electronics,True,,52.97,52.95
508352,4.79,105.4,clothing,False,,14.85,14.85
508353,1.66,145.3,standard,False,SAVE10,9.53,9.54
508354,12.1,222.2,clothing,False,,35.31,35.29
508355,5.5,22.4,fragile,False,,15.42,15.43
508356,12.31,11.5,food,False,,22.73,22.74
508357,5.55,135.8,books,False,,15.67,16.8
508358,19.9,131.0,electronics,False,,66.25,66.26
508359,3.24,265.8,clothing,False,,19.77,19.75
508360,19.39,236.0,food,True,,75.3,75.29
508361,16.61,82.5,standard,False,,37.34,37.35
508362,4.38,246.7,fragile,True,SAVE10,48.05,74.77
508363,9.77,141.8,food,False,,24.68,24.69
508364,9.86,195.9,electronics,True,SAVE10,57.57,57.58
508365,11.64,64.0,electronics,True,,49.52,49.5
508366,17.03,93.5,clothing,True,,53.08,53.09
508367,0.86,261.5,standard,True,,45.95,45.96
508368,4.56,53.4,fragile,False,,14.53,14.53
508369,17.61,16.8,books,False,,29.02,32.55
508370,2.78,27.6,fragile,False,,8.61,8.61
508371,21.18,180.2,books,False,,42.9,47.12
508372,9.58,139.4,fragile,True,SAVE10,45.74,62.79
508373,1.39,188.6,books,True,,35.51,35.78
508374,19.32,107.4,electronics,False,SAVE10,57.0,56.98
508375,6.5,37.4,electronics,True,,30.11,30.1
508376,24.96,60.8,clothing,True,,64.04,64.06
508377,23.1,291.5,books,False,,51.54,56.17
508378,22.19,232.5,food,False,,51.57,51.57
508379,22.15,201.3,standard,False,SAVE10,48.93,48.92
508380,2.3,298.9,clothing,True,,54.44,54.44
508381,1.15,207.8,standard,False,,12.69,12.68
508382,10.32,33.2,books,True,SAVE10,23.84,25.71
508383,10.8,104.5,standard,True,,42.28,42.26
508384,10.52,213.7,electronics,False,,42.24,42.25
508385,15.12,250.1,food,False,,39.72,39.73
508386,19.71,219.2,fragile,False,,62.21,62.22
508387,19.81,256.6,food,False,,48.49,48.51
508388,23.29,152.3,fragile,False,,68.17,68.16
508389,17.07,57.8,books,False,,30.2,33.62
508390,21.99,169.0,clothing,False,,52.43,52.42
508391,2.74,218.1,food,False,,15.84,15.82
508392,1.14,237.9,books,False,,13.72,13.94
508393,11.56,30.7,food,True,,30.41,30.42
508394,22.13,60.4,electronics,False,,69.41,69.41
508395,9.94,278.7,clothing,True,SAVE10,60.02,60.01
508396,3.22,229.2,clothing,False,,17.9,17.91
508397,3.59,96.4,electronics,True,,30.23,30.22
508398,6.11,28.0,books,False,,11.18,12.4
508399,21.66,186.3,clothing,True,,76.27,76.25
508400,8.74,203.2,clothing,False,,27.64,27.63
508401,21.55,30.0,clothing,False,,44.6,44.59
508402,23.58,294.5,standard,True,,96.34,96.32
508403,19.48,78.9,fragile,False,,54.59,54.6
508404,23.12,197.2,standard,False,SAVE10,50.49,50.5
508405,6.75,109.7,fragile,False,,23.04,23.02
508406,5.27,24.3,food,False,,10.7,10.72
508407,6.42,59.9,food,False,,14.55,14.53
508408,0.94,178.4,standard,False,SAVE10,9.72,9.72
508409,23.3,252.8,standard,False,,59.24,59.25
508410,5.55,274.4,fragile,False,,28.15,28.14
508411,15.94,149.7,standard,True,SAVE10,53.4,53.39
508412,7.47,107.2,fragile,False,,24.78,24.79
508413,13.73,73.1,electronics,True,,57.16,57.15
508414,11.18,9.4,food,False,,20.59,20.6
508415,18.16,257.9,books,False,SAVE10,37.76,41.01
508416,5.42,43.8,clothing,False,,13.03,13.01
508417,7.57,116.0,fragile,False,,25.48,25.5
508418,3.89,187.2,electronics,True,,44.75,44.77
508419,8.46,213.5,fragile,False,,32.67,32.69
508420,20.93,286.9,electronics,False,SAVE10,69.42,69.41
508421,24.11,94.2,clothing,False,SAVE10,47.64,47.64
508422,0.87,98.7,clothing,False,,6.68,6.69
508423,21.21,132.2,standard,False,,49.03,49.03
508424,18.48,244.1,food,False,,45.47,45.48
508425,2.44,237.6,books,False,,15.78,16.27
508426,4.43,281.6,books,True,,54.33,55.22
508427,21.7,69.4,standard,False,SAVE10,42.18,42.18
508428,5.26,193.8,fragile,True,SAVE10,42.97,64.92
508429,22.75,172.7,standard,True,,76.4,76.4
508430,13.73,14.3,standard,False,,28.18,28.18
508431,24.62,60.5,standard,False,,52.26,52.28
508432,12.87,181.6,fragile,False,,42.54,42.54
508433,3.71,26.5,standard,True,SAVE10,14.76,14.77
508434,15.35,213.5,standard,False,,41.38,41.39
508435,11.41,100.4,fragile,False,,34.69,34.7
508436,2.24,9.5,books,False,,4.06,4.52
508437,20.55,285.9,clothing,False,,55.4,55.39
508438,22.53,289.4,clothing,False,,59.53,59.55
508439,24.12,114.6,books,False,,44.32,49.15
508440,16.28,146.3,food,False,,36.62,36.63
508441,14.79,185.6,fragile,False,,47.73,47.75
508442,5.28,253.3,standard,False,,23.22,23.22
508443,24.12,76.0,food,True,,59.82,59.84
508444,18.5,206.8,fragile,True,,84.12,109.81
508445,16.88,174.2,fragile,False,,52.6,52.58
508446,17.51,156.7,food,True,,60.02,60.02
508447,21.12,106.2,books,False,SAVE10,35.19,39.01
508448,8.91,146.5,fragile,True,,50.14,69.8
508449,3.24,53.4,books,False,,7.85,8.51
508450,24.79,238.0,clothing,False,,61.48,61.5
508451,1.27,154.7,food,True,,30.49,30.51
508452,7.15,182.3,standard,False,,23.42,23.41
508453,12.55,210.3,standard,False,,35.62,35.62
508454,1.48,169.0,electronics,True,SAVE10,31.31,31.33
508455,8.1,130.6,books,True,,37.55,39.16
508456,21.82,109.8,books,False,,40.4,44.76
508457,15.82,103.0,fragile,False,,46.28,46.29
508458,14.8,126.2,standard,True,,53.53,53.51
508459,0.95,153.3,books,True,,29.52,29.69
508460,10.97,238.2,electronics,False,,44.82,44.83
508461,3.49,277.1,food,True,,52.85,52.83
508462,9.99,225.3,electronics,True,,68.76,68.75
508463,10.02,284.1,standard,True,SAVE10,60.89,60.9
508464,10.9,282.4,books,False,,31.56,33.72
508465,8.24,257.4,electronics,False,,37.59,37.58
508466,19.64,275.7,standard,True,,85.64,85.65
508467,11.85,120.0,clothing,True,,46.7,46.69
508468,22.75,155.0,books,False,,44.15,48.68
508469,8.93,211.4,books,False,,24.86,26.63
508470,4.02,283.2,electronics,False,,26.22,26.23
508471,9.2,24.0,fragile,True,,32.52,39.93
508472,21.85,176.0,clothing,False,,52.5,52.49
508473,9.29,136.9,standard,True,,44.11,44.1
508474,20.6,14.5,standard,False,SAVE10,37.73,37.74
508475,17.48,201.4,electronics,False,,62.51,62.51
508476,6.83,39.0,books,True,SAVE10,19.6,20.84
508477,5.19,193.2,books,True,,42.28,43.34
508478,3.26,28.5,books,True,,14.49,15.14
508479,11.51,83.8,food,True,,38.29,38.29
508480,17.52,268.6,food,False,,44.97,44.97
508481,7.7,177.4,clothing,False,,24.27,24.27
508482,23.88,91.7,standard,False,SAVE10,47.11,47.12
508483,0.85,62.3,books,False,,4.48,4.64
508484,19.74,52.6,fragile,False,SAVE10,48.56,48.57
508485,4.67,267.3,standard,True,,54.44,54.43
508486,24.95,193.7,electronics,False,,84.54,84.55
508487,2.91,51.3,electronics,False,,11.3,11.3
508488,23.07,180.4,standard,False,,55.16,55.14
508489,10.34,43.7,electronics,False,,33.2,33.22
508490,7.52,87.4,electronics,True,,40.67,40.67
508491,1.5,198.1,clothing,True,,37.72,37.72
508492,5.87,253.1,food,False,,23.22,23.21
508493,9.89,284.2,electronics,False,,43.88,43.89
508494,23.43,276.5,fragile,False,,74.74,74.74
508495,24.21,140.2,standard,False,SAVE10,49.89,49.87
508496,2.45,113.2,electronics,True,,29.33,29.32
508497,14.27,220.1,clothing,False,,39.54,39.53
508498,1.3,176.6,clothing,True,SAVE10,30.68,30.67
508499,3.04,19.4,fragile,True,,15.81,22.76
508500,15.59,126.6,electronics,True,SAVE10,63.68,63.69
508501,13.41,134.6,clothing,True,,52.01,52.03
508502,22.56,119.8,clothing,True,,68.09,68.1
508503,22.64,90.8,books,False,,40.76,45.27
508504,4.41,37.3,books,False,,8.92,9.82
508505,16.03,261.7,standard,False,,45.14,45.13
508506,20.25,223.4,standard,True,SAVE10,71.11,71.09
508507,19.43,50.2,fragile,True,,63.05,73.07
508508,14.4,282.7,food,False,SAVE10,36.05,36.04
508509,13.05,107.7,food,False,,28.88,28.88
508510,14.49,222.6,food,False,,37.21,37.23
508511,10.62,65.2,fragile,True,SAVE10,38.15,48.5
508512,14.35,281.4,books,True,,70.17,73.04
508513,22.35,222.8,electronics,False,,78.19,78.2
508514,9.03,213.8,books,False,SAVE10,22.62,24.25
508515,11.3,261.7,books,True,,62.34,64.61
508516,11.23,212.0,food,True,,57.01,57.01
508517,21.73,255.3,food,True,SAVE10,74.17,74.17
508518,6.5,98.1,clothing,True,,32.72,32.71
508519,11.27,239.1,books,False,,29.99,32.23
508520,18.91,184.8,clothing,False,,47.06,47.07
508521,10.11,162.3,electronics,True,,59.68,59.68
508522,21.46,279.4,fragile,True,,102.71,135.63
508523,13.68,127.2,fragile,False,,41.93,41.93
508524,2.92,171.3,clothing,False,SAVE10,12.96,12.95
508525,9.49,43.3,books,False,,17.35,19.24
508526,4.09,79.0,fragile,False,,14.58,14.58
508527,11.26,201.1,food,True,SAVE10,49.89,49.88
508528,9.42,55.6,standard,True,,32.18,32.19
508529,8.81,48.9,fragile,False,,25.35,25.37
508530,20.82,249.1,standard,False,,54.1,54.08
508531,22.48,37.8,electronics,False,SAVE10,62.4,62.41
508532,19.02,286.5,clothing,False,,52.36,52.37
508533,19.27,112.8,clothing,False,,44.18,44.18
508534,22.37,270.7,books,False,,49.33,53.81
508535,22.98,136.9,books,False,SAVE10,39.25,43.38
508536,4.77,80.7,books,False,,11.67,12.62
508537,22.49,154.8,books,True,SAVE10,57.78,61.84
508538,4.45,231.2,clothing,False,,20.46,20.48
508539,7.16,223.5,food,False,,24.06,24.07
508540,19.88,299.9,books,False,,46.8,50.79
508541,4.0,59.1,fragile,False,,13.36,13.36
508542,24.13,52.2,clothing,True,,61.09,61.1
508543,23.33,165.8,books,True,,67.2,71.86
508544,0.5,77.0,standard,False,,4.85,4.87
508545,16.09,16.7,electronics,False,,49.1,49.09
508546,23.17,169.4,electronics,False,SAVE10,70.18,70.17
508547,13.74,240.7,books,True,,63.09,65.85
508548,13.66,275.0,fragile,False,,49.27,49.27
508549,14.88,95.6,standard,False,,34.54,34.56
508550,14.05,157.1,electronics,False,,50.01,50.01
508551,14.75,206.3,standard,False,,39.82,39.81
508552,17.17,8.0,books,False,,27.87,31.31
508553,23.93,198.2,fragile,True,SAVE10,87.25,109.6
508554,2.52,42.2,food,False,,6.65,6.64
508555,6.24,160.3,fragile,True,,45.27,66.3
508556,0.64,214.7,standard,False,,12.01,12.01
508557,2.14,115.9,food,False,,9.65,9.65
508558,5.44,276.4,food,True,,56.25,56.25
508559,22.6,114.3,fragile,False,,64.48,64.47
508560,8.22,64.1,standard,False,,19.65,19.66
508561,15.23,83.1,clothing,True,SAVE10,43.13,43.12
508562,8.17,34.6,electronics,True,,34.7,34.7
508563,24.7,43.9,fragile,False,SAVE10,59.77,59.76
508564,5.22,173.7,electronics,True,,46.72,46.71
508565,10.17,183.4,electronics,False,,39.68,39.67
508566,9.56,227.9,food,False,,28.6,28.6
508567,5.73,242.3,food,True,,51.66,51.67
508568,2.31,127.7,clothing,False,,11.0,11.01
508569,10.08,65.7,electronics,True,,45.1,45.08
508570,5.44,111.4,fragile,False,,19.71,19.73
508571,1.08,122.5,clothing,False,,8.28,8.27
508572,22.2,6.8,standard,False,,44.74,44.73
508573,8.91,163.3,fragile,False,,31.33,31.34
508574,0.78,286.9,standard,True,,49.6,49.58
508575,15.6,48.7,standard,False,,33.64,33.65
508576,12.21,88.8,books,True,,37.86,40.31
508577,17.4,181.9,books,False,,36.94,40.4
508578,9.32,170.6,clothing,False,SAVE10,24.45,24.47
508579,3.93,173.2,standard,False,SAVE10,14.87,14.85
508580,16.17,232.7,books,False,SAVE10,33.76,36.65
508581,10.26,143.7,standard,False,,27.7,27.71
508582,21.98,75.5,books,False,,38.94,43.34
508583,8.5,17.6,standard,True,,24.64,24.66
508584,5.95,39.6,clothing,True,,22.84,22.84
508585,5.06,51.6,electronics,True,,27.92,27.93
508586,6.78,119.6,food,True,,35.14,35.13
508587,6.34,242.5,standard,False,,24.8,24.81
508588,13.29,76.2,clothing,False,,30.39,30.41
508589,9.62,49.5,fragile,False,,27.49,27.5
508590,24.25,35.3,clothing,False,,50.26,50.26
508591,5.5,178.1,electronics,True,,48.22,48.21
508592,23.54,141.1,food,False,,49.43,49.44
508593,8.73,170.1,books,True,SAVE10,40.03,41.62
508594,12.34,38.7,books,False,,21.68,24.15
508595,24.0,11.5,books,False,SAVE10,35.08,39.39
508596,19.62,49.4,books,False,,33.86,37.79
508597,23.69,105.4,electronics,True,SAVE10,82.69,82.7
508598,13.7,270.9,food,False,,38.2,38.19
508599,8.29,295.6,food,False,,29.7,29.69
508600,17.04,282.0,fragile,True,,91.6,124.79
508601,17.29,91.1,books,False,,32.22,35.66
508602,1.52,181.7,food,False,,11.82,11.81
508603,3.12,6.7,fragile,True,,14.12,19.8
508604,23.68,188.8,standard,False,,56.8,56.8
508605,18.16,5.7,fragile,False,,47.5,47.52
508606,20.66,65.2,books,False,,36.32,40.45
508607,5.11,226.6,food,False,,20.53,20.54
508608,24.37,67.8,electronics,False,,76.5,76.49
508609,7.87,114.9,fragile,False,,26.21,26.21
508610,3.93,193.3,books,False,,15.95,16.76
508611,9.3,87.4,electronics,False,,32.27,32.28
508612,9.11,142.1,standard,False,SAVE10,22.79,22.81
508613,1.93,103.1,fragile,False,SAVE10,9.16,9.14
508614,21.24,141.7,food,False,SAVE10,40.79,40.78
508615,21.82,20.7,fragile,False,,57.77,57.76
508616,5.34,120.4,fragile,False,,19.9,19.89
508617,14.0,247.5,clothing,False,,40.38,40.39
508618,21.83,242.3,food,False,,51.41,51.41
508619,9.76,75.0,fragile,False,,29.13,29.12
508620,12.97,49.1,fragile,False,SAVE10,32.56,32.55
508621,6.48,98.0,electronics,False,,24.34,24.33
508622,11.97,70.4,electronics,True,,51.47,51.48
508623,8.15,239.0,food,False,,26.62,26.62
508624,20.69,96.8,books,True,,52.62,56.77
508625,4.4,169.2,books,False,,15.5,16.38
508626,1.31,186.2,electronics,False,,13.24,13.24
508627,22.57,73.4,fragile,False,,62.35,62.35
508628,4.72,29.6,standard,True,,18.88,18.89
508629,13.96,169.0,books,True,,52.69,55.47
508630,17.87,31.9,clothing,False,,37.34,37.34
508631,8.51,238.9,clothing,True,,57.86,57.84
508632,23.26,56.0,electronics,False,,72.58,72.58
508633,8.78,130.8,clothing,True,,42.18,42.19
508634,5.33,78.0,books,True,,25.23,26.3
508635,2.1,186.2,books,False,,12.67,13.07
508636,22.54,65.0,clothing,False,,48.33,48.31
508637,5.79,30.6,fragile,False,SAVE10,14.93,14.91
508638,22.49,268.2,books,True,,81.21,85.73
508639,11.68,7.0,electronics,False,,35.39,35.4
508640,23.36,36.7,electronics,False,,71.91,71.91
508641,2.63,84.1,electronics,False,,12.1,12.08
508642,21.45,17.8,electronics,False,,65.24,65.24
508643,24.49,197.1,books,True,,73.75,78.66
508644,17.92,99.9,fragile,True,,66.58,81.58
508645,3.77,143.7,food,False,SAVE10,12.57,12.58
508646,24.94,105.0,fragile,False,,70.09,70.1
508647,20.13,172.3,books,False,,40.82,44.83
508648,5.65,113.6,fragile,False,,20.37,20.37
508649,24.28,49.2,electronics,False,,75.3,75.28
508650,2.61,230.2,food,False,,16.21,16.21
508651,3.68,144.2,fragile,False,,16.78,16.79
508652,0.87,107.9,food,False,,6.96,6.95
508653,15.01,158.3,fragile,True,,67.77,88.61
508654,10.39,239.0,fragile,True,SAVE10,61.08,87.08
508655,2.6,166.6,electronics,False,,16.13,16.12
508656,12.58,193.9,clothing,False,SAVE10,31.37,31.38
508657,22.08,64.8,clothing,False,,47.4,47.39
508658,2.76,187.8,fragile,True,,40.35,64.11
508659,16.15,71.3,fragile,True,,57.68,69.82
508660,4.63,288.7,electronics,False,,28.33,28.31
508661,13.01,168.6,fragile,False,,42.26,42.26
508662,8.9,45.3,food,True,SAVE10,25.03,25.04
508663,7.26,252.1,clothing,False,SAVE10,24.41,24.43
508664,0.8,50.5,standard,False,,4.12,4.12
508665,14.67,183.8,fragile,False,SAVE10,42.6,42.61
508666,11.36,185.3,clothing,False,SAVE10,28.79,28.78
508667,17.44,28.6,food,False,,32.82,32.83
508668,5.03,226.5,clothing,False,,21.38,21.4
508669,24.6,223.7,food,False,,55.46,55.48
508670,0.98,299.1,clothing,False,,16.92,16.91
508671,5.3,208.0,fragile,False,SAVE10,21.76,21.75
508672,16.22,161.5,books,False,,34.03,37.29
508673,3.78,89.2,standard,False,,12.02,12.03
508674,6.88,56.9,food,False,,15.23,15.24
508675,12.79,211.6,books,True,SAVE10,51.48,53.78
508676,19.03,278.4,clothing,False,,51.98,52.0
508677,21.68,245.8,standard,False,,55.65,55.65
508678,8.26,118.1,books,False,,19.12,20.79
508679,16.61,91.1,books,False,SAVE10,28.02,31.03
508680,1.07,98.4,standard,False,,7.06,7.06
508681,22.32,26.3,standard,False,,45.96,45.96
508682,16.96,21.2,books,True,,35.32,38.73
508683,22.6,265.5,books,False,,49.44,53.95
508684,5.65,82.1,fragile,False,,18.8,18.8
508685,12.67,64.5,clothing,False,,28.56,28.55
508686,18.72,229.7,standard,True,SAVE10,69.21,69.22
508687,1.12,278.7,standard,False,,16.18,16.18
508688,21.11,183.0,food,False,,47.15,47.14
508689,17.84,154.4,standard,False,,43.4,43.39
508690,19.81,155.9,books,True,,60.08,64.02
508691,4.48,281.4,books,True,,54.38,55.27
508692,19.54,186.5,standard,False,,48.4,48.41
508693,14.39,164.6,standard,False,SAVE10,33.31,33.32
508694,4.17,153.9,fragile,False,,18.54,18.53
508695,3.73,287.6,electronics,True,,59.33,59.32
508696,21.51,250.4,standard,False,,55.54,55.53
508697,10.26,263.0,food,False,,31.62,31.63
508698,7.17,12.8,books,False,,12.11,13.55
508699,9.52,187.1,fragile,False,,34.11,34.09
508700,17.27,115.7,fragile,False,,50.69,50.7
508701,3.84,91.5,clothing,False,,12.26,12.24
508702,4.47,288.7,books,True,,55.46,56.37
508703,16.42,215.1,fragile,False,,53.45,53.45
508704,22.41,280.0,clothing,False,,58.82,58.81
508705,16.96,81.4,food,True,,47.74,47.73
508706,23.65,14.8,clothing,False,,48.04,48.04
508707,7.44,85.0,food,False,,17.64,17.63
508708,9.17,65.1,electronics,False,SAVE10,27.69,27.7
508709,9.63,100.1,clothing,False,SAVE10,21.84,21.85
508710,9.29,187.7,fragile,False,,33.54,33.52
508711,7.08,59.9,standard,False,,17.16,17.14
508712,19.92,161.3,food,False,,43.92,43.92
508713,7.44,287.4,food,False,,27.76,27.77
508714,10.7,121.5,books,False,,23.2,25.35
508715,12.07,133.7,fragile,True,,56.44,74.82
508716,24.91,18.4,electronics,True,,82.49,82.5
508717,8.57,87.0,food,True,,33.48,33.46
508718,17.43,189.6,standard,False,,44.34,44.33
508719,8.53,147.9,standard,False,,24.46,24.47
508720,20.11,190.9,clothing,False,,49.76,49.76
508721,10.0,89.0,clothing,False,SAVE10,22.0,22.02
508722,1.03,254.8,books,False,,14.39,14.61
508723,13.32,255.9,electronics,True,,83.34,83.33
508724,8.77,212.8,clothing,False,,28.18,28.18
508725,6.99,226.1,books,False,,22.49,23.9
508726,7.67,245.9,electronics,True,,64.9,64.89
508727,0.55,172.5,food,False,,9.62,9.6
508728,18.4,71.7,books,False,SAVE10,29.72,33.03
508729,13.92,292.9,clothing,True,,76.78,76.79
508730,16.09,122.5,clothing,False,,38.3,38.32
508731,14.45,19.6,books,True,SAVE10,27.95,30.54
508732,9.84,79.5,books,False,,19.72,21.69
508733,11.74,145.8,books,False,SAVE10,23.47,25.59
508734,12.17,166.9,clothing,False,,32.68,32.7
508735,22.98,209.8,food,False,,51.85,51.85
508736,9.04,139.6,fragile,False,,30.48,30.48
508737,4.23,273.7,food,True,,53.67,53.68
508738,2.55,264.2,clothing,True,,49.73,49.75
508739,8.76,107.0,books,True,SAVE10,31.56,33.12
508740,14.52,231.4,clothing,True,,68.75,68.76
508741,14.77,226.7,fragile,True,,77.41,105.06
508742,18.33,99.6,fragile,False,,52.64,52.62
508743,16.66,298.1,standard,False,,48.22,48.23
508744,2.54,136.0,standard,False,,11.88,11.88
508745,10.05,176.6,food,True,SAVE10,44.62,44.62
508746,9.57,33.0,clothing,False,,20.79,20.81
508747,3.27,44.1,clothing,True,,18.16,18.16
508748,14.92,152.6,books,False,,31.5,34.47
508749,19.48,158.8,books,False,SAVE10,35.2,38.69
508750,1.55,250.3,clothing,False,SAVE10,14.05,14.07
508751,13.48,260.0,food,False,,37.26,37.27
508752,3.43,19.5,books,False,SAVE10,5.82,6.43
508753,19.52,22.7,food,False,,36.27,36.28
508754,14.18,112.2,clothing,False,,33.97,33.97
508755,2.12,245.0,electronics,False,,18.61,18.6
508756,13.14,120.1,clothing,False,,32.29,32.28
508757,6.4,53.3,books,False,,12.9,14.19
508758,5.58,33.5,books,True,,18.95,20.05
508759,16.85,225.8,clothing,False,,44.99,45.0
508760,10.41,146.7,books,False,,23.99,26.07
508761,23.24,187.2,food,False,,51.19,51.18
508762,22.95,277.1,fragile,True,,106.24,138.93
508763,21.4,188.4,electronics,False,,73.62,73.61
508764,10.55,42.4,food,False,,21.11,21.09
508765,22.67,111.9,electronics,False,,73.6,73.62
508766,2.27,229.0,books,True,,42.98,43.42
508767,19.51,5.9,books,False,,31.51,35.41
508768,9.3,278.1,books,True,,61.6,63.46
508769,21.71,277.7,standard,True,,90.07,90.08
508770,1.23,67.5,fragile,True,,18.32,30.08
508771,14.59,298.0,books,True,,73.04,75.97
508772,2.21,172.5,food,True,,34.85,34.84
508773,7.72,63.8,clothing,False,,18.63,18.62
508774,14.34,213.5,clothing,False,,39.36,39.34
508775,3.9,212.8,standard,True,,44.72,44.73
508776,17.51,205.7,food,True,,67.37,67.36
508777,13.06,270.7,clothing,False,,39.66,39.65
508778,5.98,250.0,fragile,False,,28.05,28.04
508779,13.68,26.6,clothing,True,SAVE10,32.71,32.73
508780,11.42,87.7,clothing,False,,27.22,27.21
508781,1.32,187.4,electronics,True,SAVE10,33.36,33.36
508782,17.88,126.4,electronics,False,,59.96,59.96
508783,18.01,135.4,food,True,,57.73,57.71
508784,22.8,82.4,standard,False,,49.72,49.71
508785,23.57,149.5,standard,False,,54.62,54.62
508786,9.57,10.6,electronics,True,,35.3,35.29
508787,16.26,133.6,standard,True,,57.56,57.56
508788,15.39,270.0,standard,False,SAVE10,39.85,39.87
508789,1.78,96.4,books,False,,7.67,8.03
508790,18.23,242.6,food,False,,44.94,44.95
508791,7.18,30.5,books,False,SAVE10,11.71,13.02
508792,10.91,255.8,standard,True,,65.19,65.17
508793,15.71,91.1,electronics,False,SAVE10,46.52,46.5
508794,12.86,198.2,electronics,False,,48.49,48.49
508795,7.36,164.2,books,False,,19.99,21.44
508796,21.89,223.5,fragile,False,,68.09,68.08
508797,2.8,128.9,standard,False,SAVE10,10.84,10.84
508798,15.27,128.1,books,False,,30.84,33.89
508799,5.03,80.6,standard,False,,14.09,14.1
508800,23.16,124.3,standard,True,SAVE10,62.97,62.97
508801,23.44,266.2,books,True,,82.43,87.11
508802,17.98,159.2,clothing,True,,64.84,64.85
508803,22.16,162.1,electronics,False,,74.59,74.58
508804,19.28,294.0,books,False,,45.55,49.41
508805,16.53,171.0,standard,False,,41.61,41.62
508806,18.81,182.4,books,True,,62.46,66.24
508807,22.81,242.6,electronics,False,,80.56,80.54
508808,5.81,95.4,electronics,False,,22.2,22.22
508809,18.37,282.4,books,True,,76.75,80.44
508810,4.89,195.8,food,False,,18.59,18.58
508811,11.79,126.8,books,False,SAVE10,22.68,24.82
508812,8.83,293.1,standard,False,,32.32,32.3
508813,16.03,276.6,books,True,,72.14,75.36
508814,16.15,69.3,food,False,SAVE10,29.28,29.28
508815,22.61,191.6,electronics,True,,101.57,101.57
508816,21.07,156.4,food,False,,45.75,45.73
508817,2.1,5.1,standard,False,,4.46,4.47
508818,4.74,134.2,clothing,True,,34.61,34.59
508819,1.6,209.1,fragile,True,SAVE10,36.47,59.79
508820,17.91,236.0,electronics,False,,65.53,65.52
508821,8.98,280.9,fragile,False,SAVE10,33.65,33.64
508822,24.39,157.7,food,False,,51.79,51.79
508823,5.75,67.8,standard,False,,14.89,14.88
508824,23.93,192.9,food,False,,52.72,52.72
508825,19.03,86.1,standard,False,,42.36,42.36
508826,19.17,97.7,fragile,False,SAVE10,49.25,49.26
508827,15.39,35.0,books,False,,26.37,29.46
508828,22.18,183.9,electronics,True,,99.12,99.13
508829,6.24,42.9,standard,False,,14.62,14.61
508830,21.79,297.8,standard,True,,93.25,93.26
508831,22.08,236.3,electronics,False,,78.05,78.05
508832,15.36,234.5,books,True,SAVE10,58.28,61.05
508833,16.7,227.7,books,False,,38.1,41.43
508834,6.11,58.8,clothing,False,,15.16,15.14
508835,12.54,21.8,standard,False,,26.17,26.18
508836,14.88,207.8,standard,True,,65.93,65.92
508837,8.25,92.4,food,False,,19.47,19.47
508838,1.54,198.6,food,True,SAVE10,33.81,33.8
508839,23.77,190.6,standard,True,,81.13,81.15
508840,20.25,197.0,standard,True,,75.05,75.05
508841,9.45,94.4,food,True,,36.17,36.19
508842,13.54,288.5,fragile,False,,49.63,49.62
508843,14.98,296.7,fragile,False,,53.78,53.77
508844,23.97,130.8,electronics,False,,78.45,78.43
508845,14.18,112.0,books,True,,44.49,47.33
508846,18.23,79.6,standard,True,SAVE10,48.06,48.06
508847,20.18,155.5,food,False,SAVE10,39.69,39.67
508848,2.96,120.5,food,True,SAVE10,25.56,25.55
508849,14.76,262.8,electronics,True,SAVE10,79.83,79.84
508850,23.28,106.7,food,False,SAVE10,42.52,42.5
508851,20.69,274.8,books,False,,46.84,50.97
508852,23.09,202.9,fragile,False,,70.18,70.2
508853,4.48,106.7,clothing,False,,14.3,14.3
508854,19.55,202.9,food,True,,70.63,70.62
508855,7.34,39.5,books,False,SAVE10,12.35,13.68
508856,21.96,270.6,food,False,,53.06,53.06
508857,19.72,186.3,standard,False,,48.76,48.74
508858,9.69,244.7,electronics,True,,70.78,70.79
508859,14.69,89.8,electronics,False,,48.56,48.56
508860,12.0,178.8,clothing,True,,55.82,55.81
508861,23.56,63.0,standard,True,,61.57,61.56
508862,14.07,39.1,electronics,True,SAVE10,47.77,47.77
508863,2.4,49.7,electronics,False,,9.68,9.7
508864,13.62,131.2,food,False,,31.08,31.07
508865,0.97,209.8,books,True,,38.02,38.21
508866,3.83,222.5,electronics,False,,22.62,22.6
508867,12.53,67.9,food,False,,25.95,25.93
508868,11.81,219.4,fragile,True,SAVE10,61.75,86.0
508869,2.19,132.2,food,False,SAVE10,9.5,9.49
508870,8.84,78.4,books,True,,30.9,32.66
508871,7.53,11.3,fragile,True,,26.27,32.42
508872,7.52,85.1,clothing,False,,19.29,19.3
508873,11.35,193.5,fragile,True,,63.54,87.87
508874,1.35,103.0,food,False,,7.58,7.6
508875,1.3,89.9,clothing,False,SAVE10,6.39,6.37
508876,6.26,265.0,books,False,,23.27,24.51
508877,18.05,204.5,standard,False,,46.32,46.33
508878,23.45,85.7,fragile,False,,65.26,65.27
508879,19.0,181.5,clothing,False,,47.08,47.06
508880,2.38,119.2,clothing,False,,10.72,10.71
508881,20.71,68.2,books,True,,48.37,52.51
508882,20.58,228.5,standard,True,,80.44,80.43
508883,21.18,100.2,food,True,SAVE10,52.34,52.32
508884,18.32,292.1,electronics,False,,69.56,69.55
508885,6.89,16.3,clothing,False,SAVE10,13.14,13.14
508886,12.63,50.3,standard,False,,27.78,27.76
508887,11.28,130.8,fragile,True,,53.95,72.04
508888,1.35,232.4,clothing,False,,14.32,14.33
508889,13.74,44.7,books,True,,33.69,36.42
508890,6.99,129.6,electronics,True,,45.41,45.4
508891,23.83,125.6,clothing,False,,53.94,53.94
508892,16.83,9.8,clothing,False,,34.15,34.16
508893,20.34,89.1,food,False,,41.07,41.06
508894,1.29,10.7,books,True,,8.67,8.93
508895,17.94,59.0,standard,True,,49.73,49.75
508896,20.17,207.7,standard,False,,50.72,50.71
508897,11.81,248.3,clothing,True,,65.87,65.85
508898,6.68,162.0,electronics,False,,28.14,28.13
508899,12.43,130.3,electronics,True,SAVE10,55.65,55.67
508900,13.98,114.9,clothing,False,,33.7,33.72
508901,11.13,159.4,books,False,,25.78,28.02
508902,8.3,73.9,electronics,True,,40.98,40.98
508903,16.88,10.1,electronics,False,,51.14,51.15
508904,22.35,238.0,fragile,False,,70.01,69.99
508905,7.08,95.1,standard,False,,18.92,18.93
508906,22.12,170.9,clothing,False,,52.78,52.8
508907,1.85,154.0,food,False,,11.03,11.03
508908,17.35,83.3,fragile,False,,49.28,49.26
508909,8.94,137.0,electronics,False,SAVE10,30.3,30.3
508910,13.36,59.5,electronics,True,SAVE10,48.6,48.6
508911,9.19,65.5,standard,True,,33.2,33.22
508912,2.47,150.8,electronics,False,,14.95,14.95
508913,4.57,253.2,food,False,SAVE10,18.8,18.81
508914,24.68,93.0,books,False,,44.14,49.08
508915,10.69,198.1,books,True,,51.82,53.97
508916,23.78,104.0,clothing,False,SAVE10,47.48,47.47
508917,13.23,148.5,electronics,False,SAVE10,42.4,42.41
508918,22.52,32.9,food,False,,42.18,42.2
508919,11.4,111.7,standard,True,,44.56,44.57
508920,24.79,296.9,food,False,,59.47,59.46
508921,12.2,211.4,books,False,SAVE10,27.08,29.29
508922,6.84,148.1,books,False,,18.35,19.74
508923,4.81,62.2,food,False,,11.77,11.78
508924,2.26,60.8,books,False,SAVE10,5.99,6.39
508925,3.19,198.9,electronics,True,,44.4,44.4
508926,17.21,88.0,books,True,,45.74,49.16
508927,9.39,79.0,fragile,False,,28.36,28.35
508928,21.91,77.1,electronics,True,,82.3,82.28
508929,5.35,229.7,food,False,SAVE10,19.0,19.02
508930,23.38,20.2,books,False,,38.42,43.1
508931,5.16,135.9,clothing,False,,17.12,17.12
508932,7.12,95.5,books,True,,30.72,32.15
508933,8.83,123.9,clothing,True,,41.24,41.26
508934,6.94,93.6,food,True,,31.53,31.52
508935,10.67,231.1,food,True,,58.87,58.85
508936,20.17,144.2,food,False,SAVE10,39.16,39.17
508937,2.25,231.7,standard,False,,16.08,16.07
508938,6.48,47.0,books,False,,12.72,14.02
508939,1.8,164.9,electronics,True,,35.14,35.13
508940,19.49,74.7,fragile,False,,54.41,54.41
508941,3.43,141.8,clothing,True,,33.13,33.14
508942,12.99,286.8,standard,False,,40.32,40.31
508943,21.77,11.8,books,True,,41.6,45.96
508944,8.24,60.0,food,False,,17.83,17.84
508945,3.33,209.6,standard,False,SAVE10,15.43,15.41
508946,7.03,217.4,fragile,False,,29.15,29.14
508947,23.52,53.8,standard,False,,49.73,49.75
508948,2.83,155.4,clothing,False,,13.43,13.44
508949,21.67,118.0,fragile,True,SAVE10,71.14,86.25
508950,3.45,92.1,books,False,,10.12,10.8
508951,4.51,256.2,books,False,,20.03,20.92
508952,19.42,149.9,standard,True,,66.33,66.31
508953,16.17,268.9,books,True,,71.21,74.46
508954,8.36,195.3,standard,False,,26.48,26.49
508955,17.7,89.7,fragile,False,,50.5,50.52
508956,4.13,248.3,fragile,False,,23.15,23.13
508957,22.09,11.5,electronics,True,SAVE10,65.7,65.7
508958,14.61,283.7,books,False,SAVE10,33.8,36.45
508959,23.68,33.1,clothing,False,,49.02,49.0
508960,15.1,275.1,standard,True,SAVE10,68.82,68.8
508961,14.51,21.8,clothing,False,,30.11,30.09
508962,21.52,57.1,clothing,False,,45.9,45.91
508963,14.78,93.2,books,True,,42.63,45.59
508964,2.62,275.9,fragile,True,SAVE10,47.88,77.21
508965,15.49,128.7,fragile,False,SAVE10,42.04,42.02
508966,7.69,257.7,electronics,False,,35.96,35.96
508967,16.13,85.7,clothing,True,,50.12,50.1
508968,24.95,231.9,books,False,SAVE10,46.36,50.87
508969,15.45,156.5,clothing,False,,38.72,38.73
508970,20.93,235.1,clothing,False,,53.62,53.62
508971,9.18,197.3,clothing,True,SAVE10,47.66,47.65
508972,0.79,223.2,food,False,SAVE10,11.32,11.34
508973,1.65,53.9,food,False,,5.66,5.67
508974,0.95,43.3,food,False,,3.88,3.87
508975,5.84,38.6,books,False,SAVE10,10.15,11.19
508976,7.13,264.8,fragile,False,,31.78,31.8
508977,8.38,173.8,fragile,False,SAVE10,27.43,27.41
508978,16.53,64.4,books,False,,29.67,32.99
508979,18.85,133.3,standard,False,,44.36,44.36
508980,19.33,220.2,standard,True,,76.69,76.68
508981,18.92,189.9,books,False,SAVE10,35.79,39.18
508982,21.45,210.1,clothing,False,,53.4,53.42
508983,18.17,220.1,books,False,,40.08,43.72
508984,11.75,259.8,fragile,False,,43.54,43.54
508985,10.62,127.8,standard,True,,45.41,45.41
508986,2.5,70.7,food,False,,8.04,8.05
508987,0.83,279.1,electronics,False,,16.44,16.46
508988,21.5,267.9,electronics,True,,109.68,109.67
508989,4.14,93.5,standard,True,,27.3,27.32
508990,21.68,226.5,standard,False,,54.68,54.68
508991,10.29,170.8,fragile,False,,35.29,35.28
508992,1.97,203.3,food,False,SAVE10,12.34,12.35
508993,20.81,264.6,food,False,,50.69,50.68
508994,18.0,149.8,standard,False,,43.49,43.49
508995,24.94,237.5,food,False,,56.77,56.77
508996,13.77,101.3,fragile,False,,40.87,40.87
508997,23.29,212.2,books,False,,47.87,52.52
508998,12.9,117.9,books,False,,26.54,29.11
508999,6.91,289.9,clothing,False,,28.32,28.33
509000,10.33,34.5,standard,False,,22.38,22.39
509001,16.67,111.9,standard,True,SAVE10,49.61,49.62
509002,22.3,138.9,standard,False,,51.54,51.56
509003,20.5,63.7,clothing,False,,44.18,44.17
509004,23.3,131.5,standard,True,,71.32,71.34
509005,13.66,97.3,books,False,,26.72,29.45
509006,11.79,172.0,fragile,True,,61.45,83.65
509007,13.37,77.3,fragile,False,,38.63,38.61
509008,23.36,71.6,clothing,True,,62.46,62.46
509009,9.47,27.6,fragile,False,SAVE10,23.4,23.39
509010,1.98,88.3,books,False,,7.58,7.98
509011,10.1,29.9,electronics,False,,31.8,31.79
509012,16.42,206.0,fragile,False,,52.99,52.99
509013,20.9,195.7,fragile,False,,64.12,64.13
509014,23.6,180.4,books,False,SAVE10,42.1,46.34
509015,17.34,185.3,food,True,,64.01,64.01
509016,20.43,236.3,clothing,False,,52.68,52.67
509017,20.4,279.9,standard,True,SAVE10,79.01,78.99
509018,20.32,262.5,standard,False,SAVE10,48.39,48.4
509019,15.19,278.4,electronics,False,,59.49,59.5
509020,23.65,51.7,standard,False,SAVE10,44.9,44.9
509021,22.34,181.2,clothing,True,,76.86,76.84
509022,0.69,232.7,food,True,SAVE10,37.03,37.04
509023,3.47,215.5,books,False,,16.33,17.04
509024,24.81,164.4,books,False,,47.92,52.88
509025,16.83,90.4,clothing,False,,38.18,38.19
509026,3.93,293.9,clothing,False,,22.56,22.56
509027,22.82,9.6,electronics,False,,68.94,68.94
509028,2.69,22.6,books,False,,5.43,5.96
509029,13.68,188.9,standard,False,,36.8,36.81
509030,10.0,137.4,standard,False,,26.87,26.87
509031,7.57,217.6,fragile,False,SAVE10,27.51,27.52
509032,6.36,30.0,books,True,SAVE10,17.71,18.87
509033,2.62,280.0,electronics,True,,54.86,54.84
509034,9.74,238.4,electronics,False,,41.14,41.13
509035,2.96,211.6,fragile,False,,18.28,18.29
509036,15.79,266.9,food,False,,41.77,41.78
509037,8.38,124.4,standard,False,,22.98,22.99
509038,19.29,95.1,books,True,SAVE10,45.12,48.58
509039,23.47,224.6,clothing,True,SAVE10,77.07,77.08
509040,22.23,120.1,food,True,SAVE10,56.73,56.71
509041,18.62,26.2,books,False,,31.1,34.82
509042,19.62,160.9,books,False,,39.44,43.36
509043,2.76,235.8,standard,False,,17.31,17.32
509044,24.32,141.0,fragile,False,,70.28,70.26
509045,14.62,41.1,clothing,True,,40.4,40.42
509046,13.81,253.2,standard,False,SAVE10,36.25,36.23
509047,17.01,298.0,food,False,,45.52,45.51
509048,5.09,152.0,clothing,True,SAVE10,34.18,34.17
509049,12.01,111.5,books,False,,24.79,27.18
509050,3.49,80.0,fragile,False,,13.07,13.06
509051,23.01,81.7,clothing,False,,50.1,50.09
509052,12.75,267.2,standard,True,,70.58,70.59
509053,3.75,46.8,electronics,False,,13.59,13.59
509054,24.26,82.9,standard,False,,52.67,52.67
509055,14.73,194.5,electronics,False,,53.92,53.9
509056,19.0,113.0,food,True,,56.15,56.13
509057,20.18,253.2,clothing,False,,53.02,53.01
509058,17.55,239.2,clothing,False,,47.06,47.06
509059,11.37,34.3,standard,True,,32.88,32.87
509060,7.37,166.9,food,True,,43.3,43.32
509061,1.76,10.3,books,True,,9.36,9.71
509062,15.79,267.9,clothing,False,,44.97,44.97
509063,3.2,264.4,fragile,False,,21.54,21.54
509064,9.55,115.6,clothing,False,SAVE10,22.39,22.39
509065,22.29,25.6,clothing,False,,45.86,45.85
509066,22.65,205.0,standard,True,,81.05,81.06
509067,20.64,260.3,books,True,,77.07,81.18
509068,5.23,214.1,fragile,False,,24.3,24.3
509069,23.57,72.7,standard,True,,63.04,63.03
509070,3.93,173.1,food,False,,15.73,15.71
509071,23.0,226.3,fragile,True,,98.74,126.38
509072,18.84,185.2,food,False,,43.17,43.17
509073,24.28,205.1,fragile,True,,98.89,124.4
509074,24.61,96.1,fragile,False,,68.79,68.81
509075,13.36,60.4,clothing,True,,40.78,40.78
509076,8.15,259.0,food,True,,58.52,58.51
509077,23.0,115.3,standard,False,,51.76,51.75
509078,8.18,86.5,electronics,True,,42.52,42.51
509079,8.65,37.0,books,True,,24.39,26.12
509080,14.44,272.1,clothing,False,,42.48,42.47
509081,3.97,47.9,food,False,SAVE10,8.59,8.6
509082,11.67,103.4,clothing,True,,43.85,43.86
509083,3.87,60.9,standard,True,,21.88,21.86
509084,11.6,260.5,electronics,True,,78.88,78.86
509085,22.73,96.0,food,False,SAVE10,41.14,41.16
509086,23.05,152.0,fragile,False,,67.53,67.55
509087,23.98,224.2,clothing,False,SAVE10,53.25,53.24
509088,18.27,40.4,electronics,True,SAVE10,59.28,59.28
509089,18.79,162.5,clothing,False,,45.7,45.69
509090,10.96,272.1,standard,True,,67.74,67.73
509091,22.42,257.4,clothing,False,,57.71,57.72
509092,3.79,269.6,clothing,False,,21.06,21.06
509093,4.58,90.0,food,False,,12.74,12.73
509094,3.4,97.1,electronics,False,,15.06,15.06
509095,10.51,35.5,clothing,True,,31.34,31.35
509096,1.97,274.6,books,True,SAVE10,44.41,44.76
509097,17.74,9.4,clothing,False,,35.95,35.96
509098,4.98,7.6,fragile,False,SAVE10,12.0,11.98
509099,17.39,41.9,food,False,,33.4,33.4
509100,14.31,108.7,fragile,False,,42.64,42.64
509101,17.45,250.0,fragile,False,SAVE10,52.08,52.07
509102,17.71,175.2,clothing,False,,44.18,44.2
509103,19.76,179.5,clothing,False,,48.5,48.5
509104,12.23,20.5,electronics,False,,37.71,37.72
509105,14.48,208.3,fragile,False,,48.06,48.07
509106,6.64,260.3,books,False,,23.64,24.98
509107,12.78,16.9,electronics,False,,39.18,39.17
509108,2.69,238.9,clothing,False,,17.32,17.32
509109,23.89,139.3,clothing,True,SAVE10,66.31,66.32
509110,23.26,97.3,food,False,,46.73,46.72
509111,2.3,227.7,electronics,False,,18.28,18.28
509112,0.77,46.4,standard,False,,3.86,3.86
509113,10.18,135.6,standard,False,SAVE10,24.43,24.42
509114,13.41,195.9,books,False,,31.25,33.95
509115,12.24,145.5,clothing,False,,31.76,31.77
509116,8.77,144.1,fragile,True,,49.42,68.82
509117,15.75,129.0,food,True,,52.7,52.69
509118,10.31,92.8,clothing,True,,39.54,39.54
509119,10.45,272.7,books,False,,30.35,32.46
509120,1.29,51.6,fragile,True,SAVE10,14.48,23.62
509121,15.04,245.8,fragile,False,,51.39,51.41
509122,2.53,83.4,fragile,False,,10.75,10.76
509123,21.53,25.1,clothing,False,,44.32,44.31
509124,12.2,236.5,standard,False,SAVE10,32.6,32.62
509125,9.19,153.5,electronics,False,,35.25,35.23
509126,16.7,202.6,electronics,False,SAVE10,54.21,54.19
509127,22.19,149.2,clothing,True,SAVE10,64.58,64.58
509128,4.63,247.5,standard,True,SAVE10,46.25,46.23
509129,10.33,260.3,fragile,False,,39.87,39.85
509130,24.35,138.0,electronics,False,,79.95,79.96
509131,21.67,253.1,clothing,False,,56.0,55.98
509132,10.08,251.9,fragile,False,,38.8,38.79
509133,9.37,160.0,food,False,,24.87,24.87
509134,20.49,284.8,fragile,False,,67.51,67.51
509135,2.56,21.2,books,True,,12.28,12.79
509136,3.41,145.8,electronics,False,SAVE10,15.77,15.78
509137,14.49,159.6,books,True,,52.12,55.02
509138,14.42,53.4,standard,True,,41.85,41.84
509139,14.45,35.1,books,False,,24.88,27.77
509140,19.25,183.4,standard,True,,71.01,71.0
509141,22.09,12.8,electronics,True,,73.19,73.19
509142,10.3,277.2,food,False,,32.4,32.39
509143,8.48,299.8,electronics,False,,40.43,40.44
509144,21.32,39.6,electronics,False,,65.94,65.95
509145,6.5,54.3,standard,True,SAVE10,23.53,23.52
509146,21.94,252.5,fragile,False,,69.67,69.66
509147,17.82,259.0,standard,False,,48.59,48.61
509148,21.24,185.7,electronics,True,SAVE10,86.92,86.9
509149,16.11,174.0,fragile,False,,50.59,50.6
509150,3.1,237.0,clothing,False,,18.05,18.05
509151,18.01,103.8,electronics,False,,59.22,59.23
509152,12.66,222.5,electronics,False,,49.1,49.11
509153,5.0,67.3,standard,False,SAVE10,12.03,12.04
509154,3.0,135.9,clothing,False,,12.8,12.79
509155,6.94,268.9,fragile,False,,31.49,31.49
509156,3.57,121.4,food,False,,12.5,12.48
509157,3.82,164.0,food,True,SAVE10,32.83,32.83
509158,21.17,120.9,clothing,False,,48.39,48.38
509159,23.79,107.2,electronics,False,,76.73,76.73
509160,24.87,13.7,clothing,True,,56.8,56.79
509161,14.21,225.8,standard,False,,39.71,39.71
509162,14.37,276.7,food,False,SAVE10,35.73,35.73
509163,1.96,259.4,electronics,True,,49.79,49.78
509164,3.4,121.1,books,False,SAVE10,10.35,10.94
509165,19.38,78.1,electronics,False,,62.04,62.05
509166,14.49,216.2,books,False,,33.99,36.91
509167,14.38,151.4,books,True,,50.72,53.58
509168,18.96,176.3,fragile,False,,58.11,58.11
509169,20.42,136.3,clothing,False,,47.66,47.66
509170,17.9,240.4,standard,False,,47.82,47.82
509171,0.77,161.1,standard,False,,9.59,9.6
509172,13.83,33.8,food,False,,26.58,26.57
509173,20.97,135.7,food,True,,63.1,63.12
509174,20.58,194.6,standard,False,,50.89,50.87
509175,23.75,278.0,books,True,,84.7,89.44
509176,13.23,99.8,fragile,True,,54.37,69.37
509177,13.29,199.7,books,False,,31.25,33.91
509178,1.11,107.4,food,False,,7.37,7.35
509179,13.06,145.3,books,False,,28.16,30.76
509180,14.32,276.1,books,True,,69.33,72.2
509181,22.99,159.2,books,False,,44.74,49.35
509182,22.18,101.7,electronics,False,,71.62,71.61
509183,2.03,129.1,fragile,False,,11.73,11.72
509184,3.98,138.8,standard,False,,14.9,14.89
509185,9.87,175.7,books,True,SAVE10,42.43,44.2
509186,19.61,286.4,clothing,False,,53.54,53.55
509187,4.57,264.0,electronics,False,,26.91,26.91
509188,19.46,41.8,standard,False,SAVE10,36.91,36.92
509189,15.02,173.7,food,False,,35.72,35.74
509190,22.0,287.6,fragile,False,,71.58,71.57
509191,8.89,226.7,food,False,,27.34,27.34
509192,10.36,13.5,food,False,,19.32,19.34
509193,1.98,36.3,standard,False,,5.78,5.79
509194,13.19,191.3,food,False,,33.31,33.32
509195,19.48,272.7,books,False,SAVE10,40.32,43.81
509196,13.07,247.6,fragile,False,,46.36,46.36
509197,13.28,228.2,fragile,False,,45.94,45.92
509198,22.92,229.6,standard,True,,85.28,85.28
509199,19.28,134.6,standard,False,,45.29,45.3
509200,8.2,127.6,standard,False,,22.78,22.77
509201,23.65,107.7,food,False,SAVE10,43.16,43.14
509202,18.26,288.3,food,False,,47.28,47.27
509203,7.88,91.5,clothing,False,SAVE10,18.3,18.31
509204,5.68,36.4,standard,False,,13.18,13.19
509205,17.05,190.3,clothing,False,,43.62,43.63
509206,12.92,283.4,food,False,SAVE10,33.68,33.69
509207,15.17,154.2,clothing,True,,58.47,58.47
509208,3.67,174.2,food,False,,15.32,15.3
509209,19.26,182.6,clothing,False,,47.65,47.64
509210,21.59,202.0,electronics,False,,74.87,74.86
509211,10.79,64.5,books,False,SAVE10,18.44,20.37
509212,7.96,18.8,clothing,False,,16.86,16.87
509213,24.39,141.9,books,True,,65.31,70.2
509214,24.38,46.1,fragile,False,,65.69,65.71
509215,3.56,177.3,clothing,False,,15.98,15.98
509216,13.74,237.9,books,True,,62.67,65.42
509217,11.2,171.5,electronics,False,,42.18,42.17
509218,7.36,49.3,electronics,True,,34.48,34.46
509219,13.21,69.1,fragile,False,,37.8,37.81
509220,16.87,80.9,clothing,False,SAVE10,34.01,34.02
509221,9.48,261.6,food,True,,61.3,61.32
509222,8.03,206.2,fragile,False,SAVE10,28.07,28.08
509223,21.65,45.9,fragile,True,,68.18,77.77
509224,16.62,24.9,clothing,False,,34.48,34.5
509225,7.98,244.7,food,True,,56.07,56.08
509226,4.33,172.8,food,False,,16.43,16.44
509227,9.93,47.4,electronics,False,SAVE10,28.94,28.96
509228,23.51,132.4,electronics,False,,77.15,77.13
509229,20.85,53.3,food,True,,50.52,50.51
509230,5.65,219.0,fragile,False,,25.64,25.65
509231,15.35,221.1,books,False,,35.62,38.7
509232,0.63,282.3,standard,False,,15.38,15.37
509233,22.73,188.7,books,False,,45.8,50.36
509234,23.58,104.9,clothing,True,,67.9,67.9
509235,5.8,163.5,electronics,True,,46.92,46.93
509236,8.89,231.5,food,False,,27.58,27.56
509237,7.88,284.9,food,False,,28.43,28.43
509238,5.06,129.5,fragile,True,,37.58,55.54
509239,17.24,277.0,electronics,True,,98.27,98.25
509240,9.73,181.6,books,False,,24.65,26.59
509241,0.62,95.3,fragile,False,,6.38,6.36
509242,5.88,204.7,electronics,False,,27.88,27.88
509243,16.69,296.8,standard,True,,82.9,82.92
509244,17.69,264.4,standard,True,,80.04,80.03
509245,0.91,260.2,fragile,False,,15.38,15.38
509246,13.97,214.5,electronics,False,,52.64,52.63
509247,16.15,208.9,food,False,SAVE10,35.56,35.56
509248,16.1,105.8,electronics,False,,53.59,53.6
509249,16.46,195.3,clothing,True,,67.22,67.2
509250,19.62,181.2,clothing,False,SAVE10,43.47,43.45
509251,8.71,132.6,standard,False,,24.05,24.03
509252,21.35,293.7,fragile,False,,70.2,70.19
509253,11.32,54.1,food,False,,23.08,23.09
509254,1.98,71.8,fragile,True,SAVE10,18.83,29.78
509255,16.46,210.9,clothing,True,SAVE10,62.6,62.6
509256,8.9,11.9,food,False,,16.61,16.63
509257,16.06,180.5,fragile,False,SAVE10,45.7,45.71
509258,9.64,45.3,standard,False,SAVE10,19.39,19.37
509259,12.7,125.3,books,True,,44.12,46.65
509260,14.11,266.5,clothing,False,SAVE10,37.39,37.4
509261,17.85,143.9,books,False,SAVE10,32.18,35.41
509262,7.76,100.2,standard,True,,35.55,35.56
509263,16.91,157.5,food,False,,38.31,38.33
509264,6.21,133.0,clothing,True,SAVE10,33.63,33.64
509265,19.88,128.9,standard,False,,46.2,46.21
509266,6.17,19.6,clothing,True,,20.28,20.29
509267,2.26,246.2,food,False,,16.38,16.38
509268,1.44,53.0,standard,False,SAVE10,4.98,4.96
509269,15.17,223.1,fragile,True,,77.91,105.22
509270,8.42,116.0,fragile,False,,27.69,27.7
509271,14.58,73.8,electronics,True,,59.81,59.79
509272,8.11,70.6,standard,True,SAVE10,28.63,28.62
509273,11.27,91.9,food,False,,24.88,24.89
509274,21.82,29.6,books,False,,36.39,40.76
509275,23.13,224.1,fragile,True,SAVE10,88.88,113.56
509276,1.56,258.4,fragile,True,,47.82,78.65
509277,23.73,115.3,clothing,False,,53.22,53.24
509278,12.87,116.9,electronics,False,,44.46,44.44
509279,18.62,116.9,standard,True,,59.78,59.76
509280,23.27,203.8,food,False,,52.08,52.08
509281,5.12,277.1,electronics,False,SAVE10,26.29,26.3
509282,9.86,297.6,electronics,True,,79.22,79.22
509283,22.24,235.1,books,False,SAVE10,42.61,46.6
509284,13.22,241.0,electronics,False,SAVE10,46.54,46.52
509285,22.49,91.1,standard,False,SAVE10,44.58,44.57
509286,21.03,108.0,food,True,,59.05,59.04
509287,24.96,122.4,fragile,False,SAVE10,63.91,63.92
509288,16.69,234.8,food,False,,41.78,41.78
509289,2.14,273.9,electronics,False,,20.12,20.12
509290,22.61,156.1,electronics,False,SAVE10,68.07,68.05
509291,5.03,72.3,standard,False,,13.68,13.69
509292,4.34,125.0,electronics,False,,19.27,19.27
509293,9.54,268.5,standard,False,,32.5,32.5
509294,5.57,212.0,electronics,False,,27.31,27.31
509295,3.92,58.6,clothing,False,,10.77,10.76
509296,16.13,222.0,electronics,True,,86.69,86.7
509297,22.8,22.6,fragile,True,,67.67,74.91
509298,6.96,17.6,food,False,,13.41,13.42
509299,9.66,96.9,electronics,False,SAVE10,30.44,30.44
509300,16.21,272.0,books,False,,39.54,42.79
509301,7.85,224.9,standard,False,,26.94,26.94
509302,12.58,201.4,electronics,False,,47.81,47.8
509303,22.86,18.5,clothing,False,SAVE10,41.98,41.97
509304,3.37,214.2,books,True,,42.52,43.2
509305,13.6,198.1,food,False,,34.39,34.39
509306,5.72,215.5,electronics,False,SAVE10,25.14,25.14
509307,19.45,76.0,electronics,False,,62.15,62.15
509308,5.6,232.9,standard,True,SAVE10,46.02,46.02
509309,20.36,97.3,clothing,False,,45.58,45.59
509310,10.37,71.2,fragile,False,SAVE10,27.47,27.45
509311,23.3,211.5,clothing,False,,57.18,57.18
509312,9.39,15.9,electronics,False,,28.97,28.96
509313,12.58,239.2,books,True,,61.01,63.52
509314,3.11,291.6,clothing,False,,20.8,20.79
509315,7.29,78.4,standard,False,,18.5,18.48
509316,10.68,182.8,electronics,False,,41.18,41.2
509317,22.37,69.8,food,False,SAVE10,39.38,39.38
509318,14.87,233.5,books,False,,35.47,38.44
509319,20.34,196.3,food,False,,46.43,46.42
509320,21.41,181.3,clothing,False,,51.89,51.9
509321,2.71,188.9,fragile,True,,40.38,64.29
509322,8.21,248.4,electronics,False,SAVE10,33.35,33.35
509323,20.89,122.8,books,False,,39.56,43.76
509324,19.01,91.3,books,False,,34.98,38.8
509325,14.32,158.1,fragile,True,,65.95,86.77
509326,10.39,52.5,fragile,False,,29.64,29.64
509327,12.72,233.4,books,False,,32.02,34.58
509328,0.86,77.0,books,False,,5.23,5.38
509329,3.65,182.6,food,False,,15.7,15.7
509330,9.22,268.0,electronics,False,,41.06,41.07
509331,3.93,263.4,standard,False,SAVE10,18.93,18.94
509332,6.14,261.4,books,False,,22.89,24.12
509333,20.26,7.9,books,True,,38.6,42.64
509334,19.32,258.8,electronics,True,,101.78,101.77
509335,18.41,192.6,food,False,,42.77,42.79
509336,14.38,72.3,fragile,False,,41.0,41.01
509337,23.08,129.6,clothing,True,,70.6,70.59
509338,6.13,296.0,standard,False,SAVE10,24.35,24.37
509339,15.7,294.3,standard,False,,46.12,46.13
509340,10.81,163.5,books,True,,46.82,48.99
509341,23.58,248.2,books,False,,50.14,54.85
509342,8.92,36.3,books,False,,16.09,17.86
509343,6.34,148.7,books,False,,17.58,18.86
509344,19.32,21.7,standard,False,,39.72,39.73
509345,20.35,59.8,standard,False,,43.69,43.7
509346,18.11,64.7,standard,False,SAVE10,35.51,35.49
509347,19.69,31.7,electronics,False,SAVE10,54.59,54.58
509348,5.2,250.6,food,False,,21.89,21.89
509349,15.32,34.4,food,False,,29.3,29.3
509350,13.66,189.6,fragile,False,SAVE10,40.5,40.5
509351,22.78,50.7,books,True,,49.05,53.6
509352,10.24,223.4,electronics,False,,41.89,41.91
509353,6.52,72.3,clothing,True,,28.88,28.87
509354,8.03,56.8,clothing,False,,18.9,18.88
509355,13.05,185.7,fragile,False,,43.22,43.22
509356,24.59,179.1,fragile,True,,95.8,118.7
509357,17.6,176.8,fragile,False,,54.6,54.6
509358,18.14,234.9,electronics,False,,66.17,66.18
509359,11.94,218.8,food,False,,32.43,32.45
509360,10.22,253.4,clothing,False,,33.11,33.09
509361,23.32,176.4,books,False,,46.13,50.81
509362,11.54,13.0,electronics,True,,41.57,41.56
509363,3.57,119.2,books,False,,11.67,12.39
509364,19.61,110.6,books,False,,36.91,40.81
509365,5.44,155.4,electronics,True,SAVE10,40.17,40.15
509366,10.06,235.2,food,True,SAVE10,52.55,52.54
509367,15.5,188.9,books,True,,58.14,61.25
509368,20.88,226.4,electronics,True,,101.6,101.61
509369,0.67,39.1,clothing,False,,3.3,3.29
509370,16.48,272.4,electronics,False,,63.06,63.06
509371,3.84,106.1,electronics,True,SAVE10,29.19,29.2
509372,15.97,174.9,fragile,True,SAVE10,65.48,85.73
509373,15.32,282.9,books,False,,38.66,41.73
509374,13.15,240.0,food,False,,35.67,35.68
509375,10.95,203.3,books,False,,27.68,29.89
509376,13.75,285.5,standard,False,SAVE10,37.6,37.6
509377,23.95,157.1,electronics,False,,79.7,79.69
509378,9.13,138.7,standard,False,,25.2,25.2
509379,12.05,177.5,food,False,,30.56,30.56
509380,4.11,174.9,food,False,,16.14,16.14
509381,10.02,126.2,books,True,SAVE10,35.97,37.76
509382,1.77,241.9,books,False,,14.93,15.28
509383,22.78,131.7,standard,False,,52.14,52.14
509384,8.96,241.4,standard,False,,29.99,29.97
509385,23.47,141.4,food,True,,68.46,68.45
509386,3.81,126.1,food,False,,13.16,13.15
509387,16.71,296.0,food,False,,44.88,44.88
509388,15.26,109.6,clothing,False,,36.0,36.0
509389,16.7,75.5,books,True,,43.04,46.39
509390,19.98,133.5,clothing,False,,46.64,46.62
509391,2.33,118.4,electronics,True,SAVE10,26.78,26.78
509392,18.61,100.0,standard,False,,42.22,42.22
509393,1.14,105.7,standard,True,,23.14,23.14
509394,7.88,186.8,clothing,False,,25.1,25.1
509395,21.26,230.7,clothing,False,,54.06,54.06
509396,14.47,243.3,standard,True,,70.44,70.43
509397,23.31,156.6,clothing,True,SAVE10,67.6,67.61
509398,21.62,175.6,fragile,False,,64.99,64.98
509399,10.87,173.6,food,False,,28.25,28.24
509400,7.4,223.2,electronics,False,SAVE10,30.02,30.01
509401,5.49,223.2,food,False,SAVE10,18.94,18.93
509402,1.54,81.1,food,True,,19.94,19.95
509403,18.05,268.4,fragile,True,,92.19,124.04
509404,20.25,131.2,standard,True,SAVE10,58.66,58.67
509405,1.67,215.8,clothing,False,,14.13,14.14
509406,12.55,217.1,food,False,SAVE10,30.1,30.1
509407,20.85,237.3,food,True,,78.12,78.14
509408,16.17,213.2,food,False,,39.77,39.78
509409,10.71,283.7,electronics,True,SAVE10,71.72,71.73
509410,23.76,160.4,standard,False,,55.54,55.54
509411,10.86,272.3,books,True,,63.22,65.4
509412,8.15,153.4,electronics,False,,32.12,32.12
509413,12.68,89.1,food,True,,41.19,41.17
509414,9.0,252.0,fragile,False,,36.0,36.0
509415,10.11,281.4,electronics,True,SAVE10,69.79,69.79
509416,12.68,36.6,books,True,,30.78,33.33
509417,2.4,281.2,standard,False,,18.86,18.87
509418,15.29,105.6,food,False,SAVE10,29.52,29.53
509419,14.77,81.8,electronics,False,,48.4,48.38
509420,17.93,36.9,clothing,False,,37.7,37.7
509421,6.45,259.7,standard,False,SAVE10,23.3,23.32
509422,1.5,148.4,electronics,True,,31.76,31.74
509423,17.84,108.2,electronics,False,,58.93,58.95
509424,9.54,96.5,food,True,,36.65,36.63
509425,15.14,280.6,fragile,False,,53.39,53.38
509426,7.13,77.1,fragile,True,SAVE10,31.59,43.05
509427,9.04,217.8,standard,False,,28.97,28.98
509428,6.94,175.4,food,False,,21.26,21.25
509429,12.57,141.8,clothing,True,,51.41,51.42
509430,16.37,52.4,electronics,True,,61.97,61.98
509431,6.27,99.2,clothing,False,,17.5,17.5
509432,8.24,183.0,food,False,SAVE10,21.58,21.58
509433,11.83,136.4,books,False,,25.75,28.1
509434,17.56,260.0,food,False,,44.61,44.61
509435,9.54,73.6,electronics,False,SAVE10,29.07,29.05
509436,2.02,90.9,standard,False,,8.59,8.58
509437,13.21,122.6,books,False,,27.27,29.91
509438,11.63,123.6,clothing,True,,46.8,46.8
509439,24.93,270.2,standard,False,,63.37,63.37
509440,14.71,67.6,standard,False,,32.8,32.81
509441,1.63,41.2,clothing,False,,5.32,5.3
509442,16.27,172.0,standard,True,SAVE10,57.01,56.99
509443,2.53,59.1,fragile,True,SAVE10,18.4,28.21
509444,9.63,240.1,books,True,,56.42,58.36
509445,1.36,208.2,standard,False,,13.13,13.12
509446,15.22,84.1,books,True,,41.97,45.0
509447,4.73,227.3,fragile,False,SAVE10,21.3,21.3
509448,23.63,288.5,standard,True,,95.54,95.55
509449,5.24,27.3,clothing,True,,19.58,19.57
509450,24.22,186.7,electronics,True,,105.66,105.65
509451,22.89,37.7,standard,True,,56.44,56.42
509452,13.19,240.7,fragile,True,,75.4,104.48
509453,11.87,136.1,clothing,True,,49.16,49.17
509454,10.03,164.7,standard,True,,49.76,49.76
509455,18.85,101.8,fragile,False,,54.1,54.11
509456,5.1,192.5,food,False,,18.8,18.81
509457,9.19,20.1,standard,False,,19.38,19.39
509458,1.94,28.8,electronics,True,SAVE10,13.63,13.61
509459,10.97,128.3,standard,True,,46.18,46.18
509460,5.19,144.9,books,True,,35.04,36.08
509461,23.03,15.6,clothing,True,,53.4,53.41
509462,11.54,119.4,books,True,,41.37,43.67
509463,5.96,12.3,clothing,False,,12.54,12.54
509464,7.2,292.8,fragile,False,,33.36,33.35
509465,4.87,130.7,electronics,True,,39.22,39.23
509466,2.68,228.5,standard,True,SAVE10,40.17,40.18
509467,1.81,50.0,electronics,False,,7.93,7.93
509468,18.05,83.2,fragile,True,,64.41,77.74
509469,3.07,210.8,electronics,False,SAVE10,17.78,17.76
509470,21.12,118.3,electronics,False,SAVE10,62.35,62.35
509471,24.21,163.1,books,False,SAVE10,42.2,46.57
509472,22.9,259.9,electronics,False,,81.69,81.71
509473,4.83,167.0,electronics,False,,22.84,22.84
509474,19.93,272.5,electronics,False,,73.41,73.43
509475,15.14,93.1,electronics,False,SAVE10,45.07,45.07
509476,23.67,195.3,books,True,,72.17,76.92
509477,7.68,49.4,electronics,True,SAVE10,31.91,31.89
509478,15.33,44.1,fragile,True,SAVE10,46.33,54.78
509479,15.6,127.5,standard,True,SAVE10,49.79,49.79
509480,5.15,213.5,food,False,SAVE10,17.95,17.94
509481,15.21,153.5,standard,False,,38.1,38.1
509482,18.27,45.2,fragile,False,,49.76,49.76
509483,20.27,187.7,books,False,,41.82,45.87
509484,21.47,293.2,fragile,False,,70.48,70.5
509485,1.15,278.5,books,False,SAVE10,14.19,14.39
509486,19.08,43.6,standard,True,,49.7,49.69
509487,8.45,99.3,standard,True,,36.8,36.8
509488,19.25,100.7,food,False,,39.68,39.69
509489,4.21,118.9,clothing,True,,31.26,31.26
509490,9.72,211.8,standard,False,,30.03,30.03
509491,10.45,258.2,books,False,,29.63,31.73
509492,17.54,50.1,fragile,False,,48.11,48.12
509493,15.59,217.7,fragile,False,SAVE10,46.28,46.29
509494,20.44,288.2,books,False,,47.11,51.19
509495,0.65,283.4,clothing,False,,15.47,15.48
509496,7.47,165.2,standard,False,,23.2,23.2
509497,18.53,58.3,food,False,,36.27,36.26
509498,6.37,217.1,electronics,False,,29.96,29.97
509499,21.17,249.1,clothing,False,,54.8,54.78
509500,8.11,55.1,clothing,True,SAVE10,26.54,26.52
509501,16.84,85.4,books,False,,31.21,34.56
509502,1.85,264.8,food,False,,16.57,16.59
509503,22.95,188.0,clothing,False,,55.3,55.31
509504,3.25,31.0,electronics,False,,11.3,11.3
509505,10.57,280.5,standard,False,SAVE10,31.65,31.63
509506,10.04,145.0,standard,False,SAVE10,24.6,24.6
509507,7.93,203.8,books,False,,22.88,24.47
509508,13.63,201.4,electronics,False,,50.96,50.94
509509,13.35,60.4,standard,False,,29.72,29.74
509510,19.96,131.2,food,False,,42.49,42.49
509511,24.32,115.5,fragile,False,,69.01,69.0
509512,20.12,180.4,fragile,False,,61.33,61.33
509513,18.22,249.1,electronics,True,,97.02,97.04
509514,5.35,186.3,books,False,,17.88,18.94
509515,5.7,156.0,food,False,,18.06,18.05
509516,0.8,79.7,food,False,,5.43,5.41
509517,2.78,174.1,clothing,False,,14.26,14.25
509518,19.68,298.1,fragile,False,SAVE10,59.47,59.45
509519,1.89,7.7,electronics,False,SAVE10,5.45,5.44
509520,7.1,178.9,books,False,SAVE10,18.27,19.55
509521,9.89,103.6,standard,True,,40.32,40.34
509522,4.35,48.3,fragile,True,,23.56,33.38
509523,8.82,111.1,books,False,,19.67,21.42
509524,6.68,14.5,fragile,False,,18.09,18.08
509525,10.52,8.3,books,True,,23.08,25.17
509526,4.87,180.4,food,False,,17.79,17.77
509527,1.13,111.6,food,False,,7.61,7.63
509528,22.76,164.3,fragile,False,,67.39,67.39
509529,18.7,273.5,fragile,False,,62.3,62.28
509530,19.37,124.7,fragile,False,,56.6,56.6
509531,6.74,124.1,food,False,SAVE10,16.5,16.5
509532,23.52,299.0,books,False,,52.58,57.28
509533,20.91,157.6,food,False,,45.52,45.51
509534,10.51,7.2,clothing,False,,21.38,21.36
509535,7.59,10.5,standard,True,SAVE10,19.58,19.58
509536,19.93,125.6,fragile,False,SAVE10,52.29,52.28
509537,1.01,76.4,clothing,False,,5.84,5.84
509538,14.52,99.0,fragile,False,,42.7,42.7
509539,21.76,174.9,standard,False,,52.26,52.26
509540,22.85,203.0,food,False,,51.28,51.27
509541,23.15,83.0,fragile,False,SAVE10,57.91,57.92
509542,11.0,175.7,food,False,SAVE10,25.73,25.72
509543,0.88,245.1,clothing,True,,43.53,43.52
509544,9.07,113.1,standard,True,,40.11,40.09
509545,7.12,292.7,books,False,,26.03,27.45
509546,14.67,142.1,standard,False,,36.44,36.43
509547,18.26,16.3,food,False,,33.68,33.67
509548,24.51,193.9,standard,True,,83.1,83.09
509549,8.32,22.9,fragile,False,,22.78,22.79
509550,9.39,86.1,fragile,False,SAVE10,25.85,25.85
509551,2.62,167.7,food,True,,34.87,34.88
509552,20.91,121.6,food,False,,43.72,43.71
509553,12.72,133.4,clothing,False,SAVE10,28.9,28.91
509554,6.21,237.0,electronics,True,,59.18,59.19
509555,12.82,165.3,standard,True,,55.44,55.44
509556,12.38,269.9,electronics,False,,50.64,50.65
509557,20.52,140.8,books,False,,39.87,43.96
509558,6.12,105.6,electronics,False,,23.64,23.64
509559,12.92,66.9,standard,False,,29.18,29.2
509560,11.4,130.1,standard,False,,29.3,29.31
509561,2.96,105.0,standard,False,,11.17,11.18
509562,3.88,124.1,standard,False,SAVE10,12.57,12.57
509563,6.4,62.4,fragile,False,SAVE10,17.78,17.77
509564,11.15,230.6,books,False,,29.37,31.58
509565,14.11,140.8,food,False,,32.44,32.45
509566,18.76,86.2,fragile,True,,66.71,80.32
509567,22.8,87.4,clothing,False,,49.97,49.97
509568,2.74,239.7,electronics,False,SAVE10,18.18,18.19
509569,24.35,30.3,standard,False,,50.22,50.22
509570,10.61,117.9,clothing,False,,27.12,27.13
509571,19.63,139.8,food,False,,42.32,42.33
509572,8.64,214.0,books,False,SAVE10,22.07,23.61
509573,18.39,269.5,clothing,False,SAVE10,45.23,45.23
509574,17.3,36.7,standard,False,SAVE10,32.79,32.79
509575,0.97,170.1,electronics,False,,11.42,11.4
509576,21.85,283.5,electronics,True,,113.08,113.06
509577,1.57,6.4,fragile,True,,10.04,15.7
509578,12.57,20.4,books,False,,21.13,23.65
509579,5.82,83.8,fragile,False,,19.32,19.33
509580,15.0,212.6,books,True,SAVE10,54.8,57.52
509581,4.96,291.2,electronics,False,,29.44,29.43
509582,15.42,173.7,fragile,False,,48.78,48.79
509583,19.36,183.1,standard,False,,47.88,47.87
509584,15.04,192.7,food,False,,36.71,36.7
509585,21.02,176.9,food,False,,46.68,46.66
509586,9.85,9.3,clothing,False,,20.16,20.17
509587,16.88,282.6,standard,False,,47.89,47.88
509588,11.46,39.1,electronics,False,SAVE10,32.7,32.69
509589,22.93,26.0,fragile,False,,60.92,60.91
509590,2.83,219.7,food,False,,16.08,16.1
509591,21.8,196.4,standard,False,,53.42,53.42
509592,0.83,192.8,electronics,True,,36.41,36.43
509593,21.46,84.1,fragile,False,,60.0,60.0
509594,2.59,195.6,clothing,True,,39.52,39.53
509595,17.58,36.8,fragile,False,,47.55,47.55
509596,2.99,123.0,food,False,,11.53,11.51
509597,19.62,216.1,fragile,False,,61.82,61.83
509598,5.95,8.3,books,False,,9.94,11.12
509599,2.22,100.9,clothing,False,,9.49,9.49
509600,21.82,102.5,fragile,True,SAVE10,69.4,83.11
509601,14.62,108.7,standard,False,,34.67,34.68
509602,21.26,288.7,books,False,,48.45,52.7
509603,19.9,8.1,standard,False,,40.2,40.22
509604,2.81,86.7,books,False,,8.83,9.39
509605,2.86,298.1,fragile,False,,22.34,22.33
509606,18.01,96.1,standard,False,,40.83,40.84
509607,21.22,159.2,fragile,True,,84.05,104.98
509608,4.92,215.6,clothing,True,SAVE10,42.46,42.45
509609,22.23,261.2,food,False,SAVE10,47.77,47.76
509610,1.15,236.8,food,False,,13.91,13.92
509611,19.33,115.4,electronics,False,,63.76,63.77
509612,15.88,212.9,clothing,False,,42.4,42.39
509613,9.94,99.8,clothing,False,,24.87,24.88
509614,9.87,215.5,books,False,,26.57,28.54
509615,8.04,268.9,fragile,False,,34.35,34.33
509616,12.15,234.6,fragile,False,,43.32,43.3
509617,12.76,219.7,electronics,True,SAVE10,68.61,68.59
509618,4.54,215.2,standard,True,,46.36,46.38
509619,0.83,231.4,clothing,True,,41.37,41.37
509620,13.41,273.1,food,False,,37.79,37.78
509621,5.17,88.6,food,False,SAVE10,12.36,12.38
509622,2.91,73.1,clothing,True,SAVE10,19.61,19.62
509623,6.68,293.9,standard,False,SAVE10,25.25,25.26
509624,4.04,85.8,electronics,True,SAVE10,26.99,27.0
509625,21.7,108.0,clothing,False,,48.8,48.8
509626,7.62,97.4,fragile,False,,24.68,24.68
509627,16.37,242.4,books,True,SAVE10,60.8,63.74
509628,0.74,210.4,clothing,False,,12.0,12.01
509629,16.7,8.7,electronics,False,,50.54,50.55
509630,23.88,97.1,fragile,False,SAVE10,60.25,60.23
509631,19.0,61.2,food,False,,37.26,37.28
509632,19.21,214.7,food,False,,45.31,45.3
509633,10.74,109.6,fragile,True,SAVE10,44.43,58.78
509634,12.19,241.9,food,True,,63.23,63.22
509635,22.59,227.6,standard,True,,84.32,84.34
509636,6.3,253.6,books,True,,53.12,54.37
509637,12.89,69.6,fragile,False,,36.99,37.01
509638,18.36,76.7,fragile,False,,51.57,51.58
509639,8.77,56.9,fragile,False,,25.65,25.66
509640,12.06,34.6,food,False,,23.44,23.42
509641,1.37,296.0,food,True,,51.87,51.85
509642,17.21,280.8,electronics,False,SAVE10,59.1,59.08
509643,4.6,248.4,food,True,SAVE10,45.49,45.5
509644,6.84,152.3,electronics,False,,28.14,28.12
509645,6.01,163.7,fragile,False,SAVE10,21.43,21.42
509646,18.09,74.2,electronics,False,,57.98,57.97
509647,10.28,14.2,electronics,False,,31.55,31.57
509648,24.85,104.3,fragile,False,SAVE10,62.84,62.84
509649,20.08,156.2,food,False,SAVE10,39.56,39.57
509650,23.13,66.7,standard,True,,61.26,61.26
509651,17.33,253.1,food,False,,43.85,43.85
509652,6.13,20.1,standard,False,,13.26,13.26
509653,8.43,63.7,food,False,SAVE10,16.52,16.51
509654,9.41,77.1,books,False,,18.91,20.81
509655,5.46,270.8,books,False,SAVE10,20.05,21.04
509656,11.93,254.7,clothing,True,,67.06,67.06
509657,19.88,56.8,fragile,False,,54.53,54.52
509658,13.29,137.1,standard,False,,33.44,33.42
509659,4.57,85.3,clothing,False,,13.4,13.42
509660,18.45,279.1,fragile,False,,61.92,61.91
509661,24.15,229.6,food,False,,54.95,54.95
509662,12.13,17.3,clothing,False,,25.12,25.13
509663,3.97,110.4,books,False,,11.87,12.66
509664,18.4,12.9,fragile,False,,48.48,48.48
509665,13.71,165.0,fragile,False,,43.9,43.9
509666,20.3,90.4,books,True,SAVE10,45.94,49.59
509667,15.34,296.9,clothing,False,,45.52,45.52
509668,21.86,229.6,clothing,True,,83.16,83.15
509669,0.85,116.3,clothing,True,,24.15,24.16
509670,16.44,233.6,books,False,,37.98,41.27
509671,15.24,263.2,books,False,,37.54,40.59
509672,19.58,283.7,fragile,False,,65.09,65.09
509673,5.86,107.9,clothing,False,,17.12,17.1
509674,14.84,117.7,electronics,False,,50.4,50.41
509675,7.05,168.8,fragile,False,,26.77,26.75
509676,18.99,102.8,fragile,True,,69.79,85.09
509677,2.45,44.5,clothing,True,,16.58,16.57
509678,4.36,264.4,clothing,True,,53.38,53.39
509679,23.66,167.6,fragile,False,SAVE10,62.91,62.9
509680,18.57,93.4,electronics,True,,74.72,74.74
509681,6.68,10.2,books,True,,17.22,18.57
509682,8.15,285.1,standard,True,,64.07,64.06
509683,11.13,54.3,standard,False,,24.98,24.96
509684,6.22,132.0,food,False,,17.8,17.78
509685,3.94,292.0,clothing,False,,22.48,22.47
509686,24.26,46.4,clothing,False,,50.84,50.83
509687,5.69,124.8,clothing,True,,35.1,35.09
509688,18.83,103.5,food,False,,39.07,39.07
509689,18.1,61.3,electronics,False,,57.36,57.35
509690,18.52,166.6,electronics,False,,63.89,63.91
509691,7.92,270.3,standard,True,SAVE10,55.25,55.26
509692,5.95,50.5,books,False,,12.05,13.25
509693,15.61,98.4,electronics,False,,51.75,51.76
509694,24.89,268.8,books,True,,85.14,90.13
509695,10.02,136.6,clothing,True,,45.53,45.53
509696,5.85,16.3,clothing,True,,19.14,19.16
509697,12.95,106.0,food,False,SAVE10,25.75,25.75
509698,5.15,276.9,clothing,False,,24.14,24.14
509699,9.0,174.0,food,False,SAVE10,22.41,22.39
509700,18.51,290.9,books,False,,44.16,47.88
509701,6.44,23.6,books,True,,18.84,20.14
509702,11.48,42.7,clothing,True,,34.36,34.35
509703,16.27,260.0,food,True,,73.29,73.29
509704,4.4,68.1,food,True,,23.14,23.13
509705,4.04,73.9,food,True,,23.36,23.34
509706,24.14,136.2,standard,False,,55.09,55.11
509707,21.76,206.7,food,True,,75.17,75.19
509708,22.18,11.6,standard,False,,44.94,44.96
509709,14.52,116.8,standard,False,,34.88,34.86
509710,12.86,96.2,books,False,,25.39,27.95
509711,3.16,157.4,books,True,,33.67,34.3
509712,6.38,256.5,electronics,False,,31.97,31.95
509713,3.25,77.2,electronics,False,,13.61,13.6
509714,13.54,12.1,food,False,SAVE10,22.48,22.49
509715,11.17,59.1,standard,True,,36.2,36.21
509716,4.73,258.2,fragile,False,,25.21,25.22
509717,2.92,136.6,clothing,False,,12.67,12.65
509718,14.57,70.5,books,False,,26.84,29.75
509719,3.96,14.1,fragile,True,SAVE10,15.67,21.44
509720,0.82,224.9,electronics,False,,13.71,13.71
509721,6.03,130.7,electronics,False,,24.62,24.64
509722,20.17,226.4,electronics,False,,71.83,71.85
509723,16.61,80.5,food,False,SAVE10,30.53,30.55
509724,13.17,183.1,electronics,False,,48.66,48.66
509725,6.02,230.2,electronics,False,,29.57,29.56
509726,11.95,230.2,fragile,True,,70.6,98.63
509727,0.74,297.9,fragile,False,SAVE10,15.14,15.12
509728,8.47,7.1,fragile,True,,28.09,33.78
509729,12.25,192.7,food,False,,31.68,31.69
509730,2.75,93.3,electronics,True,,27.24,27.24
509731,14.71,274.8,clothing,False,,43.16,43.16
509732,11.34,31.3,clothing,False,,24.24,24.24
509733,1.83,94.3,standard,False,,8.38,8.39
509734,4.11,36.9,books,False,SAVE10,7.58,8.32
509735,12.46,275.4,food,True,,68.74,68.73
509736,22.48,252.6,electronics,False,,80.07,80.08
509737,1.89,156.5,fragile,False,,12.74,12.74
509738,14.27,150.4,standard,True,SAVE10,50.49,50.5
509739,7.47,283.9,books,False,,26.15,27.64
509740,10.02,186.5,electronics,True,,63.04,63.03
509741,23.1,72.4,electronics,False,,72.92,72.91
509742,15.93,74.1,food,False,,32.38,32.37
509743,7.46,96.0,electronics,False,SAVE10,24.46,24.47
509744,11.57,26.2,electronics,False,,36.02,36.02
509745,24.54,178.8,books,False,SAVE10,43.38,47.81
509746,21.75,75.3,food,False,,42.92,42.9
509747,10.93,111.3,standard,False,SAVE10,24.68,24.67
509748,13.48,127.3,clothing,False,,33.33,33.32
509749,11.73,193.7,food,False,,30.8,30.8
509750,4.19,174.8,standard,False,,17.12,17.13
509751,24.21,145.6,standard,False,SAVE10,50.13,50.13
509752,6.11,219.5,standard,False,,23.2,23.21
509753,5.87,186.6,clothing,False,SAVE10,18.96,18.98
509754,3.2,132.8,books,False,SAVE10,10.58,11.15
509755,23.57,287.6,fragile,False,SAVE10,68.1,68.11
509756,22.91,205.6,electronics,False,SAVE10,71.11,71.09
509757,16.11,34.0,standard,False,,33.92,33.93
509758,13.45,169.5,fragile,True,,65.4,87.36
509759,14.74,67.0,clothing,False,SAVE10,29.55,29.56
509760,9.57,145.9,standard,False,,26.44,26.44
509761,22.3,116.5,standard,False,,50.42,50.41
509762,14.16,13.6,standard,False,SAVE10,26.1,26.1
509763,21.47,99.1,fragile,False,,60.78,60.79
509764,17.52,245.4,books,False,,40.3,43.82
509765,17.13,78.8,food,False,,34.77,34.77
509766,16.94,60.9,books,True,,41.24,44.64
509767,19.51,17.0,food,False,,35.97,35.96
509768,20.43,116.5,standard,False,,46.68,46.7
509769,17.24,27.9,food,False,,32.43,32.41
509770,8.36,293.1,clothing,False,SAVE10,28.24,28.24
509771,6.95,232.1,food,True,,52.32,52.34
509772,5.3,152.1,books,False,SAVE10,14.48,15.44
509773,21.47,243.4,standard,False,SAVE10,49.6,49.58
509774,12.4,24.4,food,False,SAVE10,21.19,21.2
509775,0.51,61.3,electronics,True,,15.72,15.72
509776,15.18,233.9,fragile,False,SAVE10,46.05,46.04
509777,21.66,144.6,fragile,False,,63.55,63.56
509778,23.01,14.6,food,False,,42.15,42.16
509779,23.49,93.0,clothing,True,,65.93,65.93
509780,21.78,288.2,standard,True,SAVE10,82.61,82.61
509781,4.83,192.7,clothing,True,SAVE10,39.21,39.22
509782,13.13,134.8,food,False,,30.37,30.36
509783,17.86,76.9,books,False,,32.42,35.99
509784,16.26,293.9,standard,True,,81.6,81.59
509785,9.29,134.7,books,True,,40.07,41.95
509786,1.41,14.0,food,False,,3.24,3.25
509787,22.38,233.9,fragile,False,,69.88,69.87
509788,19.56,226.2,food,False,,46.52,46.54
509789,21.72,49.7,books,False,,37.24,41.59
509790,9.95,175.7,electronics,False,,38.64,38.63
509791,6.58,102.2,fragile,False,,22.22,22.2
509792,21.18,87.0,fragile,False,,59.42,59.41
509793,16.54,243.2,fragile,False,,55.16,55.16
509794,16.85,19.3,books,True,,34.86,38.21
509795,1.34,229.8,food,False,,13.9,13.89
509796,3.13,102.7,electronics,False,,14.53,14.52
509797,19.35,86.5,standard,False,,43.03,43.01
509798,22.15,258.4,food,True,,83.63,83.62
509799,9.16,163.6,clothing,True,SAVE10,43.07,43.07
509800,21.87,100.0,electronics,True,,85.61,85.62
509801,4.89,266.4,clothing,False,,23.1,23.1
509802,14.71,132.3,food,False,,33.09,33.1
509803,9.06,49.4,food,False,SAVE10,16.9,16.92
509804,13.58,164.4,fragile,False,SAVE10,39.18,39.19
509805,5.32,50.2,books,True,,21.04,22.1
509806,9.88,68.1,fragile,False,SAVE10,26.18,26.17
509807,11.81,246.0,food,False,SAVE10,30.2,30.2
509808,14.7,103.1,food,True,,46.92,46.91
509809,5.52,228.4,electronics,True,SAVE10,50.24,50.24
509810,15.33,19.1,fragile,False,,40.81,40.8
509811,5.69,170.3,fragile,True,SAVE10,40.81,60.63
509812,24.42,23.0,fragile,False,,64.64,64.65
509813,6.41,39.7,books,False,SAVE10,11.02,12.17
509814,3.19,90.3,books,False,SAVE10,8.66,9.23
509815,7.14,8.3,fragile,False,SAVE10,17.08,17.08
509816,14.42,144.6,electronics,True,,69.95,69.94
509817,11.43,11.7,books,True,,25.04,27.33
509818,16.66,215.4,food,False,,40.76,40.75
509819,3.19,6.4,standard,False,,6.7,6.69
509820,10.61,102.7,standard,True,,41.62,41.63
509821,14.12,214.5,books,False,SAVE10,29.99,32.52
509822,24.38,162.2,books,False,,47.12,52.01
509823,22.22,155.2,standard,False,SAVE10,46.98,46.98
509824,14.51,243.0,standard,True,,70.47,70.46
509825,7.86,250.3,food,False,,26.66,26.64
509826,3.31,210.9,electronics,False,,20.48,20.48
509827,15.99,48.5,electronics,False,,50.4,50.4
509828,14.3,247.1,electronics,True,SAVE10,76.47,76.47
509829,12.12,110.8,food,True,SAVE10,39.09,39.1
509830,18.15,292.8,clothing,True,SAVE10,76.7,76.7
509831,11.9,96.1,food,True,,40.84,40.82
509832,19.59,267.2,fragile,True,,96.01,127.71
509833,7.57,129.7,books,True,,36.57,38.08
509834,8.52,272.0,food,False,,28.94,28.92
509835,22.85,238.3,clothing,True,SAVE10,77.8,77.79
509836,14.69,243.0,books,False,,35.65,38.57
509837,23.9,14.0,books,True,SAVE10,40.81,45.11
509838,2.01,256.2,standard,False,,16.83,16.85
509839,23.16,108.6,electronics,False,,74.91,74.91
509840,1.91,92.0,clothing,False,,8.42,8.42
509841,18.82,97.9,standard,False,,42.54,42.55
509842,14.69,276.9,standard,True,,75.91,75.92
509843,3.47,287.3,fragile,False,SAVE10,21.05,21.04
509844,7.92,15.2,electronics,True,,31.04,31.05
509845,12.25,200.4,food,False,SAVE10,28.86,28.84
509846,14.17,235.4,books,False,,34.44,37.26
509847,12.45,233.3,clothing,True,,64.9,64.88
509848,1.17,5.5,clothing,False,,2.62,2.62
509849,24.87,105.5,fragile,False,,69.94,69.92
509850,9.13,181.4,standard,False,,27.33,27.31
509851,18.2,72.4,electronics,False,,58.22,58.24
509852,23.26,19.8,food,False,,42.86,42.88
509853,24.37,156.4,standard,False,,56.56,56.56
509854,5.0,17.8,electronics,False,SAVE10,14.3,14.29
509855,22.36,78.0,clothing,False,SAVE10,43.76,43.74
509856,13.06,34.8,fragile,True,,44.18,52.64
509857,16.55,193.2,food,True,,63.77,63.78
509858,6.53,29.6,fragile,False,SAVE10,16.61,16.62
509859,4.03,279.0,electronics,False,,26.04,26.05
509860,14.69,97.1,books,False,,28.36,31.31
509861,22.63,236.0,food,False,,52.53,52.55
509862,10.76,69.7,food,False,,22.85,22.85
509863,23.85,11.3,clothing,False,,48.26,48.27
509864,17.79,213.2,standard,False,SAVE10,41.62,41.62
509865,0.96,163.2,electronics,False,SAVE10,9.94,9.94
509866,23.38,295.8,food,False,,56.87,56.89
509867,3.25,71.5,food,False,,9.43,9.43
509868,5.94,259.3,food,False,,23.66,23.66
509869,14.29,75.7,books,False,,26.65,29.49
509870,23.52,160.4,food,False,,50.36,50.35
509871,3.8,62.4,electronics,True,,25.76,25.75
509872,7.79,285.5,food,False,,28.3,28.31
509873,1.62,173.8,books,False,SAVE10,10.15,10.43
509874,2.65,133.1,food,False,,11.42,11.43
509875,11.05,162.9,clothing,False,,30.25,30.25
509876,14.61,261.8,clothing,False,,42.31,42.31
509877,13.02,210.6,electronics,True,,75.65,75.64
509878,1.66,146.1,books,True,,29.57,29.92
509879,11.01,208.9,electronics,False,,43.48,43.47
509880,11.38,35.2,standard,True,SAVE10,29.74,29.72
509881,23.41,130.3,books,False,SAVE10,39.57,43.78
509882,8.52,100.5,standard,True,SAVE10,33.4,33.41
509883,16.02,97.3,clothing,False,,36.9,36.89
509884,12.45,274.2,fragile,True,,78.5,110.92
509885,19.57,160.3,clothing,True,SAVE10,61.37,61.38
509886,15.3,299.1,standard,True,,80.46,80.46
509887,24.81,87.0,clothing,True,,67.67,67.66
509888,16.11,140.6,food,True,,55.09,55.1
509889,8.87,255.6,electronics,False,,39.39,39.38
509890,10.8,273.4,clothing,False,SAVE10,31.74,31.73
509891,21.47,201.0,electronics,True,,99.56,99.57
509892,9.52,108.0,electronics,False,,33.96,33.97
509893,23.2,214.6,standard,False,SAVE10,51.42,51.4
509894,11.29,240.8,electronics,False,SAVE10,41.32,41.32
509895,23.61,184.1,standard,False,,56.42,56.43
509896,4.18,229.0,clothing,False,,19.81,19.8
509897,19.71,219.5,food,True,,73.4,73.41
509898,11.39,68.3,food,True,,35.75,35.76
509899,6.06,78.7,books,True,,26.5,27.71
509900,14.96,20.6,electronics,True,,52.97,52.97
509901,1.96,289.6,clothing,False,,18.4,18.4
509902,5.4,23.4,electronics,False,,17.37,17.37
509903,21.26,228.4,fragile,False,SAVE10,60.03,60.01
509904,13.33,152.2,electronics,False,,47.6,47.6
509905,8.79,278.8,clothing,False,SAVE10,28.37,28.38
509906,4.04,81.3,standard,True,,25.28,25.29
509907,4.43,288.3,books,False,,21.5,22.38
509908,6.13,44.8,standard,False,,14.5,14.49
509909,11.79,40.2,food,True,,32.25,32.25
509910,0.99,160.3,fragile,False,SAVE10,9.53,9.54
509911,5.53,62.8,clothing,True,,25.48,25.47
509912,10.99,96.2,electronics,False,,37.78,37.78
509913,22.12,141.6,books,True,,61.63,66.06
509914,21.71,182.9,standard,False,,52.57,52.55
509915,23.41,163.1,fragile,False,SAVE10,62.12,62.12
509916,6.01,256.3,fragile,True,,59.07,89.69
509917,3.54,6.0,electronics,True,,16.52,16.51
509918,21.3,251.5,standard,True,,85.32,85.33
509919,17.62,30.3,clothing,True,,44.78,44.78
509920,6.54,57.3,books,True,,24.06,25.37
509921,11.11,29.0,books,True,,27.13,29.35
509922,23.15,119.5,electronics,False,,75.42,75.42
509923,20.51,207.3,food,False,SAVE10,42.55,42.56
509924,23.44,12.2,electronics,True,,77.15,77.17
509925,12.6,86.0,food,False,SAVE10,24.28,24.27
509926,5.22,63.2,food,True,,23.88,23.86
509927,13.71,35.3,standard,True,SAVE10,33.94,33.92
509928,3.28,201.9,food,False,,16.0,16.0
509929,3.37,182.5,fragile,False,SAVE10,16.1,16.09
509930,2.73,22.0,clothing,True,,13.76,13.77
509931,6.67,101.0,books,False,,15.72,17.06
509932,4.52,72.4,standard,True,,24.9,24.91
509933,6.81,137.8,clothing,False,SAVE10,18.46,18.47
509934,17.53,18.8,fragile,True,,53.4,60.29
509935,16.97,285.3,food,False,,44.81,44.79
509936,1.13,235.8,standard,False,,14.05,14.05
509937,21.54,119.9,electronics,True,,87.61,87.6
509938,20.59,151.7,books,False,,40.53,44.66
509939,23.63,252.9,books,False,SAVE10,45.41,49.66
509940,5.84,96.4,food,False,,15.33,15.34
509941,18.39,283.2,books,False,,43.58,47.26
509942,14.15,250.0,books,False,,35.14,37.97
509943,17.81,161.1,standard,False,,43.68,43.67
509944,22.63,10.2,electronics,False,,68.4,68.41
509945,2.49,296.2,books,True,SAVE10,48.07,48.52
509946,21.11,96.4,standard,False,SAVE10,42.34,42.32
509947,21.54,53.0,standard,False,,45.73,45.72
509948,16.3,102.3,clothing,True,SAVE10,47.65,47.65
509949,10.34,7.1,clothing,False,,21.04,21.05
509950,13.76,46.6,food,False,,27.1,27.08
509951,3.94,148.3,books,False,,13.72,14.52
509952,18.75,28.6,standard,False,,38.93,38.94
509953,14.0,115.6,fragile,True,,58.74,75.29
509954,14.59,222.8,food,False,,37.4,37.38
509955,17.88,212.3,electronics,False,,64.26,64.26
509956,2.98,209.6,food,False,,15.84,15.85
509957,1.66,253.1,standard,True,,46.28,46.28
509958,3.42,119.0,clothing,False,,12.79,12.78
509959,2.46,172.5,clothing,False,SAVE10,12.19,12.2
509960,20.14,117.9,standard,True,,62.96,62.97
509961,3.74,172.2,books,True,,36.81,37.56
509962,9.74,152.5,clothing,False,,27.1,27.09
509963,16.59,37.4,food,False,,31.73,31.73
509964,6.82,208.0,fragile,True,SAVE10,48.54,71.77
509965,22.84,124.3,books,False,,42.76,47.31
509966,22.89,12.0,food,True,,48.0,48.02
509967,10.07,266.5,standard,False,,33.47,33.46
509968,14.87,87.4,electronics,True,,62.72,62.74
509969,19.75,27.2,clothing,False,SAVE10,36.77,36.78
509970,24.55,115.1,books,False,SAVE10,40.53,44.95
509971,17.47,95.7,clothing,False,,39.72,39.71
509972,11.52,162.5,fragile,False,SAVE10,34.27,34.28
509973,1.56,220.8,books,False,,13.54,13.84
509974,16.22,111.4,fragile,False,,47.74,47.75
509975,16.65,193.9,food,False,,39.66,39.68
509976,17.49,284.6,standard,False,,49.21,49.22
509977,9.03,289.0,food,False,,30.7,30.71
509978,21.61,117.2,food,False,,44.76,44.75
509979,15.02,260.6,food,False,,40.07,40.06
509980,9.82,213.9,food,False,,28.37,28.38
509981,6.46,122.9,fragile,False,,22.94,22.95
509982,1.25,89.2,books,False,,6.46,6.7
509983,17.94,101.2,standard,True,SAVE10,50.45,50.46
509984,8.24,45.6,electronics,False,,27.0,27.01
509985,21.42,54.5,standard,False,,45.57,45.55
509986,8.39,15.2,fragile,False,,22.57,22.57
509987,7.99,30.8,electronics,False,,25.51,25.51
509988,19.7,169.5,food,False,,43.94,43.93
509989,9.81,24.5,food,True,,26.33,26.33
509990,24.65,249.5,standard,False,,61.78,61.77
509991,14.36,242.5,standard,False,,40.84,40.83
509992,23.47,273.1,food,False,,55.9,55.89
509993,3.48,266.3,standard,False,,20.28,20.28
509994,1.64,188.9,clothing,True,,36.62,36.63
509995,0.83,43.9,clothing,True,,13.24,13.25
509996,21.96,137.8,electronics,False,,72.77,72.78
509997,12.18,207.0,books,False,,29.84,32.27
509998,18.47,256.7,books,False,SAVE10,38.15,41.46
509999,13.37,248.6,books,False,SAVE10,30.44,32.85
510000,24.2,290.1,clothing,True,,96.92,96.92
510001,20.34,29.6,electronics,False,,62.5,62.51
510002,12.25,296.2,food,True,,71.48,71.49
510003,4.93,120.5,books,False,,13.91,14.9
510004,9.91,52.5,fragile,False,,28.39,28.38
510005,10.07,65.8,electronics,False,,33.5,33.52
510006,9.32,253.0,standard,True,,61.59,61.61
510007,18.01,217.4,books,False,SAVE10,35.72,38.95
510008,21.0,50.1,food,True,,50.32,50.33
510009,20.83,206.9,books,False,SAVE10,39.31,43.06
510010,5.32,292.8,clothing,False,,25.28,25.27
510011,4.63,174.9,electronics,False,,22.64,22.64
510012,16.93,101.4,electronics,True,SAVE10,63.9,63.89
510013,18.46,92.3,electronics,True,,74.23,74.23
510014,19.7,73.2,clothing,False,,43.06,43.05
510015,22.64,153.0,standard,True,SAVE10,65.91,65.92
510016,8.73,223.9,books,True,,52.55,54.29
510017,2.16,244.2,clothing,True,,45.95,45.95
510018,9.56,79.3,books,True,SAVE10,28.97,30.7
510019,8.44,249.2,standard,False,,29.34,29.33
510020,3.2,239.9,food,False,,17.76,17.75
510021,17.15,101.2,standard,False,,39.36,39.36
510022,13.03,178.0,books,True,,52.55,55.15
510023,15.78,126.9,standard,False,SAVE10,34.11,34.12
510024,21.8,271.5,electronics,True,,111.13,111.12
510025,14.61,12.5,books,False,,24.0,26.93
510026,22.24,121.0,fragile,False,SAVE10,57.49,57.47
510027,20.44,170.2,fragile,True,,83.67,105.68
510028,13.43,295.3,clothing,True,,76.16,76.14
510029,15.67,286.0,food,True,,76.11,76.12
510030,12.02,175.7,fragile,False,,40.04,40.03
510031,10.0,250.8,food,False,SAVE10,27.49,27.5
510032,18.42,105.0,food,True,,53.91,53.9
510033,15.23,35.9,food,False,,29.21,29.22
510034,9.56,118.8,electronics,False,,34.62,34.63
510035,16.49,66.8,fragile,False,,46.21,46.21
510036,13.62,95.3,standard,True,,46.54,46.54
510037,3.23,167.1,fragile,False,,16.75,16.74
510038,18.75,102.9,books,False,,35.15,38.91
510039,12.67,150.6,fragile,False,,40.47,40.46
510040,23.24,220.7,food,False,SAVE10,47.58,47.57
510041,22.53,262.3,fragile,True,,102.92,134.14
510042,3.29,175.8,clothing,True,,37.95,37.95
510043,7.02,252.5,books,False,,23.86,25.25
510044,17.57,207.8,clothing,True,,71.31,71.31
510045,5.41,242.7,fragile,False,,26.2,26.19
510046,20.69,229.2,electronics,False,SAVE10,66.18,66.17
510047,17.0,237.9,standard,False,,45.9,45.9
510048,23.79,21.1,standard,False,,48.64,48.62
510049,9.11,186.7,fragile,False,SAVE10,29.72,29.72
510050,17.36,92.5,electronics,True,,70.96,70.95
510051,15.25,44.3,clothing,True,,42.14,42.14
510052,17.2,260.5,books,False,,40.54,44.0
510053,23.73,198.7,standard,True,,82.26,82.27
510054,9.13,187.9,clothing,False,,27.66,27.64
510055,6.17,288.6,clothing,False,SAVE10,24.09,24.09
510056,20.21,101.2,electronics,False,,65.69,65.7
510057,4.2,20.1,standard,False,,9.41,9.42
510058,14.01,43.0,fragile,False,SAVE10,34.72,34.71
510059,23.19,227.4,electronics,False,,80.94,80.96
510060,21.25,184.2,clothing,False,SAVE10,46.54,46.53
510061,17.44,57.9,books,False,,30.8,34.28
510062,0.84,31.2,food,False,,3.07,3.09
510063,24.51,189.3,standard,False,SAVE10,52.64,52.65
510064,11.59,145.2,standard,False,,30.44,30.42
510065,7.63,69.7,books,False,,15.69,17.2
510066,2.15,139.5,clothing,True,,30.22,30.23
510067,4.03,221.2,standard,False,,19.12,19.13
510068,1.62,56.4,clothing,True,,16.7,16.7
510069,14.22,156.9,electronics,False,,50.5,50.52
510070,9.83,294.0,food,False,,32.39,32.4
510071,7.71,8.3,books,True,,18.58,20.12
510072,20.55,297.7,electronics,True,,111.3,111.29
510073,2.46,46.9,clothing,False,,7.26,7.25
510074,10.84,156.6,books,False,,25.17,27.33
510075,20.18,250.0,standard,False,SAVE10,47.57,47.58
510076,20.83,58.2,clothing,False,,44.57,44.57
510077,17.87,251.1,electronics,False,,66.16,66.15
510078,13.34,96.0,clothing,False,,31.48,31.48
510079,4.4,146.5,fragile,True,,38.42,58.07
510080,10.19,215.0,clothing,True,,57.63,57.64
510081,18.36,257.8,food,False,SAVE10,41.34,41.36
510082,19.63,41.2,fragile,False,,53.1,53.11
510083,15.45,29.8,food,False,SAVE10,26.37,26.38
510084,22.52,180.0,standard,False,,54.04,54.05
510085,14.33,73.2,food,False,SAVE10,26.51,26.5
510086,21.27,57.3,standard,False,,45.4,45.42
510087,22.66,159.3,electronics,True,,96.88,96.86
510088,4.62,271.9,fragile,False,,25.61,25.6
510089,4.07,255.0,standard,True,SAVE10,46.25,46.25
510090,24.7,281.5,food,False,,58.54,58.54
510091,7.75,202.7,standard,False,,25.64,25.65
510092,11.49,153.0,clothing,False,SAVE10,27.57,27.56
510093,10.88,57.1,standard,False,,24.62,24.62
510094,21.28,229.3,food,False,,49.77,49.77
510095,0.81,182.0,clothing,False,,10.72,10.7
510096,12.52,267.7,electronics,False,,50.94,50.94
510097,11.81,155.4,books,False,,26.67,29.02
510098,2.91,132.9,electronics,False,,15.38,15.38
510099,11.43,233.0,standard,False,,34.51,34.49
510100,21.92,9.2,electronics,False,,66.22,66.23
510101,1.76,261.4,food,False,,16.24,16.23
510102,6.63,204.8,electronics,False,SAVE10,27.12,27.12
510103,15.39,75.8,standard,False,SAVE10,31.11,31.1
510104,13.81,265.9,food,True,,69.74,69.73
510105,19.12,30.6,fragile,True,,59.3,67.38
510106,8.88,294.6,food,False,,30.71,30.7
510107,3.52,113.9,fragile,False,,14.85,14.85
510108,9.57,130.7,food,True,,41.83,41.82
510109,20.84,115.9,books,False,,39.14,43.3
510110,11.17,16.8,fragile,False,,29.88,29.89
510111,10.22,160.4,electronics,True,,59.72,59.72
510112,19.66,80.6,food,False,SAVE10,35.48,35.48
510113,14.84,221.6,electronics,False,,55.6,55.62
510114,3.85,29.1,clothing,False,,9.16,9.14
510115,9.82,18.1,books,False,,16.62,18.58
510116,22.77,146.4,clothing,True,,72.5,72.49
510117,1.22,270.6,standard,True,,48.03,48.05
510118,19.17,61.4,electronics,False,,60.58,60.57
510119,8.05,11.3,books,False,SAVE10,12.1,13.53
510120,18.84,200.8,fragile,True,SAVE10,75.69,98.25
510121,4.53,213.2,food,False,,18.81,18.82
510122,16.58,293.9,fragile,False,,57.8,57.82
510123,21.57,229.1,books,False,,45.97,50.29
510124,2.12,275.4,clothing,False,,18.01,18.01
510125,23.95,213.4,fragile,True,,99.28,125.64
510126,3.11,173.3,books,False,,13.64,14.27
510127,0.83,252.5,clothing,False,SAVE10,12.86,12.87
510128,20.65,183.4,standard,False,,50.47,50.45
510129,13.06,208.4,electronics,True,,75.44,75.43
510130,1.36,217.2,fragile,False,,14.4,14.41
510131,16.55,204.9,fragile,True,,78.77,104.27
510132,12.96,277.9,food,True,,70.01,70.0
510133,24.87,191.1,electronics,True,,108.28,108.26
510134,24.42,96.8,electronics,True,,92.78,92.78
510135,22.03,80.3,food,False,,43.67,43.68
510136,13.32,245.6,standard,False,,38.92,38.93
510137,20.56,276.7,electronics,True,SAVE10,97.37,97.38
510138,18.54,42.4,books,False,,31.78,35.5
510139,7.18,283.4,electronics,False,,35.71,35.71
510140,18.82,152.1,fragile,False,,56.54,56.52
510141,7.75,54.9,fragile,False,,22.9,22.89
510142,10.79,244.9,electronics,False,,44.61,44.61
510143,2.46,293.1,standard,False,,19.58,19.58
510144,3.85,95.0,books,True,,25.41,26.18
510145,12.78,295.4,standard,False,,40.33,40.32
510146,21.03,182.3,food,False,SAVE10,42.27,42.28
510147,19.96,198.8,standard,True,,74.74,74.75
510148,4.34,138.0,standard,False,,15.58,15.6
510149,13.79,180.7,electronics,False,,50.4,50.4
510150,8.01,120.4,electronics,False,,30.05,30.03
510151,5.52,65.8,clothing,False,,14.33,14.33
510152,9.47,257.7,food,True,,60.7,60.69
510153,17.16,166.3,clothing,True,,64.27,64.26
510154,23.17,192.0,books,False,,46.67,51.31
510155,2.88,35.7,food,True,,15.54,15.56
510156,7.68,265.9,standard,False,,28.66,28.64
510157,18.83,155.8,clothing,True,,66.03,66.02
510158,12.7,128.4,food,False,,29.28,29.3
510159,10.0,105.1,fragile,False,SAVE10,28.13,28.11
510160,20.14,275.9,food,True,,82.64,82.64
510161,0.94,83.0,fragile,False,,6.59,6.58
510162,23.69,273.1,books,False,,51.56,56.31
510163,7.17,81.4,books,False,,15.54,17.0
510164,21.25,63.6,electronics,False,,66.93,66.92
510165,20.95,163.7,food,False,,45.9,45.9
510166,21.03,259.1,standard,False,,55.02,55.01
510167,15.67,276.3,standard,True,,77.78,77.8
510168,16.4,48.9,fragile,True,,54.98,64.85
510169,1.68,216.1,clothing,False,SAVE10,12.75,12.77
510170,10.96,213.4,books,False,,28.21,30.42
510171,15.82,82.0,fragile,False,SAVE10,40.71,40.72
510172,7.19,283.9,standard,False,,28.58,28.57
510173,17.19,10.1,clothing,False,,34.89,34.87
510174,14.03,217.6,standard,True,,65.7,65.71
510175,16.85,203.7,food,True,,65.89,65.87
510176,21.48,115.8,clothing,False,,48.75,48.75
510177,8.69,287.8,clothing,True,,65.55,65.53
510178,15.8,22.6,electronics,False,SAVE10,43.68,43.66
510179,1.7,77.9,clothing,True,,20.08,20.07
510180,20.04,178.3,electronics,False,,69.04,69.05
510181,20.47,208.4,books,False,,43.17,47.26
510182,17.36,186.8,food,False,,40.59,40.6
510183,17.44,296.5,standard,False,,49.71,49.72
510184,14.23,115.8,standard,False,,34.25,34.26
510185,8.47,257.3,clothing,False,SAVE10,26.82,26.83
510186,20.03,164.6,fragile,True,,81.77,103.23
510187,3.73,218.3,books,True,,43.71,44.44
510188,14.75,174.1,clothing,False,,38.2,38.22
510189,3.14,99.2,clothing,False,,11.24,11.22
510190,18.76,74.1,standard,False,,41.22,41.22
510191,12.8,122.8,clothing,False,,31.74,31.73
510192,16.02,5.4,fragile,False,,41.92,41.92
510193,4.67,234.8,books,False,SAVE10,17.29,18.15
510194,10.7,137.5,standard,False,,28.28,28.28
510195,16.68,39.5,books,False,,28.66,32.0
510196,11.31,27.3,clothing,False,,23.98,23.99
510197,18.23,298.0,food,False,,47.71,47.7
510198,2.58,117.8,electronics,True,,30.41,30.41
510199,9.28,158.3,electronics,False,,35.75,35.76
510200,3.15,240.0,food,False,,17.67,17.67
510201,18.6,240.3,standard,True,,78.24,78.26
510202,10.17,224.1,standard,False,,31.54,31.53
510203,18.83,18.2,fragile,True,,56.69,63.52
510204,19.03,199.1,food,False,,44.21,44.23
510205,1.43,232.1,fragile,True,,43.53,71.75
510206,15.72,31.7,fragile,False,,42.46,42.45
510207,20.21,85.8,books,False,,36.63,40.68
510208,22.93,215.2,fragile,True,,96.9,123.42
510209,2.67,142.4,books,False,SAVE10,10.25,10.75
510210,2.76,159.1,clothing,False,,13.48,13.48
510211,11.37,246.1,clothing,False,,35.04,35.03
510212,18.88,111.3,electronics,True,,78.34,78.32
510213,3.23,43.3,standard,False,,8.62,8.64
510214,24.92,243.5,food,True,,86.38,86.37
510215,17.95,15.2,fragile,False,,47.43,47.44
510216,0.85,250.5,fragile,True,SAVE10,40.31,67.35
510217,18.73,128.9,clothing,False,,43.9,43.9
510218,11.03,11.1,electronics,False,,33.64,33.64
510219,4.8,235.5,fragile,False,,24.26,24.26
510220,16.74,122.3,food,False,SAVE10,32.62,32.6
510221,18.02,126.6,food,False,,38.77,38.75
510222,15.72,5.6,electronics,True,,53.0,52.99
510223,6.7,288.2,food,False,SAVE10,23.82,23.81
510224,4.96,256.3,clothing,False,,22.74,22.72
510225,1.97,111.1,fragile,False,,10.68,10.67
510226,4.61,44.5,standard,False,,11.44,11.46
510227,9.33,278.4,food,True,SAVE10,57.2,57.2
510228,8.77,148.7,books,False,,21.47,23.21
510229,2.21,245.4,electronics,True,,48.44,48.45
510230,21.19,35.8,electronics,False,,65.36,65.36
510231,5.08,192.9,standard,True,SAVE10,39.69,39.67
510232,2.47,111.1,standard,False,,10.5,10.51
510233,5.61,89.7,books,True,,27.43,28.54
510234,11.33,251.9,food,True,,63.18,63.17
510235,15.8,35.8,standard,True,,41.97,41.97
510236,2.49,143.9,clothing,False,,12.18,12.16
510237,4.2,190.4,electronics,False,,22.12,22.12
510238,1.15,39.6,standard,False,SAVE10,3.85,3.84
510239,10.26,292.2,clothing,False,,35.13,35.12
510240,24.98,257.1,fragile,True,SAVE10,97.66,125.32
510241,19.64,297.7,food,True,,85.01,85.0
510242,21.39,265.0,fragile,False,,68.86,68.87
510243,22.89,214.8,food,False,,51.94,51.95
510244,5.92,131.2,books,False,,16.03,17.23
510245,16.36,120.7,fragile,False,,48.57,48.59
510246,10.71,28.6,food,False,,20.71,20.7
510247,9.4,60.2,food,False,SAVE10,17.94,17.95
510248,19.08,34.1,electronics,False,,58.94,58.95
510249,14.27,69.3,electronics,True,,58.21,58.21
510250,15.75,50.3,books,False,,27.72,30.86
510251,7.13,150.2,fragile,True,,46.07,66.09
510252,23.53,136.1,food,False,SAVE10,44.24,44.26
510253,16.57,16.0,food,True,SAVE10,33.5,33.51
510254,15.93,259.6,electronics,False,,60.77,60.78
510255,19.11,21.5,electronics,True,,65.56,65.55
510256,22.88,145.0,electronics,True,,95.39,95.38
510257,4.81,197.6,fragile,False,SAVE10,20.15,20.14
510258,6.97,268.8,fragile,True,,63.44,95.34
510259,24.32,199.6,clothing,False,,58.62,58.62
510260,17.01,294.2,books,True,,76.35,79.77
510261,22.27,179.9,standard,False,,53.54,53.53
510262,8.62,172.6,food,False,,24.15,24.14
510263,24.67,289.0,books,False,,53.92,58.85
510264,11.07,195.2,standard,False,SAVE10,28.71,28.71
510265,20.21,270.7,fragile,False,,66.08,66.08
510266,22.83,25.6,food,True,,49.93,49.93
510267,13.17,104.5,books,False,,26.3,28.93
510268,10.71,118.5,fragile,False,,33.77,33.76
510269,12.7,68.5,electronics,True,,53.37,53.39
510270,3.66,184.4,food,False,,15.81,15.81
510271,2.25,275.4,standard,False,SAVE10,16.44,16.43
510272,23.66,187.6,books,True,,71.0,75.72
510273,16.48,283.4,food,True,,77.17,77.18
510274,2.56,175.4,clothing,True,,36.43,36.45
510275,14.95,211.7,food,False,,37.5,37.5
510276,6.59,243.9,electronics,False,,31.96,31.97
510277,21.08,238.0,clothing,False,,54.06,54.08
510278,9.3,124.4,books,False,,21.1,22.94
510279,0.93,163.3,fragile,False,SAVE10,9.52,9.53
510280,16.8,126.2,fragile,False,SAVE10,44.99,44.98
510281,24.86,30.6,electronics,True,,84.17,84.17
510282,18.56,226.0,clothing,False,SAVE10,43.58,43.57
510283,24.05,76.6,fragile,False,,66.36,66.34
510284,3.0,232.3,fragile,True,,47.65,75.88
510285,7.65,116.0,clothing,False,SAVE10,18.99,18.99
510286,19.51,77.8,fragile,False,,54.62,54.6
510287,11.83,127.5,food,True,,45.42,45.43
510288,4.87,130.8,books,False,,14.33,15.3
510289,8.9,65.6,food,False,,19.3,19.29
510290,7.49,235.7,fragile,False,,31.26,31.27
510291,17.74,138.6,electronics,False,,60.15,60.14
510292,19.43,201.5,fragile,False,,60.59,60.58
510293,18.52,144.7,electronics,False,,62.8,62.79
510294,16.86,105.7,electronics,False,,55.86,55.85
510295,18.82,182.5,food,False,SAVE10,38.7,38.71
510296,23.12,275.2,clothing,False,,60.0,60.01
510297,6.96,83.3,clothing,False,,18.08,18.1
510298,7.32,220.4,books,False,,22.73,24.2
510299,24.55,6.7,food,False,SAVE10,40.07,40.08
510300,22.07,260.4,food,True,,83.79,83.78
510301,16.78,210.2,standard,False,SAVE10,39.66,39.65
510302,19.94,142.4,electronics,True,,86.18,86.18
510303,16.25,73.4,electronics,False,,52.42,52.43
510304,8.05,228.7,fragile,False,,32.36,32.38
510305,14.35,70.2,electronics,False,,46.56,46.55
510306,6.48,93.0,standard,False,,17.61,17.62
510307,2.91,69.6,electronics,False,,12.21,12.22
510308,8.8,14.9,electronics,False,,27.15,27.15
510309,20.31,119.5,electronics,True,,83.85,83.87
510310,3.9,151.2,food,False,SAVE10,13.12,13.13
510311,1.62,173.1,electronics,False,SAVE10,12.16,12.17
510312,6.27,277.7,food,True,,57.94,57.94
510313,19.72,48.4,clothing,True,,51.7,51.68
510314,22.13,172.7,clothing,False,SAVE10,47.61,47.61
510315,7.21,140.2,food,False,SAVE10,17.99,17.98
510316,24.03,15.6,standard,False,SAVE10,43.96,43.94
510317,12.21,183.5,clothing,True,SAVE10,51.25,51.23
510318,17.33,31.2,electronics,False,,53.55,53.55
510319,16.86,222.5,standard,False,SAVE10,40.36,40.36
510320,11.39,213.7,electronics,True,,71.23,71.22
510321,21.11,223.8,electronics,True,,101.9,101.91
510322,22.48,92.1,books,False,,40.57,45.07
510323,12.05,264.3,books,True,,63.93,66.34
510324,7.87,6.6,standard,False,,16.07,16.08
510325,23.45,263.9,books,False,SAVE10,45.64,49.85
510326,17.64,174.0,food,False,SAVE10,36.41,36.4
510327,9.41,235.3,books,False,,26.82,28.69
510328,4.51,100.8,books,True,,27.34,28.26
510329,10.17,144.9,food,True,,45.04,45.05
510330,11.38,43.7,fragile,True,,41.14,50.53
510331,20.44,30.8,standard,False,,42.42,42.43
510332,17.69,39.1,food,False,,33.8,33.81
510333,13.0,107.5,books,False,,26.18,28.76
510334,22.75,217.5,books,True,,74.03,78.56
510335,14.83,166.7,fragile,True,SAVE10,61.71,81.22
510336,21.66,45.0,clothing,False,,45.57,45.57
510337,2.08,144.5,electronics,True,,32.92,32.93
510338,2.45,270.4,books,False,,17.44,17.95
510339,21.56,30.4,books,False,,36.02,40.34
510340,18.51,254.0,books,False,,42.32,46.02
510341,6.85,184.6,clothing,False,,22.93,22.95
510342,3.45,201.1,books,False,SAVE10,14.02,14.65
510343,2.26,271.8,electronics,False,,20.37,20.36
510344,8.34,97.8,books,False,SAVE10,16.41,17.9
510345,22.2,138.5,clothing,False,,51.32,51.34
510346,5.2,215.9,books,False,,19.12,20.16
510347,6.6,285.7,fragile,False,,31.44,31.43
510348,20.87,210.3,clothing,False,SAVE10,47.03,47.04
510349,5.03,245.9,standard,False,,22.36,22.35
510350,6.36,65.8,fragile,False,SAVE10,17.84,17.83
510351,18.79,5.4,clothing,False,,37.85,37.87
510352,21.48,240.6,electronics,False,,76.47,76.46
510353,23.58,234.1,standard,False,SAVE10,52.98,52.99
510354,1.6,248.5,clothing,False,SAVE10,14.06,14.07
510355,8.58,210.9,standard,True,,53.8,53.79
510356,15.46,157.6,food,False,,35.71,35.71
510357,8.63,164.9,fragile,False,,30.68,30.68
510358,18.66,138.7,food,False,SAVE10,36.47,36.47
510359,6.02,16.8,clothing,True,SAVE10,17.6,17.59
510360,15.31,285.2,standard,False,,44.88,44.88
510361,4.47,141.1,electronics,True,,39.58,39.58
510362,4.19,34.5,fragile,True,,21.07,29.53
510363,20.04,68.6,clothing,False,,43.51,43.53
510364,15.88,292.2,clothing,False,,46.37,46.38
510365,14.41,171.9,clothing,True,SAVE10,53.64,53.64
510366,9.71,171.9,electronics,False,,37.72,37.74
510367,17.0,112.7,electronics,False,,56.64,56.62
510368,23.84,122.9,books,True,,61.58,66.34
510369,9.69,258.2,food,True,,61.17,61.19
510370,1.66,189.1,books,True,SAVE10,32.42,32.72
510371,6.81,78.2,clothing,False,,17.53,17.52
510372,19.63,170.3,fragile,True,,81.58,103.63
510373,7.79,170.2,books,False,,20.97,22.54
510374,18.98,5.4,clothing,True,,43.77,43.78
510375,5.49,194.1,fragile,False,,23.98,23.98
510376,15.11,112.3,electronics,False,,50.94,50.96
510377,9.46,283.3,books,False,SAVE10,26.37,28.06
510378,13.55,86.0,clothing,False,,31.4,31.39
510379,9.68,121.7,electronics,False,,35.12,35.11
510380,15.04,232.0,clothing,False,,41.68,41.66
510381,18.61,273.4,food,True,,79.51,79.49
510382,17.67,270.8,electronics,False,,66.55,66.54
510383,11.04,18.3,standard,True,,29.82,29.81
510384,1.41,284.7,clothing,False,,17.06,17.07
510385,20.77,34.4,fragile,False,,55.72,55.74
510386,3.11,197.3,food,False,,15.46,15.46
510387,9.79,45.9,clothing,False,,21.88,21.86
510388,19.82,225.3,clothing,False,,50.9,50.92
510389,24.5,128.8,fragile,True,,88.02,105.92
510390,18.3,225.7,food,False,SAVE10,39.8,39.8
510391,3.29,210.1,standard,True,,43.1,43.09
510392,24.14,7.1,standard,False,,48.64,48.65
510393,1.66,51.0,clothing,False,,5.87,5.87
510394,1.4,51.1,electronics,False,,6.75,6.77
510395,18.52,198.6,food,True,,68.13,68.14
510396,23.01,103.0,fragile,False,,64.98,64.96
510397,16.19,292.1,standard,False,,46.99,46.98
510398,21.95,282.8,electronics,False,,79.99,80.0
510399,16.37,149.5,standard,False,SAVE10,36.19,36.21
510400,2.57,242.2,food,False,,16.74,16.75
510401,15.67,206.6,books,False,,35.4,38.53
510402,19.27,77.6,clothing,False,SAVE10,38.18,38.17
510403,12.6,55.4,food,False,,25.45,25.45
510404,17.91,187.6,fragile,False,,55.95,55.96
510405,11.97,122.0,clothing,False,,30.04,30.03
510406,3.02,233.0,electronics,False,SAVE10,18.64,18.62
510407,21.62,191.1,food,True,,72.58,72.58
510408,5.56,276.8,food,False,,23.85,23.85
510409,5.52,32.5,books,True,SAVE10,16.84,17.81
510410,3.67,108.4,fragile,False,,14.96,14.95
510411,8.99,245.0,clothing,True,SAVE10,53.76,53.76
510412,10.35,84.1,books,False,,20.76,22.83
510413,5.36,36.1,food,False,,11.45,11.47
510414,4.49,107.0,fragile,True,,32.72,48.41
510415,11.56,46.9,electronics,False,,37.02,37.03
510416,0.8,189.6,electronics,False,,11.88,11.88
510417,12.55,20.3,standard,False,SAVE10,23.5,23.51
510418,3.12,48.7,clothing,False,,8.68,8.67
510419,3.77,68.9,clothing,False,,10.98,11.0
510420,3.44,264.5,books,True,,50.18,50.87
510421,21.24,116.7,fragile,False,,61.06,61.06
510422,20.48,218.6,standard,False,,51.89,51.88
510423,24.62,184.0,books,False,,48.59,53.5
510424,20.24,70.6,fragile,True,,68.21,80.29
510425,12.9,30.2,fragile,True,,43.07,51.08
510426,10.14,34.6,books,False,SAVE10,16.16,17.97
510427,14.83,252.2,clothing,True,,72.49,72.5
510428,15.93,106.7,clothing,True,,52.86,52.88
510429,24.72,155.6,food,False,,52.28,52.26
510430,8.71,72.8,fragile,True,SAVE10,34.71,45.76
510431,22.63,6.0,fragile,False,,59.14,59.12
510432,23.8,172.7,electronics,False,,80.04,80.04
510433,23.89,167.5,standard,False,SAVE10,50.54,50.55
510434,15.83,197.9,fragile,True,,75.84,100.63
510435,15.57,30.0,fragile,False,SAVE10,37.78,37.78
510436,24.91,250.7,food,True,SAVE10,78.7,78.69
510437,10.64,187.8,food,False,SAVE10,25.69,25.69
510438,19.51,104.8,food,False,SAVE10,36.32,36.33
510439,2.46,203.5,electronics,False,,17.56,17.55
510440,6.34,253.0,fragile,True,SAVE10,53.49,80.77
510441,12.84,35.7,fragile,False,,35.17,35.17
510442,18.54,16.5,standard,True,,44.56,44.56
510443,4.88,291.4,standard,True,,58.47,58.46
510444,20.57,229.4,fragile,True,,92.89,120.84
510445,14.58,270.8,standard,False,,42.7,42.71
510446,3.83,219.9,electronics,False,,22.48,22.5
510447,1.45,37.6,electronics,False,,6.23,6.24
510448,10.25,290.7,standard,True,,69.1,69.1
510449,20.64,263.8,fragile,False,,66.85,66.86
510450,24.43,45.1,standard,False,,51.12,51.11
510451,19.11,198.0,clothing,True,,72.92,72.92
510452,6.01,195.3,books,False,,19.38,20.58
510453,22.48,9.8,electronics,False,,67.93,67.93
510454,4.33,121.7,clothing,False,,14.74,14.76
510455,10.23,128.8,books,False,,22.81,24.85
510456,16.88,34.2,fragile,False,,45.6,45.59
510457,8.78,74.0,standard,False,,21.26,21.27
510458,8.56,82.8,clothing,False,,21.26,21.25
510459,11.11,36.7,electronics,True,SAVE10,39.45,39.43
510460,22.65,25.2,electronics,True,SAVE10,69.06,69.07
510461,11.97,125.0,clothing,True,,47.69,47.67
510462,2.64,90.1,clothing,True,,23.8,23.78
510463,9.22,22.3,electronics,False,,28.78,28.76
510464,14.86,23.6,standard,False,,30.9,30.89
510465,13.75,278.9,electronics,False,SAVE10,49.68,49.67
510466,23.92,191.6,clothing,False,,57.42,57.44
510467,12.96,48.0,books,False,,23.14,25.71
510468,19.86,172.8,food,False,,44.39,44.38
510469,18.88,62.5,fragile,False,,52.21,52.2
510470,11.92,86.7,food,True,,39.46,39.45
510471,10.77,103.8,food,False,,24.58,24.56
510472,11.77,53.2,clothing,False,,26.2,26.21
510473,3.43,185.5,fragile,True,,41.74,65.3
510474,2.62,169.8,standard,False,SAVE10,12.36,12.34
510475,3.3,150.2,clothing,False,,14.11,14.12
510476,3.7,112.6,standard,False,SAVE10,11.73,11.73
510477,2.51,83.7,standard,False,SAVE10,8.28,8.28
510478,10.21,113.1,food,True,SAVE10,36.31,36.3
510479,4.14,206.1,clothing,False,,18.58,18.57
510480,24.46,88.4,electronics,True,,91.64,91.65
510481,10.46,159.1,books,False,,24.69,26.78
510482,0.61,131.9,clothing,False,,7.82,7.82
510483,16.68,273.9,fragile,True,,89.45,121.83
510484,18.02,287.1,fragile,False,,61.21,61.22
510485,23.73,193.5,standard,False,,57.14,57.14
510486,6.49,15.9,standard,True,,20.37,20.36
510487,8.29,266.6,clothing,True,,61.57,61.57
510488,18.83,105.3,fragile,False,,54.22,54.22
510489,15.83,230.0,food,False,,39.99,39.99
510490,15.81,149.7,clothing,True,,59.08,59.09
510491,23.4,85.2,fragile,False,,65.1,65.11
510492,24.91,89.3,books,False,,44.32,49.3
510493,0.71,7.9,standard,False,,1.82,1.8
510494,10.0,149.8,standard,False,,27.49,27.51
510495,23.62,117.8,fragile,False,,67.3,67.32
510496,0.94,51.2,fragile,True,,15.12,25.24
510497,8.8,255.9,food,False,,28.64,28.63
510498,19.23,180.8,food,True,SAVE10,60.06,60.05
510499,2.34,229.2,food,True,,43.59,43.6
510500,14.9,229.8,fragile,True,,78.21,106.19
510501,23.04,213.2,books,True,,73.84,78.44
510502,13.59,219.9,fragile,False,,46.33,46.34
510503,0.61,293.3,standard,True,,50.22,50.23
510504,3.28,141.5,fragile,False,,15.6,15.61
510505,10.52,270.5,clothing,False,SAVE10,31.11,31.09
510506,0.8,133.6,books,False,,7.96,8.12
510507,16.69,228.3,electronics,True,SAVE10,80.38,80.39
510508,7.1,92.1,standard,False,,18.8,18.79
510509,8.89,252.2,standard,True,SAVE10,54.55,54.53
510510,19.7,98.6,standard,False,,44.33,44.33
510511,18.49,88.3,electronics,True,SAVE10,66.34,66.33
510512,20.11,85.0,books,True,,49.93,53.95
510513,5.15,138.9,electronics,False,,22.4,22.39
510514,8.92,78.0,clothing,False,,21.74,21.75
510515,16.09,47.5,fragile,True,SAVE10,48.56,57.34
510516,12.8,105.5,food,True,,43.87,43.85
510517,20.26,153.8,food,True,,64.54,64.53
510518,10.62,276.5,food,False,,32.94,32.94
510519,22.81,178.9,food,True,,72.89,72.91
510520,5.9,164.5,standard,True,,41.47,41.47
510521,16.53,231.0,electronics,False,,61.14,61.14
510522,20.1,116.2,standard,True,,62.63,62.64
510523,24.72,27.0,standard,False,SAVE10,45.71,45.69
510524,9.77,39.9,fragile,False,,27.4,27.41
510525,22.16,259.9,fragile,False,SAVE10,63.55,63.54
510526,15.26,48.3,standard,False,,32.94,32.94
510527,16.21,24.5,books,False,,27.16,30.4
510528,6.79,28.7,standard,False,,15.02,15.01
510529,22.03,128.9,standard,False,,50.5,50.5
510530,2.14,184.3,clothing,False,,13.5,13.49
510531,24.78,33.3,books,False,,41.31,46.27
510532,14.39,63.2,fragile,True,,51.89,63.21
510533,14.76,186.6,fragile,False,,47.71,47.71
510534,4.79,188.1,books,False,,17.07,18.02
510535,17.05,11.0,books,False,SAVE10,25.05,28.1
510536,4.31,183.6,standard,False,,17.8,17.81
510537,20.96,178.6,food,False,,46.66,46.68
510538,18.81,213.8,clothing,False,SAVE10,43.48,43.47
510539,4.63,135.9,standard,True,,34.65,34.65
510540,19.82,132.0,clothing,True,SAVE10,58.0,58.01
510541,16.01,197.6,standard,True,,66.66,66.66
510542,7.76,223.4,food,True,,52.48,52.5
510543,16.75,144.7,food,False,,37.39,37.37
510544,17.54,85.4,standard,False,,39.35,39.34
510545,12.74,269.1,standard,True,,70.84,70.85
510546,17.49,173.5,fragile,False,,54.15,54.15
510547,19.88,224.4,clothing,True,,78.42,78.41
510548,22.35,175.6,food,False,,49.01,49.0
510549,20.85,296.9,books,True,,82.9,87.05
510550,3.14,62.5,clothing,True,,20.66,20.64
510551,21.6,181.9,clothing,True,,75.48,75.47
510552,23.77,35.1,food,True,SAVE10,47.75,47.74
510553,12.33,176.1,books,True,,51.14,53.61
510554,22.69,103.5,electronics,False,,73.24,73.26
510555,5.99,198.9,standard,False,SAVE10,19.73,19.73
510556,1.49,86.7,electronics,True,,22.48,22.48
510557,11.44,172.1,fragile,False,,38.35,38.34
510558,3.44,234.1,food,False,,17.9,17.91
510559,3.71,63.6,food,False,,9.86,9.87
510560,11.38,229.1,food,False,,31.94,31.94
510561,24.36,10.3,standard,False,SAVE10,44.31,44.3
510562,13.24,281.7,standard,False,,40.56,40.56
510563,24.7,160.0,electronics,True,,103.1,103.1
510564,12.97,293.2,clothing,True,,74.92,74.93
510565,11.85,145.5,clothing,True,SAVE10,45.47,45.47
510566,1.01,84.4,books,True,,19.28,19.49
510567,2.54,206.7,standard,False,,15.42,15.4
510568,21.92,140.3,standard,False,,50.86,50.84
510569,17.34,89.9,fragile,False,,49.58,49.59
510570,14.32,124.9,electronics,False,,49.2,49.21
510571,22.33,257.7,standard,False,,57.54,57.53
510572,16.43,66.7,standard,False,,36.2,36.19
510573,7.41,40.5,standard,False,,16.84,16.84
510574,21.71,12.3,electronics,False,,65.74,65.74
510575,18.36,211.7,fragile,False,,58.32,58.33
510576,2.47,60.8,electronics,False,SAVE10,9.4,9.41
510577,20.87,81.3,electronics,True,SAVE10,71.82,71.82
510578,9.44,222.1,electronics,False,,39.42,39.41
510579,21.21,13.0,fragile,False,,55.8,55.78
510580,20.73,251.0,fragile,True,,96.55,126.66
510581,22.74,123.0,fragile,False,,65.27,65.27
510582,3.28,226.7,clothing,False,SAVE10,16.11,16.11
510583,18.52,250.1,clothing,True,,79.56,79.56
510584,8.17,108.6,standard,False,,21.77,21.75
510585,21.51,228.9,books,False,,45.86,50.17
510586,3.32,181.2,electronics,True,,42.14,42.15
510587,21.97,102.6,food,False,,44.68,44.67
510588,24.33,244.6,books,True,SAVE10,72.56,76.92
510589,13.16,119.8,books,True,,44.03,46.66
510590,13.94,33.9,electronics,False,,43.52,43.52
510591,15.47,121.3,clothing,True,,54.14,54.14
510592,22.49,65.1,standard,False,,48.24,48.25
510593,2.66,159.4,standard,False,,13.29,13.28
510594,21.38,166.8,clothing,True,,72.78,72.77
510595,9.05,209.0,clothing,False,,28.55,28.54
510596,10.45,279.1,fragile,False,,41.12,41.13
510597,21.89,187.1,fragile,True,,89.98,113.71
510598,3.49,23.4,standard,False,,8.15,8.14
510599,4.02,48.2,fragile,False,SAVE10,11.58,11.59
510600,17.18,214.4,food,True,,68.08,68.07
510601,18.38,33.7,food,True,,43.14,43.15
510602,6.02,254.9,books,False,,22.38,23.6
510603,17.49,52.6,electronics,False,,55.1,55.11
510604,9.24,228.6,electronics,False,SAVE10,35.24,35.24
510605,1.17,122.3,electronics,False,,9.62,9.62
510606,6.93,186.4,books,True,,44.05,45.43
510607,4.45,53.1,electronics,False,,16.01,16.0
510608,11.56,192.8,books,False,,28.14,30.46
510609,11.6,149.7,food,False,,28.36,28.37
510610,9.93,210.2,fragile,False,,36.33,36.33
510611,22.78,84.8,food,False,,45.24,45.24
510612,9.93,126.8,fragile,False,,32.16,32.15
510613,5.19,227.1,food,False,SAVE10,18.63,18.64
510614,23.71,225.6,standard,False,,58.7,58.7
510615,16.19,223.0,food,True,,67.59,67.59
510616,23.82,31.1,standard,False,,49.2,49.18
510617,11.56,296.1,clothing,True,,72.54,72.54
510618,15.33,144.2,standard,False,,37.87,37.86
510619,8.55,118.9,fragile,False,,28.18,28.19
510620,24.09,116.6,electronics,False,SAVE10,70.29,70.29
510621,7.26,193.7,electronics,True,,55.84,55.82
510622,23.31,249.0,fragile,False,,73.06,73.06
510623,8.87,15.7,books,False,,14.98,16.76
510624,19.31,223.2,standard,False,SAVE10,44.8,44.8
510625,16.36,180.5,books,False,,35.2,38.49
510626,19.56,114.2,fragile,False,,56.57,56.58
510627,5.5,98.1,electronics,False,,21.4,21.39
510628,24.98,17.3,clothing,True,,57.56,57.57
510629,12.67,273.3,clothing,False,,39.01,38.99
510630,2.34,142.3,clothing,True,,31.03,31.01
510631,17.22,227.7,fragile,True,,83.93,111.71
510632,2.41,24.5,electronics,False,SAVE10,7.61,7.6
510633,16.38,184.5,books,True,SAVE10,52.99,55.94
510634,18.07,70.2,fragile,True,SAVE10,56.26,67.08
510635,5.48,246.0,food,False,,22.16,22.16
510636,3.34,227.6,standard,False,,18.06,18.05
510637,3.8,251.8,standard,False,SAVE10,18.17,18.18
510638,16.6,67.4,books,False,SAVE10,26.94,29.93
510639,18.8,211.9,food,False,,44.44,44.43
510640,23.03,66.0,clothing,False,,49.36,49.35
510641,8.46,276.3,books,False,,27.35,29.06
510642,2.9,107.8,electronics,False,,14.09,14.09
510643,15.93,70.1,food,False,SAVE10,28.96,28.94
510644,20.99,167.8,food,True,SAVE10,61.16,61.16
510645,18.29,203.6,books,False,SAVE10,35.5,38.79
510646,12.51,235.4,books,False,,31.79,34.27
510647,7.08,236.6,books,False,,23.16,24.59
510648,18.37,181.2,standard,False,,45.8,45.82
510649,21.48,88.7,food,False,,43.1,43.09
510650,5.87,197.4,food,False,,20.44,20.44
510651,17.9,96.0,fragile,False,,51.34,51.33
510652,19.39,125.2,food,False,,41.16,41.16
510653,24.92,44.6,books,False,,42.1,47.1
510654,9.7,259.9,books,False,,28.52,30.47
510655,10.13,276.6,books,False,,30.04,32.05
510656,1.59,176.9,standard,True,,34.72,34.7
510657,4.42,83.0,food,True,,25.41,25.42
510658,18.74,241.8,electronics,False,,68.31,68.32
510659,7.17,287.6,standard,False,SAVE10,25.85,25.87
510660,22.83,180.1,standard,True,,77.68,77.68
510661,8.31,218.8,food,True,,52.78,52.77
510662,20.01,266.9,clothing,True,,85.06,85.06
510663,9.33,54.2,standard,True,,31.79,31.78
510664,19.03,241.1,books,False,,42.5,46.31
510665,11.24,42.5,books,False,,20.11,22.34
510666,5.67,188.1,fragile,False,,24.15,24.15
510667,5.54,286.6,clothing,False,,25.41,25.41
510668,7.52,133.8,food,False,,20.23,20.22
510669,3.42,220.8,food,True,,44.28,44.29
510670,21.74,76.6,electronics,False,,69.05,69.03
510671,23.09,52.4,electronics,False,,71.89,71.88
510672,20.01,71.8,clothing,False,,43.61,43.6
510673,0.62,16.2,electronics,False,SAVE10,2.4,2.38
510674,22.12,89.3,books,True,,53.79,58.19
510675,19.97,246.4,fragile,False,,64.24,64.22
510676,21.13,30.7,electronics,True,,73.0,73.0
510677,15.96,209.3,food,False,,39.19,39.18
510678,5.59,177.0,electronics,False,SAVE10,23.06,23.06
510679,7.8,61.6,standard,True,,29.84,29.84
510680,10.03,118.5,books,True,,38.82,40.82
510681,5.02,266.8,clothing,True,,55.06,55.04
510682,1.18,124.5,electronics,False,,9.76,9.75
510683,23.86,213.4,standard,True,,84.73,84.73
510684,10.04,239.6,clothing,False,SAVE10,28.85,28.87
510685,15.4,250.0,electronics,True,SAVE10,79.83,79.83
510686,3.13,158.9,food,False,SAVE10,12.22,12.23
510687,21.5,126.8,clothing,True,,67.02,67.02
510688,18.91,82.4,electronics,False,,60.85,60.85
510689,1.49,121.7,books,False,,8.47,8.75
510690,5.43,44.2,standard,False,,13.07,13.07
510691,18.73,137.7,electronics,False,,63.08,63.06
510692,1.89,270.6,food,False,,16.93,16.92
510693,1.08,217.5,electronics,False,SAVE10,12.7,12.69
510694,3.4,282.8,standard,True,,54.22,54.23
510695,3.98,163.1,clothing,False,,16.11,16.11
510696,19.46,15.2,books,False,,31.9,35.78
510697,19.67,118.9,fragile,True,,73.98,90.87
510698,14.51,272.7,standard,True,SAVE10,67.43,67.44
510699,7.98,215.6,clothing,True,,53.3,53.29
510700,19.7,73.1,food,False,,39.12,39.11
510701,16.04,294.2,fragile,True,,90.83,125.27
510702,2.0,173.4,books,False,,11.87,12.28
510703,5.12,110.7,food,True,,30.82,30.81
510704,17.54,75.3,fragile,False,,49.37,49.37
510705,14.37,34.6,food,False,,27.6,27.61
510706,10.16,242.8,fragile,False,,38.56,38.55
510707,13.49,127.1,standard,False,,33.34,33.33
510708,6.45,163.1,electronics,False,SAVE10,24.75,24.76
510709,14.86,94.9,books,True,SAVE10,38.71,41.38
510710,3.89,15.5,fragile,True,,17.44,24.0
510711,24.68,237.8,clothing,False,,61.25,61.26
510712,20.68,145.0,electronics,False,,69.29,69.29
510713,12.68,183.4,books,False,,29.46,31.99
510714,24.46,284.8,standard,True,,96.64,96.63
510715,17.11,98.0,fragile,False,,49.39,49.38
510716,14.67,70.3,food,False,SAVE10,26.93,26.93
510717,16.34,42.0,fragile,False,,44.58,44.58
510718,17.7,275.8,books,True,,74.69,78.22
510719,24.76,39.7,electronics,True,SAVE10,76.71,76.7
510720,19.71,272.4,fragile,False,,64.87,64.88
510721,6.32,272.5,books,True,,55.99,57.23
510722,1.95,103.9,clothing,False,SAVE10,8.19,8.18
510723,23.05,209.4,electronics,False,,79.62,79.63
510724,18.58,209.0,standard,False,,47.61,47.6
510725,14.78,30.0,electronics,False,,45.84,45.83
510726,12.49,255.5,fragile,False,,45.25,45.25
510727,23.76,61.6,standard,False,,50.6,50.59
510728,1.53,5.5,standard,False,,3.34,3.35
510729,4.3,236.9,electronics,False,,24.74,24.75
510730,8.27,26.2,standard,True,,25.47,25.48
510731,24.94,206.5,fragile,False,SAVE10,67.65,67.67
510732,17.53,245.1,fragile,True,,87.34,116.86
510733,15.22,157.3,clothing,False,,38.3,38.29
510734,8.9,12.0,fragile,False,,23.74,23.72
510735,4.37,111.4,books,False,,12.56,13.44
510736,0.91,255.4,food,False,,14.41,14.42
510737,3.98,211.7,books,False,SAVE10,15.26,15.97
510738,4.76,243.4,clothing,False,SAVE10,19.52,19.52
510739,13.02,105.7,electronics,False,,44.34,44.33
510740,9.47,293.7,standard,True,,68.0,68.01
510741,24.46,119.8,clothing,False,,54.91,54.9
510742,23.07,151.5,fragile,False,,67.56,67.56
510743,14.1,168.9,standard,True,SAVE10,52.68,52.69
510744,4.57,211.4,clothing,False,,19.71,19.7
510745,8.28,227.7,fragile,False,,32.91,32.91
510746,1.15,99.4,books,False,,6.81,7.02
510747,16.72,59.2,food,False,,33.06,33.07
510748,9.93,254.8,electronics,True,,73.01,73.01
510749,23.2,81.0,food,False,SAVE10,41.23,41.23
510750,8.25,81.0,electronics,False,,28.8,28.81
510751,21.36,15.2,food,False,SAVE10,35.29,35.29
510752,10.15,12.8,food,True,,25.19,25.19
510753,16.51,41.5,clothing,False,,35.1,35.08
510754,9.2,101.5,food,False,,21.64,21.63
510755,20.32,48.5,clothing,True,,52.92,52.93
510756,5.99,246.0,electronics,True,SAVE10,53.88,53.88
510757,4.42,131.1,clothing,False,,15.4,15.39
510758,1.77,299.5,books,False,,17.81,18.17
510759,9.84,22.5,standard,False,,20.8,20.82
510760,18.48,170.0,food,False,SAVE10,37.59,37.58
510761,11.83,299.6,fragile,False,,45.74,45.73
510762,21.16,262.0,clothing,False,,55.42,55.43
510763,14.87,123.0,food,False,,32.92,32.9
510764,13.58,266.1,clothing,False,,40.47,40.45
510765,12.72,298.6,standard,False,,40.37,40.38
510766,1.48,49.0,standard,False,,5.41,5.39
510767,14.97,150.5,books,False,,31.48,34.48
510768,5.18,14.0,food,False,SAVE10,9.02,9.04
510769,2.52,56.5,books,False,SAVE10,6.17,6.64
510770,3.0,125.8,fragile,False,SAVE10,12.68,12.7
510771,4.55,12.0,books,False,,7.88,8.8
510772,15.7,214.1,electronics,False,,57.8,57.81
510773,7.51,243.2,standard,False,,27.18,27.2
510774,7.73,162.9,fragile,False,,28.24,28.25
510775,10.62,42.4,standard,True,,32.6,32.62
510776,23.94,222.4,electronics,False,,82.94,82.95
510777,6.82,261.8,books,False,,24.0,25.35
510778,7.87,183.8,standard,False,,24.93,24.91
510779,6.65,20.5,books,False,SAVE10,10.5,11.71
510780,8.21,34.8,standard,True,SAVE10,23.98,23.99
510781,7.8,222.7,food,False,,25.17,25.17
510782,20.85,229.0,electronics,True,,101.9,101.9
510783,24.49,94.6,clothing,True,,68.17,68.17
510784,10.14,152.0,clothing,False,SAVE10,25.09,25.1
510785,21.76,187.0,electronics,False,,74.63,74.63
510786,3.1,293.3,food,False,,20.24,20.23
510787,12.31,255.1,clothing,False,SAVE10,33.64,33.62
510788,20.65,254.4,electronics,False,,74.67,74.68
510789,2.71,227.0,electronics,False,,19.48,19.48
510790,24.97,204.3,food,True,SAVE10,72.53,72.52
510791,10.28,151.0,standard,False,,28.11,28.12
510792,12.73,295.3,electronics,False,SAVE10,47.66,47.66
510793,23.67,42.3,books,False,,39.99,44.71
510794,23.04,210.6,food,True,,78.06,78.05
510795,5.62,188.5,books,False,,18.42,19.53
510796,11.67,13.2,books,False,,19.33,21.68
510797,18.51,263.4,standard,False,,50.19,50.19
510798,11.77,170.7,standard,True,,54.14,54.15
510799,23.53,255.1,standard,False,,59.82,59.81
510800,5.4,228.7,fragile,True,,53.34,81.21
510801,24.4,41.2,standard,False,SAVE10,45.77,45.76
510802,15.73,124.0,electronics,False,SAVE10,48.05,48.05
510803,15.54,274.6,fragile,True,,86.59,119.04
510804,17.24,286.8,fragile,True,,92.84,126.53
510805,6.99,152.7,electronics,False,,28.6,28.61
510806,11.38,63.5,clothing,False,,25.94,25.94
510807,5.86,167.7,electronics,True,,47.74,47.73
510808,20.25,194.6,clothing,False,,50.23,50.23
510809,8.61,260.2,fragile,False,,35.4,35.39
510810,4.01,220.8,books,False,SAVE10,15.71,16.42
510811,22.29,19.6,electronics,False,SAVE10,61.07,61.05
510812,8.93,123.5,books,True,,37.81,39.62
510813,23.78,267.0,standard,False,,60.91,60.92
510814,11.41,47.9,standard,False,,25.22,25.21
510815,16.45,40.3,books,False,,28.34,31.61
510816,19.75,234.0,standard,True,,79.6,79.6
510817,13.14,47.0,electronics,True,,51.47,51.46
510818,23.63,77.6,books,False,,41.69,46.4
510819,20.33,245.7,electronics,False,SAVE10,65.95,65.93
510820,22.35,37.4,books,False,,37.63,42.09
510821,13.53,249.5,fragile,False,,47.65,47.67
510822,3.67,63.7,food,False,,9.79,9.77
510823,4.74,279.2,standard,False,SAVE10,21.1,21.1
510824,4.08,270.5,clothing,True,,53.74,53.74
510825,13.59,142.8,food,True,,50.88,50.9
510826,23.79,263.5,electronics,False,,84.54,84.56
510827,14.05,190.9,fragile,False,,46.08,46.09
510828,11.03,73.7,food,False,,23.54,23.55
510829,3.26,268.9,fragile,False,,21.92,21.9
510830,9.69,215.6,books,False,,26.28,28.24
510831,5.01,11.9,standard,True,,16.8,16.8
510832,11.68,61.1,standard,True,,37.52,37.54
510833,11.74,84.8,electronics,True,,52.94,52.93
510834,23.39,299.6,fragile,True,,110.75,145.71
510835,10.2,260.5,food,True,,62.44,62.44
510836,22.14,157.0,standard,False,,52.13,52.13
510837,1.53,267.8,standard,True,SAVE10,43.41,43.42
510838,8.98,201.3,standard,False,,28.02,28.02
510839,18.19,238.4,standard,True,,77.14,77.16
510840,11.45,291.3,standard,False,,37.47,37.46
510841,2.44,245.4,food,True,,46.2,46.2
510842,9.24,71.1,food,False,,20.19,20.18
510843,14.06,231.3,clothing,False,,39.68,39.67
510844,23.92,229.8,clothing,False,,59.33,59.35
510845,6.31,12.9,food,False,SAVE10,10.8,10.8
510846,2.69,114.5,fragile,True,,29.17,45.64
510847,19.06,69.0,clothing,True,,53.47,53.46
510848,15.58,157.8,clothing,False,,39.05,39.04
510849,9.06,10.1,electronics,False,,27.68,27.68
510850,10.08,53.3,books,False,,18.79,20.79
510851,8.54,202.8,standard,False,SAVE10,24.5,24.49
510852,16.75,192.8,standard,True,,67.42,67.41
510853,21.71,97.3,books,False,,39.6,43.96
510854,7.84,210.2,clothing,False,SAVE10,23.57,23.59
510855,22.79,105.8,food,False,,46.31,46.31
510856,10.76,91.1,electronics,False,,36.84,36.83
510857,12.54,205.5,electronics,False,,47.9,47.89
510858,6.78,35.1,electronics,False,SAVE10,19.89,19.89
510859,2.63,109.3,clothing,False,SAVE10,9.65,9.64
510860,5.43,93.1,standard,False,SAVE10,13.96,13.97
510861,6.65,116.9,food,False,,17.82,17.8
510862,11.22,89.5,fragile,False,,33.65,33.65
510863,12.6,239.2,standard,False,,37.16,37.17
510864,21.2,12.1,electronics,False,,64.2,64.22
510865,9.31,157.0,food,True,,45.31,45.3
510866,19.26,109.1,food,False,,40.12,40.11
510867,6.72,66.1,electronics,False,,23.46,23.48
510868,12.21,233.2,fragile,False,SAVE10,39.07,39.08
510869,2.38,295.8,electronics,False,SAVE10,19.74,19.72
510870,22.36,285.7,electronics,False,,81.36,81.35
510871,9.14,152.1,books,False,SAVE10,20.01,21.64
510872,16.2,263.9,food,True,,73.74,73.73
510873,14.27,257.5,food,False,SAVE10,34.7,34.71
510874,12.46,260.7,food,False,,35.46,35.47
510875,6.36,150.9,food,False,,18.99,19.01
510876,20.69,296.5,books,False,,47.93,52.07
510877,12.08,230.4,books,True,,58.89,61.32
510878,3.73,272.7,clothing,False,,21.1,21.08
510879,2.95,180.8,fragile,False,,16.71,16.72
510880,12.84,159.6,clothing,False,,33.66,33.64
510881,14.35,193.9,books,False,,32.66,35.54
510882,7.27,85.9,standard,True,,32.43,32.44
510883,6.25,25.3,food,False,,12.52,12.5
510884,20.84,253.0,food,False,SAVE10,45.15,45.13
510885,17.26,32.3,clothing,True,,44.37,44.35
510886,4.02,61.4,clothing,True,,22.25,22.24
510887,20.3,9.3,clothing,True,,47.0,47.0
510888,1.91,202.6,clothing,False,SAVE10,12.56,12.56
510889,21.15,153.2,clothing,True,,70.28,70.27
510890,21.0,39.3,fragile,False,,56.56,56.56
510891,3.53,84.9,electronics,False,,14.84,14.83
510892,24.78,123.2,fragile,False,,70.59,70.6
510893,22.56,224.1,fragile,False,,69.86,69.88
510894,4.88,50.4,clothing,False,SAVE10,11.05,11.05
510895,16.51,255.0,food,False,SAVE10,38.22,38.23
510896,11.89,184.3,clothing,False,,33.0,32.98
510897,4.04,250.0,electronics,False,,24.62,24.6
510898,5.56,5.3,food,True,,15.8,15.81
510899,5.55,288.5,food,True,SAVE10,52.44,52.45
510900,16.96,57.4,food,True,,44.14,44.12
510901,14.51,237.6,clothing,False,SAVE10,36.81,36.82
510902,24.28,126.8,clothing,False,,54.9,54.9
510903,8.0,198.5,standard,True,SAVE10,45.7,45.71
510904,12.28,262.3,food,False,SAVE10,31.7,31.71
510905,9.61,186.3,clothing,False,,28.54,28.53
510906,9.86,295.4,clothing,True,,69.03,69.04
510907,14.8,258.7,fragile,False,,51.42,51.4
510908,19.75,250.1,electronics,False,,71.76,71.74
510909,17.25,261.4,electronics,False,SAVE10,58.34,58.32
510910,3.32,12.0,fragile,False,,9.23,9.23
510911,7.26,149.8,books,False,,19.11,20.54
510912,15.85,287.2,fragile,False,,55.57,55.57
510913,19.16,240.3,food,False,SAVE10,41.85,41.84
510914,21.76,193.7,food,True,SAVE10,65.9,65.89
510915,9.35,138.7,fragile,False,,31.24,31.24
510916,11.74,24.7,books,False,SAVE10,18.02,20.12
510917,1.68,126.6,fragile,False,,10.7,10.69
510918,13.22,265.9,books,True,,66.04,68.68
510919,7.95,188.8,standard,True,,49.22,49.23
510920,13.39,55.6,food,True,,37.44,37.43
510921,15.21,273.8,electronics,False,,59.32,59.32
510922,4.7,7.7,standard,False,,9.78,9.79
510923,2.35,43.5,fragile,False,,8.28,8.27
510924,17.97,229.2,fragile,True,,86.1,114.04
510925,18.19,221.0,standard,False,,47.43,47.41
510926,24.7,74.2,standard,False,,53.11,53.1
510927,12.84,145.8,electronics,False,,45.81,45.83
510928,2.15,86.1,electronics,False,,10.76,10.75
510929,2.39,19.2,fragile,False,,7.17,7.16
510930,24.28,263.3,books,False,,52.01,56.89
510931,18.51,255.9,books,False,,42.41,46.11
510932,4.55,172.9,electronics,True,,44.59,44.57
510933,10.87,173.1,books,True,,48.36,50.52
510934,5.29,157.2,standard,False,,18.44,18.44
510935,19.53,172.3,electronics,True,,89.44,89.43
510936,18.43,176.7,clothing,False,,45.7,45.7
510937,23.21,293.6,electronics,False,,84.31,84.31
510938,16.61,268.1,books,False,,39.98,43.3
510939,10.42,157.1,books,False,,24.53,26.61
510940,22.83,263.0,standard,False,SAVE10,52.93,52.94
510941,9.89,46.7,books,False,,18.16,20.12
510942,18.53,175.4,standard,False,,45.83,45.84
510943,5.88,57.4,clothing,False,SAVE10,13.17,13.18
510944,7.28,187.0,books,False,,21.0,22.46
510945,15.32,64.7,standard,False,SAVE10,30.49,30.48
510946,7.7,228.4,fragile,False,SAVE10,28.3,28.29
510947,21.57,264.5,fragile,False,,69.31,69.31
510948,13.15,285.3,books,True,,68.84,71.47
510949,23.25,155.0,books,True,,65.45,70.11
510950,15.24,257.2,fragile,False,,52.48,52.47
510951,14.62,91.3,fragile,False,,42.58,42.58
510952,12.91,106.7,clothing,False,,31.16,31.15
510953,5.26,286.1,fragile,False,,27.98,27.98
510954,9.09,253.1,books,False,,27.2,29.03
510955,22.45,102.5,fragile,False,,63.5,63.48
510956,17.1,195.0,standard,False,,43.95,43.96
510957,19.37,47.2,books,False,,33.35,37.22
510958,10.68,189.0,clothing,False,,30.81,30.8
510959,5.46,88.9,fragile,True,,32.53,46.44
510960,19.98,18.8,clothing,True,,47.78,47.79
510961,10.73,107.5,fragile,True,SAVE10,44.12,58.29
510962,19.57,141.8,books,True,,57.58,61.48
510963,2.15,50.3,clothing,True,,16.84,16.85
510964,9.13,296.9,books,True,,64.14,65.97
510965,16.43,41.3,clothing,True,SAVE10,39.65,39.65
510966,23.31,278.9,clothing,True,,93.46,93.46
510967,5.42,13.2,fragile,True,,21.07,27.39
510968,24.56,8.5,fragile,False,SAVE10,57.85,57.87
510969,17.04,70.3,books,False,,30.78,34.18
510970,5.4,64.0,food,False,,12.92,12.93
510971,0.87,245.8,food,False,,13.86,13.86
510972,23.25,198.5,books,True,,71.97,76.64
510973,17.05,42.4,food,False,SAVE10,29.53,29.53
510974,18.2,171.1,clothing,False,SAVE10,40.46,40.45
510975,10.63,61.9,clothing,True,,35.54,35.55
510976,2.65,231.8,books,True,,44.01,44.54
510977,12.22,55.0,electronics,True,,49.91,49.92
510978,16.27,140.6,electronics,True,,74.9,74.92
510979,7.3,270.2,standard,False,,28.11,28.11
510980,24.01,114.0,food,True,,65.32,65.32
510981,19.46,46.7,electronics,False,,60.72,60.73
510982,0.95,212.0,fragile,False,,13.07,13.08
510983,7.72,183.5,food,False,,23.07,23.09
510984,22.56,137.4,food,False,,47.48,47.47
510985,18.81,54.7,fragile,False,SAVE10,46.48,46.49
510986,20.16,200.7,food,True,,71.39,71.39
510987,5.11,278.5,fragile,True,SAVE10,54.05,83.6
510988,22.08,292.3,clothing,False,SAVE10,52.9,52.92
510989,16.63,61.7,standard,True,,47.52,47.51
510990,10.41,241.4,standard,False,,32.89,32.9
510991,17.23,278.4,standard,True,,81.22,81.23
510992,6.49,129.7,fragile,False,,23.36,23.36
510993,22.49,81.2,food,False,,44.54,44.55
510994,2.43,287.4,standard,True,,52.97,52.97
510995,7.06,109.7,books,False,,16.78,18.19
510996,18.1,76.3,clothing,True,,52.64,52.66
510997,10.75,80.2,standard,False,SAVE10,22.96,22.95
510998,22.14,137.8,fragile,False,,64.45,64.46
510999,20.76,210.9,standard,False,,52.07,52.06
511000,17.17,137.1,fragile,False,SAVE10,46.35,46.34
511001,9.32,131.8,clothing,False,,25.23,25.22
511002,11.26,64.6,electronics,False,,37.01,37.0
511003,8.62,115.6,books,False,,19.57,21.29
511004,8.15,291.0,fragile,False,,35.74,35.75
511005,0.8,72.6,standard,False,,5.23,5.22
511006,6.84,34.7,books,False,,12.68,14.03
511007,17.55,47.7,electronics,False,,55.04,55.03
511008,13.78,179.2,fragile,True,,67.71,90.63
511009,8.6,266.1,standard,False,,30.51,30.49
511010,8.49,14.8,electronics,False,,26.21,26.22
511011,4.9,87.8,fragile,False,,17.13,17.13
511012,2.38,263.7,clothing,False,,17.94,17.96
511013,4.3,37.3,food,True,,18.34,18.32
511014,15.74,179.1,fragile,False,SAVE10,44.89,44.9
511015,23.27,148.3,fragile,True,,87.75,107.56
511016,17.33,73.8,clothing,True,SAVE10,45.66,45.64
511017,8.95,219.3,fragile,True,SAVE10,55.05,79.29
511018,14.29,56.8,books,False,,25.7,28.55
511019,3.77,39.6,clothing,False,,9.52,9.52
511020,2.52,23.5,fragile,False,SAVE10,6.95,6.95
511021,2.04,280.1,electronics,True,,53.14,53.14
511022,14.38,63.1,clothing,False,,31.92,31.91
511023,14.86,47.5,fragile,True,,50.76,60.5
511024,4.3,111.0,fragile,False,,16.73,16.74
511025,23.59,59.4,books,False,,40.71,45.43
511026,3.94,140.6,books,False,,13.33,14.13
511027,12.99,25.2,books,True,,29.56,32.15
511028,16.4,67.6,food,False,,32.9,32.88
511029,1.27,208.0,standard,False,,12.94,12.95
511030,7.14,171.2,clothing,True,,44.96,44.96
511031,13.55,264.5,fragile,True,,79.9,111.37
511032,17.1,33.4,food,False,SAVE10,29.2,29.21
511033,17.21,191.6,fragile,False,,54.33,54.34
511034,16.7,145.5,fragile,True,,70.24,89.81
511035,2.29,93.5,standard,True,SAVE10,21.24,21.24
511036,1.91,122.6,clothing,True,,27.21,27.22
511037,21.58,256.1,food,True,,82.26,82.28
511038,4.11,295.8,clothing,True,,57.59,57.58
511039,9.39,181.4,clothing,False,,27.85,27.85
511040,21.1,191.6,standard,False,,51.78,51.8
511041,1.59,27.5,food,False,,4.24,4.22
511042,21.51,14.4,clothing,True,SAVE10,45.16,45.16
511043,16.52,170.4,food,False,SAVE10,34.43,34.44
511044,9.99,26.1,fragile,True,SAVE10,31.4,38.26
511045,6.38,293.6,clothing,False,,27.44,27.44
511046,13.27,39.6,electronics,False,,41.79,41.79
511047,20.7,40.4,food,True,,48.32,48.31
511048,5.45,177.9,clothing,True,SAVE10,38.33,38.32
511049,6.55,146.9,electronics,False,,26.99,27.01
511050,12.74,198.9,electronics,True,,73.06,73.04
511051,20.35,209.9,clothing,False,,51.2,51.18
511052,10.71,105.0,standard,False,,26.67,26.68
511053,10.57,68.4,clothing,False,,24.56,24.57
511054,24.09,152.7,fragile,False,,70.27,70.27
511055,13.6,53.2,standard,False,SAVE10,26.87,26.89
511056,19.77,154.2,fragile,True,,79.53,99.94
511057,17.0,242.1,standard,False,,46.1,46.11
511058,13.93,36.0,electronics,False,,43.59,43.57
511059,11.14,184.6,clothing,False,,31.51,31.49
511060,16.53,14.4,fragile,False,,43.7,43.69
511061,20.89,233.6,fragile,False,,65.99,66.0
511062,4.03,211.3,clothing,False,,18.62,18.61
511063,7.11,244.2,standard,True,,55.85,55.85
511064,5.67,235.5,standard,False,,23.12,23.1
511065,20.35,208.3,standard,False,,51.12,51.1
511066,8.43,189.7,books,False,,22.97,24.68
511067,11.49,104.3,electronics,False,,39.68,39.68
511068,13.08,52.1,food,True,,36.36,36.35
511069,23.94,279.4,food,False,SAVE10,51.36,51.36
511070,0.59,280.8,electronics,True,,48.89,48.89
511071,5.03,102.8,standard,False,,15.2,15.19
511072,21.78,280.5,books,False,,48.87,53.21
511073,11.7,179.7,books,False,,27.7,30.03
511074,9.5,60.1,books,False,,18.21,20.12
511075,23.62,48.7,fragile,False,,63.85,63.86
511076,3.12,122.5,food,False,SAVE10,10.57,10.58
511077,0.88,123.7,electronics,True,,26.2,26.2
511078,22.71,86.2,fragile,True,,76.98,90.58
511079,20.59,115.7,standard,False,,46.96,46.98
511080,13.67,87.9,standard,True,,45.52,45.51
511081,7.01,298.4,clothing,False,,28.94,28.94
511082,19.56,30.6,standard,False,,40.65,40.63
511083,4.36,229.0,electronics,False,,24.53,24.52
511084,10.95,56.4,standard,True,SAVE10,31.82,31.81
511085,4.7,140.5,electronics,False,,21.12,21.12
511086,10.47,84.4,food,False,,23.07,23.06
511087,0.64,192.5,standard,False,,10.9,10.91
511088,11.75,219.5,clothing,True,,61.42,61.41
511089,11.59,132.4,clothing,False,,29.8,29.8
511090,24.56,176.3,standard,False,,57.94,57.92
511091,9.79,222.4,fragile,True,,63.81,91.05
511092,13.53,70.0,electronics,False,,44.09,44.11
511093,4.2,292.0,books,True,,55.52,56.35
511094,7.41,293.0,clothing,False,,29.47,29.47
511095,6.13,157.3,fragile,True,,44.53,65.25
511096,24.35,34.4,clothing,False,,50.42,50.42
511097,3.63,197.2,electronics,True,SAVE10,40.92,40.92
511098,16.24,193.2,standard,True,,66.46,66.46
511099,20.88,127.5,fragile,False,,60.66,60.68
511100,23.59,20.7,electronics,True,,78.88,78.86
511101,17.78,62.8,food,False,,35.14,35.12
511102,4.93,39.5,books,True,,18.81,19.81
511103,23.04,123.9,books,False,,43.06,47.67
511104,13.15,63.4,books,False,SAVE10,21.79,24.15
511105,13.43,152.1,clothing,True,SAVE10,49.21,49.19
511106,22.36,217.8,fragile,True,,95.81,122.6
511107,0.89,219.3,clothing,False,,12.74,12.73
511108,18.13,292.4,clothing,False,,50.88,50.89
511109,19.15,261.0,electronics,False,SAVE10,63.45,63.43
511110,16.92,80.7,fragile,False,,48.03,48.03
511111,5.25,96.1,fragile,True,,33.06,47.67
511112,22.88,149.7,food,False,,48.67,48.68
511113,6.37,193.7,books,False,,19.88,21.14
511114,8.44,212.6,books,False,,24.13,25.8
511115,20.95,60.6,books,True,,47.61,51.79
511116,23.06,191.0,food,True,,75.16,75.16
511117,6.96,224.1,food,False,SAVE10,21.36,21.35
511118,12.24,190.8,electronics,False,,46.26,46.27
511119,21.32,256.1,books,False,,46.92,51.19
511120,13.68,50.4,food,True,,37.18,37.2
511121,6.08,43.2,fragile,False,SAVE10,16.17,16.16
511122,9.6,55.3,food,True,,30.58,30.56
511123,15.99,78.7,clothing,True,SAVE10,43.91,43.9
511124,18.24,245.2,food,False,,45.09,45.09
511125,8.05,61.3,clothing,False,SAVE10,17.25,17.26
511126,5.15,27.1,food,False,,10.63,10.64
511127,19.62,181.2,clothing,False,SAVE10,43.47,43.46
511128,7.94,22.2,electronics,False,SAVE10,22.44,22.43
511129,6.52,256.9,books,False,,23.28,24.58
511130,7.56,207.9,electronics,False,,33.08,33.09
511131,6.16,49.9,food,False,,13.58,13.6
511132,3.78,180.0,fragile,False,,18.83,18.84
511133,9.94,229.4,books,True,,55.31,57.32
511134,5.11,142.1,fragile,True,,39.6,58.82
511135,16.36,168.8,food,True,,59.77,59.76
511136,3.03,297.8,standard,True,SAVE10,50.16,50.14
511137,9.24,170.4,standard,True,,49.04,49.03
511138,23.74,263.4,books,False,,51.15,55.91
511139,11.73,26.3,food,True,,30.06,30.05
511140,22.35,139.1,electronics,False,,74.01,73.99
511141,6.09,64.2,electronics,False,SAVE10,19.33,19.34
511142,19.75,250.2,clothing,False,,52.01,52.01
511143,2.61,279.6,food,True,,51.64,51.64
511144,23.81,78.8,electronics,False,,75.37,75.37
511145,24.07,291.8,books,False,,53.1,57.9
511146,17.45,239.7,food,False,,43.4,43.41
511147,5.47,100.3,standard,True,,30.98,30.99
511148,19.06,59.2,clothing,False,,41.08,41.09
511149,20.21,274.5,clothing,False,,54.14,54.14
511150,16.53,203.6,books,False,,36.63,39.94
511151,19.52,208.4,electronics,True,,94.82,94.83
511152,6.71,293.7,standard,True,,62.48,62.47
511153,19.63,258.3,fragile,False,,63.95,63.94
511154,6.02,171.4,books,False,,18.2,19.41
511155,12.9,205.0,fragile,False,SAVE10,39.41,39.42
511156,10.19,195.7,fragile,True,,60.85,85.43
511157,5.73,6.4,clothing,True,SAVE10,15.68,15.68
511158,6.81,42.4,clothing,False,,15.74,15.74
511159,22.18,30.6,food,True,,49.51,49.52
511160,2.01,198.1,standard,False,,13.92,13.92
511161,12.54,292.5,clothing,False,,39.7,39.72
511162,12.32,213.3,books,False,,30.38,32.86
511163,3.22,116.9,clothing,True,SAVE10,26.08,26.1
511164,2.55,42.0,electronics,False,,9.75,9.73
511165,11.2,229.6,fragile,True,,68.56,96.54
511166,9.28,93.4,food,False,,21.37,21.39
511167,6.84,196.7,standard,False,,23.52,23.52
511168,6.75,16.4,electronics,False,,21.07,21.05
511169,6.11,220.2,fragile,False,,26.9,26.9
511170,16.13,81.2,food,True,,46.21,46.23
511171,24.44,260.7,food,False,,57.03,57.02
511172,8.01,177.5,electronics,True,,55.66,55.65
511173,10.29,71.8,electronics,False,SAVE10,31.01,31.0
511174,17.59,263.0,electronics,False,,65.92,65.92
511175,8.02,185.7,books,True,,45.69,47.29
511176,3.6,221.0,books,False,,16.81,17.55
511177,16.4,292.0,electronics,False,,63.8,63.78
511178,9.19,150.0,fragile,False,,31.39,31.38
511179,0.59,219.0,clothing,False,,12.13,12.13
511180,8.55,272.0,electronics,False,,39.25,39.24
511181,22.05,81.3,clothing,True,SAVE10,55.17,55.17
511182,1.8,104.6,fragile,True,SAVE10,22.83,36.73
511183,22.34,271.9,standard,True,,90.46,90.48
511184,15.55,60.5,electronics,False,,49.68,49.68
511185,20.9,165.9,standard,False,,50.1,50.09
511186,14.25,225.6,food,False,,36.93,36.92
511187,17.91,214.9,food,False,,42.98,42.99
511188,22.22,70.9,food,True,,55.63,55.62
511189,4.71,153.7,food,True,,36.53,36.53
511190,3.2,145.7,food,False,,13.05,13.03
511191,14.5,139.1,standard,True,,54.86,54.87
511192,12.24,194.5,food,True,,56.21,56.21
511193,13.25,29.8,standard,False,,27.99,27.99
511194,9.32,66.6,fragile,True,,39.22,50.87
511195,24.51,96.0,books,True,,58.62,63.51
511196,15.3,141.3,books,False,,31.55,34.59
511197,15.46,185.8,standard,False,,40.21,40.21
511198,1.2,58.9,books,False,SAVE10,4.38,4.58
511199,7.28,20.5,fragile,True,,27.0,34.05
511200,7.42,125.8,standard,False,,21.13,21.15
511201,24.82,260.5,standard,False,SAVE10,56.4,56.4
511202,3.87,98.7,fragile,False,,15.0,14.98
511203,12.88,207.1,fragile,False,,43.84,43.85
511204,18.42,26.6,standard,False,SAVE10,34.35,34.33
511205,15.73,172.3,fragile,False,,49.51,49.51
511206,19.16,35.9,standard,False,,40.12,40.11
511207,9.36,105.5,books,False,SAVE10,18.23,19.92
511208,4.49,108.0,electronics,False,,18.87,18.86
511209,6.08,77.8,books,True,,26.4,27.6
511210,13.96,44.2,food,False,,27.34,27.36
511211,13.24,201.6,fragile,True,,69.66,94.84
511212,10.46,113.4,electronics,False,,37.05,37.06
511213,23.01,264.5,electronics,False,,82.26,82.27
511214,10.32,63.5,standard,True,SAVE10,31.65,31.65
511215,5.7,211.6,food,False,,20.84,20.86
511216,15.23,87.6,fragile,False,SAVE10,39.58,39.59
511217,14.76,35.4,fragile,True,,48.69,57.23
511218,19.73,109.0,food,False,,40.96,40.97
511219,14.22,259.7,standard,False,,41.42,41.42
511220,0.69,233.3,fragile,True,,41.79,70.1
511221,12.36,52.4,books,False,,22.4,24.86
511222,5.01,16.3,books,True,,15.46,16.46
511223,6.25,80.8,fragile,True,,33.37,46.46
511224,19.37,71.9,books,True,,46.78,50.66
511225,24.09,239.2,standard,False,SAVE10,54.13,54.12
511226,21.87,128.1,fragile,True,SAVE10,72.97,89.0
511227,6.27,161.2,food,True,,40.47,40.47
511228,10.94,207.8,food,False,,30.08,30.08
511229,21.59,278.0,standard,False,,57.08,57.08
511230,21.11,25.8,food,False,SAVE10,35.36,35.35
511231,1.92,109.1,food,False,SAVE10,8.02,8.02
511232,7.32,21.2,clothing,True,,22.82,22.84
511233,15.01,191.5,clothing,False,,39.6,39.58
511234,5.29,128.7,books,False,SAVE10,13.41,14.37
511235,1.0,102.5,food,False,,6.92,6.92
511236,5.91,173.3,fragile,True,,46.36,68.71
511237,13.77,125.1,electronics,True,,65.08,65.08
511238,18.01,193.0,clothing,True,SAVE10,62.97,62.97
511239,18.59,93.2,electronics,True,,74.75,74.75
511240,14.37,7.5,food,False,,26.24,26.23
511241,15.17,288.2,fragile,True,,87.67,121.5
511242,13.26,25.7,books,True,,30.07,32.74
511243,19.96,241.7,fragile,False,,63.98,63.97
511244,16.43,136.1,food,False,,36.38,36.39
511245,17.22,98.2,electronics,False,,56.57,56.58
511246,22.63,211.0,books,False,,46.76,51.27
511247,3.38,82.7,fragile,False,SAVE10,11.63,11.63
511248,1.44,74.3,electronics,True,SAVE10,18.42,18.44
511249,13.53,279.5,standard,True,,73.98,73.97
511250,11.43,56.5,clothing,False,,25.68,25.68
511251,22.75,274.9,food,False,SAVE10,49.23,49.24
511252,8.06,107.0,books,False,,18.25,19.84
511253,17.07,192.7,food,False,SAVE10,36.32,36.32
511254,17.53,209.4,electronics,False,,63.06,63.04
511255,6.34,62.5,fragile,True,,30.86,42.12
511256,0.71,84.8,books,False,,5.38,5.53
511257,10.75,192.5,electronics,False,SAVE10,37.69,37.68
511258,5.45,45.8,clothing,False,,13.19,13.18
511259,5.17,25.4,fragile,False,,14.71,14.71
511260,11.78,9.9,food,True,,27.69,27.7
511261,4.89,276.1,electronics,False,,28.48,28.49
511262,14.22,243.3,food,True,,67.09,67.09
511263,15.59,298.0,standard,True,SAVE10,72.79,72.79
511264,12.02,85.9,books,True,,37.12,39.54
511265,14.33,179.4,fragile,False,,46.23,46.24
511266,5.34,114.3,books,False,,14.26,15.31
511267,14.6,243.0,standard,True,,70.65,70.66
511268,21.42,109.5,books,True,,55.7,59.99
511269,21.29,258.0,fragile,False,,68.25,68.27
511270,3.2,204.0,standard,False,,16.6,16.61
511271,8.45,79.5,food,False,,19.18,19.2
511272,18.08,31.2,standard,False,,37.72,37.72
511273,14.98,150.8,standard,False,,37.5,37.48
511274,9.97,285.0,food,False,,32.2,32.19
511275,20.92,267.1,standard,True,,86.91,86.91
511276,22.43,210.1,standard,False,,55.36,55.35
511277,14.28,131.4,books,False,,29.42,32.27
511278,6.62,162.0,fragile,False,,25.31,25.3
511279,24.08,243.6,books,True,,80.07,84.87
511280,12.27,235.6,clothing,True,,64.88,64.87
511281,8.98,110.0,food,True,SAVE10,33.9,33.89
511282,3.61,223.6,food,False,,17.68,17.7
511283,23.6,220.4,fragile,False,,72.38,72.38
511284,17.42,98.4,standard,False,,39.76,39.75
511285,2.24,114.4,fragile,False,,11.54,11.52
511286,4.95,226.9,food,False,,20.26,20.24
511287,23.15,105.0,clothing,False,SAVE10,46.4,46.38
511288,2.35,255.7,clothing,False,,17.48,17.48
511289,17.06,193.0,clothing,False,,43.77,43.77
511290,14.45,149.6,electronics,True,,70.79,70.81
511291,12.75,189.4,clothing,True,,58.91,58.89
511292,17.44,55.7,clothing,False,,37.67,37.68
511293,8.74,97.1,electronics,False,SAVE10,27.97,27.96
511294,15.84,212.1,clothing,False,SAVE10,38.06,38.05
511295,21.98,165.7,books,False,,43.45,47.84
511296,14.53,275.5,fragile,False,,51.55,51.57
511297,13.36,235.8,food,True,,64.42,64.42
511298,15.48,59.5,fragile,False,SAVE10,38.9,38.91
511299,5.06,107.3,standard,True,,31.22,31.23
511300,8.67,166.2,books,False,,22.18,23.93
511301,18.05,111.7,standard,False,,41.68,41.69
511302,14.41,12.0,books,True,,29.86,32.73
511303,3.39,124.7,books,False,,11.66,12.34
511304,21.77,75.2,fragile,False,,60.36,60.36
511305,10.58,143.2,clothing,False,,28.32,28.32
511306,6.55,133.1,books,False,,17.14,18.46
511307,4.16,154.1,books,False,,14.36,15.21
511308,23.16,57.3,fragile,False,,63.08,63.07
511309,18.4,226.2,standard,True,,75.73,75.74
511310,8.08,271.1,standard,True,,61.82,61.84
511311,5.22,165.5,electronics,False,SAVE10,21.54,21.54
511312,21.36,6.7,electronics,False,,64.41,64.41
511313,4.09,141.8,fragile,False,,17.72,17.72
511314,13.28,168.9,books,False,,29.69,32.35
511315,16.87,101.3,clothing,False,,38.8,38.79
511316,23.48,216.4,electronics,False,SAVE10,73.13,73.13
511317,17.31,10.9,standard,False,,35.16,35.15
511318,3.14,204.3,clothing,False,,16.5,16.5
511319,13.25,89.9,fragile,False,,38.94,38.95
511320,22.82,124.2,electronics,False,SAVE10,67.2,67.19
511321,7.12,35.4,clothing,False,SAVE10,14.41,14.42
511322,2.66,32.4,food,True,,14.65,14.67
511323,1.93,180.1,food,False,,12.48,12.48
511324,20.94,133.0,standard,True,SAVE10,60.15,60.16
511325,23.38,145.5,electronics,False,,77.42,77.42
511326,11.8,97.4,electronics,False,,40.27,40.29
511327,8.0,177.2,books,False,,21.66,23.26
511328,10.24,110.9,fragile,False,,32.17,32.18
511329,4.86,150.2,standard,True,,37.25,37.24
511330,11.19,287.3,books,False,,32.27,34.5
511331,12.06,21.4,standard,True,,32.33,32.31
511332,13.57,190.1,clothing,True,,60.66,60.64
511333,3.07,261.0,clothing,False,,19.19,19.21
511334,24.37,293.8,books,False,SAVE10,48.31,52.69
511335,15.84,161.3,food,False,,36.58,36.58
511336,14.53,161.5,fragile,False,SAVE10,41.27,41.26
511337,20.75,214.0,books,False,,43.9,48.06
511338,1.7,86.7,clothing,True,,21.4,21.39
511339,14.87,160.4,books,True,,52.85,55.83
511340,9.55,244.4,electronics,False,,40.87,40.86
511341,16.21,200.9,electronics,False,,58.68,58.69
511342,23.49,20.4,clothing,False,,48.0,48.0
511343,2.21,230.0,electronics,True,,46.13,46.12
511344,4.74,24.4,standard,False,,10.7,10.69
511345,9.1,253.3,food,False,,29.04,29.06
511346,13.58,82.8,standard,False,,31.3,31.29
511347,20.79,160.3,fragile,False,SAVE10,55.86,55.85
511348,18.48,155.6,electronics,False,,63.22,63.24
511349,13.95,212.4,standard,True,,64.76,64.77
511350,5.22,143.6,fragile,True,,40.11,59.45
511351,12.84,151.8,standard,True,,53.45,53.46
511352,11.28,282.6,fragile,False,,43.46,43.47
511353,3.27,107.3,books,False,,10.6,11.25
511354,22.91,185.8,fragile,False,,68.86,68.84
511355,21.11,258.1,electronics,False,SAVE10,68.61,68.63
511356,15.53,253.3,clothing,True,,74.06,74.05
511357,6.55,79.3,food,False,,15.76,15.76
511358,14.63,291.5,fragile,False,,52.61,52.6
511359,8.42,13.1,electronics,True,,32.22,32.23
511360,16.38,138.0,clothing,False,,39.66,39.67
511361,1.41,219.1,standard,False,,13.78,13.78
511362,15.28,207.3,books,True,,60.54,63.58
511363,14.21,123.7,books,False,,28.92,31.77
511364,23.17,145.7,electronics,False,,76.8,76.78
511365,14.49,14.6,clothing,True,,36.17,36.17
511366,19.67,277.1,electronics,False,,72.87,72.87
511367,5.94,222.9,standard,True,,50.32,50.3
511368,14.04,181.3,food,False,SAVE10,30.9,30.91
511369,8.43,215.3,fragile,False,,32.68,32.69
511370,24.64,180.0,clothing,False,,58.28,58.26
511371,23.96,22.1,clothing,False,SAVE10,44.12,44.11
511372,6.51,96.4,fragile,False,SAVE10,19.57,19.56
511373,15.78,247.7,clothing,False,SAVE10,39.55,39.56
511374,2.24,215.2,books,True,,40.86,41.31
511375,13.93,118.5,food,True,,47.85,47.84
511376,24.63,255.3,electronics,False,,86.66,86.67
511377,3.92,112.2,clothing,False,,13.45,13.44
511378,18.37,277.3,clothing,False,SAVE10,45.54,45.54
511379,13.13,261.1,electronics,False,,52.44,52.45
511380,24.84,40.8,books,False,,41.78,46.74
511381,10.51,100.9,fragile,False,,32.37,32.36
511382,20.77,69.5,standard,True,SAVE10,51.27,51.29
511383,15.12,277.8,electronics,False,,59.25,59.23
511384,20.1,258.5,standard,False,,53.12,53.12
511385,21.38,72.2,electronics,False,SAVE10,60.98,60.99
511386,16.37,5.8,standard,True,,38.61,38.59
511387,9.07,195.5,books,True,,48.84,50.65
511388,15.1,82.5,food,False,SAVE10,28.17,28.16
511389,19.86,49.6,food,False,SAVE10,34.41,34.42
511390,20.6,262.8,food,False,,50.22,50.23
511391,15.98,76.4,food,False,,32.58,32.6
511392,11.67,31.2,food,True,SAVE10,27.62,27.61
511393,2.56,240.6,food,False,,16.64,16.63
511394,3.33,141.0,standard,False,,13.71,13.72
511395,16.31,59.9,clothing,False,SAVE10,32.05,32.06
511396,10.19,5.0,books,False,,16.55,18.59
511397,17.08,144.6,electronics,True,,77.93,77.93
511398,13.26,88.1,food,True,,42.08,42.09
511399,10.27,37.7,electronics,True,,41.46,41.46
511400,5.51,215.4,food,False,,20.69,20.68
511401,21.26,260.6,food,True,,82.36,82.37
511402,7.16,193.8,books,True,,45.53,46.96
511403,15.96,269.7,standard,False,,45.4,45.42
511404,2.99,213.7,fragile,False,SAVE10,16.61,16.61
511405,24.1,143.1,standard,True,SAVE10,67.2,67.2
511406,4.24,15.6,food,False,SAVE10,7.57,7.58
511407,12.84,87.9,fragile,False,,37.78,37.79
511408,20.39,106.8,food,False,,42.04,42.03
511409,6.2,184.8,books,False,,19.16,20.4
511410,16.31,143.4,standard,True,,59.13,59.12
511411,10.5,91.5,clothing,False,,25.58,25.57
511412,24.08,154.0,fragile,True,,90.71,111.1
511413,3.78,172.2,clothing,False,,16.17,16.17
511414,5.19,275.9,books,True,,54.69,55.71
511415,13.86,240.3,electronics,False,,53.6,53.61
511416,17.19,253.4,standard,False,,47.05,47.03
511417,14.61,87.1,fragile,True,SAVE10,50.45,62.78
511418,4.97,155.7,clothing,False,,17.73,17.74
511419,12.51,262.7,clothing,True,,69.42,69.42
511420,2.09,56.8,electronics,False,,9.11,9.09
511421,16.99,42.4,fragile,True,,55.53,64.76
511422,8.56,189.0,fragile,True,,55.61,79.5
511423,24.05,87.0,clothing,False,,52.45,52.46
511424,10.3,115.8,books,False,SAVE10,20.04,21.89
511425,1.76,178.6,books,False,,11.75,12.11
511426,0.8,257.4,food,False,SAVE10,12.88,12.89
511427,8.57,113.4,fragile,True,SAVE10,39.86,54.58
511428,6.91,59.8,fragile,False,,20.96,20.94
511429,23.79,78.5,books,True,,54.84,59.6
511430,19.62,253.4,food,False,,47.99,48.0
511431,9.5,37.8,standard,True,,29.67,29.69
511432,6.87,232.3,books,False,,22.61,24.0
511433,2.16,298.1,clothing,True,,54.04,54.03
511434,3.53,167.3,standard,False,,15.42,15.43
511435,18.69,223.9,books,False,,41.1,44.82
511436,1.89,216.5,clothing,False,,14.6,14.61
511437,19.73,254.4,food,False,,48.23,48.23
511438,10.17,273.4,standard,True,SAVE10,59.72,59.7
511439,17.24,227.1,food,True,,70.1,70.11
511440,15.6,194.1,books,False,,34.66,37.8
511441,3.17,113.7,clothing,False,SAVE10,10.82,10.82
511442,19.01,42.2,clothing,False,,40.13,40.12
511443,22.0,36.3,standard,False,,45.82,45.8
511444,3.21,120.8,clothing,True,,29.54,29.53
511445,24.28,245.7,books,False,,51.13,55.97
511446,20.25,126.1,fragile,True,SAVE10,68.91,84.77
511447,15.33,169.0,clothing,False,,39.11,39.11
511448,17.55,225.3,electronics,False,,63.92,63.9
511449,1.63,126.0,fragile,False,,10.54,10.56
511450,6.07,273.4,food,False,,24.6,24.6
511451,22.7,259.7,books,False,,49.3,53.86
511452,21.64,187.1,fragile,False,,65.62,65.63
511453,5.83,139.1,clothing,False,SAVE10,16.75,16.75
511454,13.9,280.9,standard,True,,74.94,74.95
511455,8.94,141.1,food,True,,42.26,42.26
511456,5.08,161.3,fragile,False,,21.27,21.29
511457,19.65,26.6,electronics,True,SAVE10,61.15,61.16
511458,17.06,170.4,clothing,False,,42.64,42.64
511459,2.18,214.5,books,True,,40.66,41.09
511460,16.88,186.6,books,False,,36.34,39.71
511461,0.81,181.1,electronics,False,,11.48,11.48
511462,2.85,298.3,food,False,,20.05,20.06
511463,10.65,76.2,electronics,True,,48.38,48.37
511464,1.36,284.5,fragile,False,,17.76,17.78
511465,13.24,295.6,clothing,False,,41.26,41.26
511466,17.24,118.5,electronics,False,,57.64,57.63
511467,6.83,162.1,standard,False,,21.76,21.78
511468,17.58,76.2,fragile,True,,62.14,74.76
511469,2.25,152.1,electronics,False,,14.36,14.35
511470,2.67,260.6,clothing,True,SAVE10,44.49,44.49
511471,12.71,279.8,electronics,False,,52.12,52.12
511472,1.2,209.7,electronics,False,,14.08,14.08
511473,19.08,290.6,standard,False,,52.69,52.68
511474,22.34,55.6,electronics,False,,69.8,69.8
511475,0.67,210.5,books,False,,11.6,11.75
511476,20.08,150.6,clothing,True,SAVE10,60.98,60.96
511477,14.46,13.7,food,False,,26.71,26.7
511478,24.38,23.6,standard,False,SAVE10,44.95,44.96
511479,20.11,161.7,food,True,,65.45,65.46
511480,22.63,21.6,standard,False,,46.34,46.32
511481,21.44,217.4,electronics,False,,75.19,75.2
511482,21.4,51.0,electronics,False,SAVE10,60.07,60.08
511483,19.06,158.5,books,False,,38.42,42.21
511484,22.7,110.2,food,False,,46.37,46.37
511485,2.62,47.9,fragile,False,,9.21,9.2
511486,20.2,187.3,clothing,True,,73.5,73.49
511487,17.11,86.8,clothing,False,,38.56,38.58
511488,9.39,251.1,fragile,True,,67.08,97.2
511489,11.21,244.1,clothing,True,,64.04,64.05
511490,3.26,128.7,clothing,False,,12.95,12.96
511491,8.12,198.6,electronics,False,,34.29,34.31
511492,18.01,283.3,standard,True,SAVE10,75.16,75.16
511493,14.01,168.9,food,False,,33.66,33.66
511494,23.21,229.6,food,True,,81.22,81.22
511495,6.75,47.9,food,True,,24.34,24.32
511496,6.11,145.3,standard,False,,19.48,19.49
511497,18.57,199.9,clothing,True,,72.12,72.14
511498,23.94,222.2,books,False,,49.41,54.2
511499,9.49,236.2,standard,False,,30.79,30.79
511500,10.14,264.0,books,False,,29.42,31.44
511501,1.84,229.1,electronics,False,SAVE10,15.28,15.29
511502,6.24,184.7,fragile,False,,25.46,25.46
511503,22.78,280.1,standard,False,SAVE10,53.61,53.6
511504,24.43,182.6,food,False,,53.1,53.11
511505,12.53,283.5,food,True,,70.08,70.09
511506,21.42,139.2,fragile,False,,62.65,62.63
511507,5.8,125.9,electronics,False,,23.7,23.71
511508,16.38,121.5,electronics,False,,55.22,55.22
511509,22.88,47.2,electronics,False,,71.0,71.0
511510,9.07,20.4,clothing,True,,26.2,26.21
511511,16.13,29.3,standard,False,,33.72,33.74
511512,18.73,26.4,fragile,False,,50.02,50.04
511513,3.95,243.1,fragile,False,,22.43,22.42
511514,6.85,238.7,fragile,False,,29.74,29.75
511515,15.03,270.6,electronics,False,,58.62,58.64
511516,6.85,163.1,books,True,SAVE10,36.38,37.6
511517,4.43,296.9,electronics,False,,28.14,28.12
511518,4.45,261.5,fragile,True,,55.8,86.93
511519,19.68,265.0,food,False,,48.67,48.66
511520,11.77,262.2,electronics,True,,79.64,79.64
511521,14.11,287.7,clothing,False,,42.6,42.62
511522,16.07,54.9,standard,False,,34.88,34.87
511523,8.46,66.4,clothing,False,,20.24,20.24
511524,16.61,181.4,fragile,True,,75.4,98.54
511525,11.57,156.3,books,False,SAVE10,23.69,25.78
511526,2.77,108.6,clothing,False,SAVE10,9.87,9.87
511527,13.33,210.0,fragile,False,,45.16,45.16
511528,12.73,152.2,electronics,False,,45.8,45.8
511529,17.38,153.6,standard,False,,42.44,42.45
511530,24.01,156.7,clothing,False,,55.86,55.86
511531,1.68,50.1,books,False,,5.19,5.51
511532,15.6,253.5,clothing,True,,74.22,74.22
511533,17.74,11.1,standard,False,SAVE10,32.43,32.44
511534,12.25,91.9,books,False,SAVE10,21.78,23.98
511535,11.08,203.1,fragile,False,,38.96,38.97
511536,17.93,137.8,food,True,SAVE10,52.15,52.15
511537,13.76,115.0,standard,False,,33.27,33.29
511538,10.7,64.3,fragile,False,SAVE10,27.93,27.94
511539,16.56,225.0,food,True,,68.56,68.55
511540,15.37,291.8,electronics,True,,94.88,94.89
511541,2.66,296.9,fragile,True,SAVE10,50.81,82.03
511542,9.29,214.2,electronics,False,SAVE10,34.72,34.72
511543,22.4,132.1,books,False,,42.44,46.93
511544,4.4,291.8,clothing,False,,23.39,23.38
511545,13.28,274.1,books,False,,34.95,37.63
511546,16.11,133.0,food,False,,35.65,35.63
511547,3.44,283.0,books,False,SAVE10,17.69,18.32
511548,5.4,234.6,books,False,SAVE10,18.33,19.32
511549,8.41,21.9,standard,True,,25.1,25.11
511550,15.19,238.3,electronics,False,,57.48,57.47
511551,3.59,269.7,electronics,False,,24.26,24.26
511552,19.29,89.8,clothing,True,,57.05,57.04
511553,17.21,267.1,standard,False,SAVE10,43.0,43.01
511554,20.18,49.9,standard,False,,42.86,42.85
511555,6.41,224.7,food,False,SAVE10,20.5,20.49
511556,13.77,187.1,food,True,,57.85,57.85
511557,21.54,22.4,books,False,,35.58,39.9
511558,11.2,225.5,food,False,,31.44,31.44
511559,14.47,262.0,books,False,,36.25,39.14
511560,10.55,290.0,clothing,False,,35.6,35.61
511561,18.63,59.9,standard,True,,51.24,51.24
511562,15.88,131.5,standard,False,,38.34,38.34
511563,18.91,218.2,books,True,SAVE10,61.19,64.58
511564,24.25,186.2,clothing,True,,81.43,81.44
511565,19.58,236.0,fragile,False,,62.71,62.7
511566,14.53,49.4,electronics,False,,46.06,46.06
511567,6.73,290.4,books,False,,25.29,26.64
511568,13.07,37.8,electronics,False,SAVE10,36.99,36.97
511569,23.69,282.8,electronics,True,,118.49,118.48
511570,24.63,177.0,clothing,True,,80.81,80.81
511571,3.51,46.3,clothing,False,,9.33,9.32
511572,16.98,12.9,fragile,False,,44.79,44.8
511573,1.05,205.5,fragile,False,,13.0,13.02
511574,3.14,212.1,food,True,,42.47,42.46
511575,9.6,209.1,food,True,,53.64,53.66
511576,2.87,44.0,standard,False,,7.94,7.92
511577,16.44,94.0,fragile,False,,47.44,47.46
511578,12.72,44.7,food,True,,34.6,34.59
511579,9.94,249.2,food,True,,60.27,60.28
511580,21.35,251.8,standard,False,,55.29,55.31
511581,9.22,180.5,books,False,,23.78,25.64
511582,6.55,129.4,electronics,False,,26.12,26.1
511583,7.46,292.4,electronics,False,SAVE10,33.3,33.29
511584,1.05,110.8,clothing,False,,7.64,7.64
511585,18.2,10.2,electronics,False,,55.11,55.12
511586,16.31,200.3,electronics,False,,58.94,58.96
511587,10.68,153.0,books,False,,24.74,26.87
511588,20.52,38.2,books,False,,34.74,38.83
511589,8.61,130.0,standard,False,,23.72,23.72
511590,5.75,274.8,fragile,True,SAVE10,55.05,84.3
511591,1.31,200.2,electronics,False,,13.94,13.96
511592,4.85,139.4,standard,True,SAVE10,32.05,32.03
511593,11.51,176.1,electronics,False,,43.34,43.32
511594,8.6,165.5,food,True,,45.31,45.29
511595,11.38,104.0,fragile,False,,34.79,34.8
511596,1.82,45.1,books,False,,5.17,5.52
511597,1.14,89.7,standard,False,,6.76,6.75
511598,17.06,85.0,electronics,False,,55.43,55.44
511599,10.68,268.2,standard,False,,34.77,34.78
511600,19.75,151.5,fragile,False,,58.92,58.92
511601,21.22,137.3,electronics,True,,89.26,89.24
511602,9.36,5.6,fragile,False,,24.62,24.61
511603,11.72,226.2,clothing,False,SAVE10,31.28,31.26
511604,19.24,80.2,electronics,True,,74.75,74.74
511605,3.77,235.3,books,False,,17.8,18.54
511606,20.24,178.9,fragile,False,,61.57,61.56
511607,9.49,275.3,standard,False,,32.75,32.73
511608,6.6,153.4,fragile,False,,24.83,24.83
511609,11.98,277.1,fragile,True,,77.71,110.42
511610,16.36,126.6,electronics,False,SAVE10,49.87,49.88
511611,21.04,70.3,clothing,False,,45.6,45.6
511612,20.65,294.7,standard,True,,90.5,90.5
511613,1.37,65.2,standard,False,,6.0,6.0
511614,4.52,56.1,electronics,True,,26.98,26.96
511615,8.78,63.6,food,False,SAVE10,17.09,17.07
511616,1.97,130.7,food,False,,10.08,10.08
511617,11.47,152.7,electronics,True,,62.32,62.31
511618,11.58,66.1,standard,True,SAVE10,34.27,34.28
511619,13.33,179.1,food,False,,32.95,32.96
511620,9.07,279.8,food,False,SAVE10,27.28,27.27
511621,6.36,164.0,clothing,True,,42.32,42.33
511622,14.93,186.9,clothing,False,SAVE10,35.28,35.28
511623,1.88,101.7,electronics,False,,10.73,10.73
511624,1.48,111.1,electronics,False,,9.99,9.99
511625,18.74,127.4,food,False,,40.1,40.1
511626,5.18,217.9,fragile,True,SAVE10,46.04,70.16
511627,4.4,214.0,standard,True,,45.9,45.9
511628,6.54,252.2,books,False,SAVE10,20.77,21.93
511629,14.58,175.3,food,False,SAVE10,31.51,31.52
511630,6.36,147.7,fragile,True,,43.69,63.46
511631,16.74,172.4,food,False,,38.75,38.74
511632,16.18,296.5,clothing,False,,47.18,47.17
511633,10.4,128.3,fragile,True,,51.29,69.13
511634,23.21,232.2,standard,False,,58.03,58.03
511635,19.01,250.2,books,True,,72.95,76.74
511636,3.9,144.2,food,False,,14.23,14.24
511637,6.12,44.4,standard,True,,23.9,23.89
511638,3.18,277.7,fragile,False,,22.15,22.16
511639,17.94,133.3,books,True,,53.7,57.27
511640,5.2,6.3,standard,False,,10.72,10.71
511641,11.58,284.5,electronics,False,,48.96,48.98
511642,2.77,147.3,books,False,,11.8,12.35
511643,21.98,6.3,fragile,True,SAVE10,56.78,61.86
511644,18.78,261.2,clothing,True,,81.74,81.72
511645,16.79,242.9,electronics,False,,62.52,62.53
511646,17.62,27.7,fragile,True,,54.97,62.74
511647,9.37,152.3,food,True,,44.71,44.7
511648,5.15,241.5,electronics,False,,27.52,27.53
511649,0.94,251.4,standard,True,,44.59,44.58
511650,10.54,97.0,books,False,,21.71,23.82
511651,22.75,114.9,books,False,,42.14,46.7
511652,1.17,233.4,standard,True,SAVE10,38.12,38.13
511653,5.25,172.3,clothing,False,,19.12,19.1
511654,13.4,276.3,clothing,False,SAVE10,36.55,36.54
511655,2.31,252.5,electronics,True,,49.8,49.79
511656,7.78,58.7,fragile,False,SAVE10,20.85,20.85
511657,18.91,283.3,food,True,,81.53,81.55
511658,5.76,187.2,standard,False,SAVE10,18.79,18.78
511659,7.97,219.1,books,True,SAVE10,45.56,47.0
511660,7.41,134.8,food,False,,20.08,20.06
511661,5.53,9.0,fragile,False,,14.83,14.83
511662,20.26,21.6,books,False,,33.5,37.53
511663,23.76,58.0,food,False,SAVE10,41.1,41.1
511664,14.96,228.9,food,False,,38.37,38.37
511665,6.74,48.9,books,True,SAVE10,20.81,22.01
511666,6.46,198.9,standard,False,SAVE10,20.58,20.6
511667,17.4,13.8,fragile,False,,45.93,45.93
511668,18.12,225.2,standard,True,,75.02,75.02
511669,20.51,25.9,food,True,,45.8,45.82
511670,3.84,34.7,fragile,False,,11.72,11.72
511671,5.38,10.0,food,False,,10.18,10.18
511672,8.85,11.3,standard,True,,24.4,24.39
511673,11.0,130.0,standard,True,,46.5,46.48
511674,20.44,72.5,electronics,False,,64.95,64.94
511675,2.64,125.9,books,False,,10.52,11.04
511676,7.82,53.1,fragile,False,SAVE10,20.69,20.71
511677,3.32,24.0,electronics,True,,18.56,18.57
511678,20.22,229.3,food,True,,75.79,75.77
511679,17.91,51.3,fragile,True,,59.26,69.38
511680,20.29,145.1,clothing,True,,67.34,67.34
511681,8.28,89.3,books,False,SAVE10,15.94,17.42
511682,13.36,29.4,books,True,,30.79,33.45
511683,22.22,133.3,clothing,True,,69.44,69.44
511684,1.0,298.7,books,False,,16.54,16.75
511685,20.1,198.5,books,False,,42.09,46.11
511686,19.31,224.9,electronics,False,,69.18,69.19
511687,11.15,205.3,clothing,False,,32.56,32.55
511688,19.47,63.1,food,False,,38.2,38.19
511689,19.07,275.6,fragile,True,,95.92,128.48
511690,4.9,34.4,food,False,,10.54,10.56
511691,24.21,264.2,clothing,True,,93.05,93.06
511692,23.53,183.4,food,True,,74.86,74.87
511693,6.78,26.0,fragile,False,,18.93,18.94
511694,23.89,78.1,fragile,False,SAVE10,59.42,59.42
511695,13.86,139.5,clothing,False,,34.7,34.68
511696,13.0,72.5,clothing,True,,41.88,41.89
511697,19.47,186.1,fragile,True,,83.54,107.14
511698,22.92,207.2,electronics,False,SAVE10,71.21,71.2
511699,6.78,286.7,books,False,,25.18,26.53
511700,3.49,232.7,clothing,False,,18.62,18.6
511701,21.05,30.9,electronics,True,,72.79,72.78
511702,11.33,131.7,clothing,True,,47.42,47.43
511703,14.0,26.2,electronics,True,,50.93,50.95
511704,12.24,8.3,electronics,True,,42.96,42.98
511705,22.01,278.5,fragile,False,SAVE10,64.04,64.05
511706,14.42,173.3,fragile,False,,46.16,46.14
511707,17.76,11.0,clothing,False,SAVE10,32.46,32.48
511708,19.32,72.8,clothing,True,,54.56,54.54
511709,0.57,280.2,fragile,False,SAVE10,13.94,13.94
511710,14.23,205.5,books,False,,33.04,35.87
511711,15.3,298.8,books,True,,74.3,77.37
511712,3.04,33.6,books,False,,6.54,7.14
511713,4.59,224.6,food,False,,19.49,19.48
511714,2.16,95.8,clothing,False,,9.11,9.12
511715,10.65,112.0,food,True,SAVE10,36.87,36.85
511716,19.5,97.8,clothing,False,,43.89,43.87
511717,6.51,220.6,food,True,,49.81,49.83
511718,21.86,12.9,standard,False,,44.36,44.35
511719,2.15,192.1,food,True,SAVE10,33.92,33.92
511720,8.95,207.4,electronics,False,,37.22,37.21
511721,6.19,224.0,standard,False,,23.58,23.57
511722,23.96,178.6,books,False,,47.27,52.06
511723,4.59,274.6,food,True,,54.45,54.44
511724,21.38,189.2,books,True,,67.59,71.87
511725,13.2,116.6,electronics,False,,45.43,45.44
511726,7.12,268.6,clothing,True,,59.53,59.52
511727,10.74,220.9,electronics,False,SAVE10,38.94,38.94
511728,3.71,227.3,food,False,,18.04,18.06
511729,15.4,32.5,fragile,True,SAVE10,44.92,52.34
511730,16.84,262.7,clothing,False,,46.82,46.82
511731,11.34,293.8,books,False,,32.83,35.12
511732,19.9,32.3,standard,False,,41.42,41.4
511733,19.28,47.5,standard,True,,50.68,50.67
511734,17.03,126.7,fragile,True,,68.28,85.94
511735,18.93,291.0,electronics,False,,71.34,71.33
511736,11.0,195.7,food,True,SAVE10,48.74,48.74
511737,4.31,130.1,standard,False,,15.12,15.12
511738,13.44,164.0,clothing,False,,35.08,35.07
511739,11.81,41.9,books,False,,20.99,23.37
511740,4.14,267.8,books,False,,20.01,20.85
511741,17.55,84.2,books,False,,32.29,35.79
511742,11.38,208.9,standard,True,,59.1,59.1
511743,17.05,160.4,fragile,True,SAVE10,66.05,84.98
511744,5.18,79.2,fragile,True,,30.35,43.28
511745,6.22,255.5,food,False,,23.97,23.97
511746,2.81,263.9,fragile,False,,20.5,20.5
511747,22.74,129.2,books,True,,60.76,65.29
511748,17.41,205.3,books,False,SAVE10,34.31,37.45
511749,8.07,117.7,books,False,,18.8,20.4
511750,1.77,22.7,electronics,True,,13.72,13.72
511751,8.75,186.9,fragile,True,,55.78,79.48
511752,19.61,97.4,clothing,False,,44.09,44.09
511753,22.53,182.7,electronics,True,,100.0,99.98
511754,4.58,206.0,clothing,False,,19.46,19.46
511755,23.15,124.6,electronics,False,,75.68,75.69
511756,5.45,248.0,fragile,True,SAVE10,50.73,77.56
511757,1.36,87.6,standard,False,,7.1,7.11
511758,3.75,118.8,electronics,False,,17.19,17.18
511759,0.95,204.1,clothing,False,SAVE10,10.89,10.88
511760,6.41,32.5,electronics,True,,29.1,29.11
511761,19.36,194.8,electronics,False,,67.82,67.84
511762,12.23,168.9,standard,False,,32.9,32.91
511763,19.91,252.9,clothing,False,,52.46,52.46
511764,2.77,209.1,clothing,False,SAVE10,14.4,14.38
511765,18.84,214.2,fragile,False,,59.69,59.71
511766,3.84,239.3,fragile,False,,21.95,21.94
511767,8.41,208.7,electronics,False,,35.66,35.68
511768,23.39,113.3,standard,True,SAVE10,61.9,61.9
511769,18.4,42.2,books,False,,31.55,35.24
511770,18.39,267.1,books,False,SAVE10,38.5,41.83
511771,16.32,276.2,food,True,,75.81,75.8
511772,9.51,123.3,electronics,False,,34.7,34.69
511773,15.88,184.1,fragile,False,,50.49,50.51
511774,11.04,284.7,food,True,,67.58,67.59
511775,19.87,35.1,fragile,False,,53.42,53.41
511776,17.02,282.5,electronics,False,,65.18,65.18
511777,22.29,293.9,standard,False,,59.28,59.27
511778,21.0,22.5,clothing,True,,50.38,50.36
511779,21.06,44.0,fragile,False,,56.96,56.94
511780,2.82,77.8,food,True,,21.75,21.75
511781,1.01,25.8,food,False,SAVE10,2.8,2.81
511782,9.86,54.7,electronics,False,SAVE10,29.08,29.07
511783,23.65,240.7,electronics,False,,82.98,83.0
511784,15.35,199.7,electronics,False,,56.04,56.04
511785,14.67,35.9,clothing,False,,31.14,31.12
511786,20.72,128.0,fragile,False,,60.27,60.26
511787,16.03,240.3,fragile,True,SAVE10,74.45,100.6
511788,3.25,89.9,books,True,,23.68,24.34
511789,12.11,173.4,electronics,False,,45.0,45.01
511790,21.75,118.7,clothing,True,,66.31,66.29
511791,20.26,63.3,books,False,,35.58,39.65
511792,2.01,276.2,fragile,False,,19.04,19.04
511793,24.97,65.4,food,False,,48.22,48.21
511794,13.27,174.6,clothing,False,,35.27,35.28
511795,7.59,176.7,books,True,,43.65,45.18
511796,11.05,211.4,fragile,True,,65.44,91.59
511797,23.6,189.2,books,False,,47.22,51.94
511798,22.46,202.9,electronics,False,SAVE10,69.77,69.79
511799,9.21,294.0,fragile,False,,38.65,38.66
511800,16.12,298.5,food,False,,43.94,43.95
511801,2.26,191.0,clothing,True,,38.17,38.18
511802,19.91,113.9,books,True,,53.94,57.91
511803,2.34,265.3,food,False,,17.48,17.49
511804,18.05,221.2,standard,False,,47.16,47.15
511805,8.27,277.4,standard,False,,30.41,30.42
511806,4.23,100.4,standard,False,SAVE10,12.13,12.14
511807,4.03,23.0,books,False,,7.6,8.42
511808,24.33,132.9,food,True,SAVE10,61.86,61.86
511809,5.94,136.8,clothing,False,,18.72,18.74
511810,12.01,162.9,fragile,False,SAVE10,35.43,35.44
511811,4.32,287.9,food,False,SAVE10,19.95,19.96
511812,12.51,247.3,food,False,SAVE10,31.39,31.41
511813,20.59,251.7,clothing,True,SAVE10,75.54,75.55
511814,6.6,213.0,electronics,False,,30.45,30.46
511815,18.0,67.5,food,False,,35.78,35.77
511816,9.21,76.7,clothing,True,SAVE10,31.43,31.43
511817,3.55,151.6,clothing,False,,14.68,14.68
511818,20.4,105.8,food,False,,42.01,42.02
511819,8.92,196.2,electronics,False,,36.57,36.56
511820,16.15,104.5,clothing,False,,37.52,37.52
511821,23.83,50.1,food,True,,55.41,55.4
511822,18.21,35.4,food,False,,34.55,34.54
511823,8.6,44.1,standard,True,,28.82,28.83
511824,15.57,58.2,electronics,True,,60.44,60.46
511825,18.85,170.2,electronics,False,,65.06,65.08
511826,5.78,216.7,electronics,False,,28.18,28.16
511827,23.9,162.4,books,False,,46.36,51.14
511828,6.06,126.1,electronics,True,,42.1,42.09
511829,1.41,147.3,clothing,True,,29.92,29.9
511830,13.54,94.8,standard,False,SAVE10,28.64,28.65
511831,12.12,160.8,clothing,True,,53.36,53.35
511832,4.3,135.6,standard,True,,33.94,33.95
511833,12.34,289.3,standard,False,,39.15,39.15
511834,7.16,268.4,standard,False,,27.74,27.74
511835,20.43,115.2,clothing,False,,46.62,46.63
511836,12.54,115.6,books,False,,25.84,28.36
511837,13.35,115.0,books,False,,27.11,29.77
511838,4.03,161.0,fragile,True,,39.63,60.74
511839,23.69,60.3,fragile,False,,64.61,64.61
511840,6.71,263.7,electronics,True,,64.68,64.69
511841,14.8,98.7,clothing,False,,34.54,34.54
511842,19.52,27.9,books,True,,40.42,44.32
511843,13.25,262.6,books,False,,34.33,36.99
511844,8.34,173.3,fragile,False,SAVE10,27.31,27.33
511845,16.26,33.8,clothing,False,SAVE10,30.79,30.8
511846,18.08,168.5,electronics,False,SAVE10,56.4,56.38
511847,3.9,184.8,standard,False,,17.04,17.05
511848,6.76,116.7,food,False,,18.0,17.99
511849,4.99,55.8,electronics,True,,28.34,28.35
511850,1.06,229.0,clothing,False,,13.57,13.59
511851,15.72,7.2,electronics,False,,47.52,47.53
511852,24.97,196.2,electronics,False,,84.72,84.7
511853,7.18,272.2,clothing,False,SAVE10,25.17,25.16
511854,23.47,263.3,clothing,True,,91.44,91.44
511855,9.94,270.0,books,False,,29.4,31.38
511856,22.87,76.7,food,False,,45.0,45.0
511857,2.81,130.7,standard,False,,12.16,12.17
511858,8.28,142.8,clothing,False,,23.7,23.7
511859,21.24,149.3,electronics,True,,91.12,91.13
511860,22.76,123.8,fragile,False,SAVE10,58.83,58.82
511861,20.16,190.3,electronics,True,,94.02,94.04
511862,17.21,202.3,books,False,,37.65,41.09
511863,8.11,239.1,food,True,,55.46,55.48
511864,24.63,83.4,food,True,,61.84,61.84
511865,14.55,133.1,clothing,False,SAVE10,32.18,32.17
511866,20.57,13.1,electronics,False,,62.36,62.35
511867,10.27,9.9,standard,False,SAVE10,18.93,18.94
511868,23.47,66.1,standard,False,,50.24,50.24
511869,15.76,64.1,food,False,,31.57,31.56
511870,17.93,115.3,standard,False,,41.62,41.62
511871,4.0,83.4,fragile,False,,14.57,14.55
511872,10.64,6.3,food,True,,25.1,25.08
511873,2.87,219.5,books,False,,15.57,16.14
511874,9.18,66.0,standard,True,,33.26,33.27
511875,14.41,292.0,books,False,,37.66,40.53
511876,7.62,89.4,food,False,,18.19,18.2
511877,0.66,160.7,fragile,False,SAVE10,8.78,8.78
511878,11.06,20.2,food,False,SAVE10,18.83,18.83
511879,19.08,112.9,food,False,,39.99,39.99
511880,9.79,243.7,fragile,False,,37.64,37.66
511881,19.54,225.1,fragile,True,,89.57,117.08
511882,10.01,254.1,fragile,False,,38.73,38.73
511883,13.97,120.6,books,True,,45.44,48.24
511884,7.91,94.1,electronics,False,,28.44,28.42
511885,2.62,10.9,books,True,,10.83,11.37
511886,19.65,21.8,food,False,,36.46,36.47
511887,13.07,207.7,fragile,False,,44.37,44.37
511888,19.96,128.4,books,False,,38.36,42.34
511889,19.73,197.6,standard,False,,49.34,49.32
511890,19.58,82.8,books,True,,48.75,52.67
511891,9.83,115.7,standard,True,,42.02,42.02
511892,7.69,112.3,books,False,SAVE10,16.13,17.51
511893,6.03,154.2,electronics,False,,25.8,25.81
511894,11.97,110.8,books,False,,24.69,27.08
511895,15.28,79.7,clothing,False,,34.54,34.56
511896,21.61,140.4,fragile,False,,63.21,63.22
511897,24.95,115.1,books,False,,45.68,50.65
511898,18.38,124.3,standard,False,,42.97,42.98
511899,14.4,238.6,fragile,False,,49.37,49.35
511900,7.57,232.7,fragile,True,,59.59,87.86
511901,14.79,95.2,standard,True,,48.86,48.86
511902,7.46,262.4,electronics,True,,66.74,66.73
511903,21.82,176.9,books,False,,43.76,48.1
511904,6.07,198.2,food,True,,45.66,45.64
511905,10.54,77.5,fragile,False,SAVE10,28.15,28.16
511906,6.0,152.3,standard,False,,19.62,19.63
511907,5.84,69.6,fragile,True,SAVE10,27.56,38.34
511908,19.23,170.3,standard,False,,46.98,46.98
511909,5.46,200.2,books,False,SAVE10,16.87,17.85
511910,8.38,182.6,electronics,False,SAVE10,30.84,30.83
511911,1.57,101.8,electronics,True,,24.98,24.99
511912,22.82,34.5,clothing,False,,47.36,47.35
511913,22.52,256.2,electronics,False,SAVE10,72.33,72.34
511914,9.71,242.0,electronics,True,,70.43,70.42
511915,23.04,78.1,fragile,False,,63.81,63.8
511916,6.1,294.7,food,False,,25.72,25.7
511917,6.7,46.6,food,True,,24.05,24.06
511918,14.12,205.4,clothing,False,,38.51,38.49
511919,5.82,215.2,books,False,,20.07,21.24
511920,22.71,37.5,books,True,SAVE10,42.26,46.36
511921,24.28,112.8,books,False,,44.49,49.33
511922,3.5,206.3,electronics,True,,46.45,46.45
511923,11.47,33.6,fragile,False,,31.5,31.48
511924,10.89,7.4,books,False,,17.79,19.96
511925,24.72,8.2,standard,True,,55.67,55.66
511926,24.66,31.3,fragile,True,,73.81,81.94
511927,2.01,193.2,clothing,True,SAVE10,34.2,34.19
511928,23.9,118.0,food,False,,48.92,48.91
511929,16.34,223.0,clothing,False,SAVE10,39.45,39.43
511930,12.05,164.5,food,False,,29.92,29.92
511931,11.19,196.9,fragile,True,,63.63,88.32
511932,21.46,110.2,fragile,False,,61.31,61.31
511933,3.65,289.5,fragile,False,,23.97,23.95
511934,10.25,68.5,clothing,False,,23.92,23.94
511935,2.95,38.7,electronics,True,,19.66,19.66
511936,10.23,253.1,books,False,,29.02,31.05
511937,20.11,260.2,electronics,True,,104.36,104.37
511938,20.89,17.3,standard,False,,42.64,42.65
511939,3.96,230.4,food,False,,18.65,18.66
511940,6.6,220.6,fragile,False,,28.19,28.18
511941,17.67,69.4,food,False,,35.28,35.29
511942,4.73,115.0,food,False,,14.26,14.27
511943,1.71,217.9,books,False,,13.63,13.96
511944,21.76,243.5,clothing,False,SAVE10,50.13,50.12
511945,1.08,199.6,books,True,SAVE10,33.0,33.2
511946,22.33,24.2,electronics,False,SAVE10,61.38,61.39
511947,15.18,21.7,electronics,False,,46.62,46.64
511948,10.19,101.4,electronics,False,,35.64,35.65
511949,7.85,87.5,food,False,,18.5,18.51
511950,10.12,203.2,books,False,,26.35,28.39
511951,22.47,108.3,standard,False,,50.36,50.35
511952,14.7,224.1,electronics,False,,55.3,55.31
511953,4.05,167.3,standard,False,,16.46,16.47
511954,14.28,168.1,fragile,False,,45.53,45.54
511955,8.15,277.4,standard,False,,30.17,30.17
511956,22.6,102.6,fragile,False,,63.89,63.9
511957,4.41,31.4,electronics,False,,14.8,14.8
511958,12.63,188.5,books,True,SAVE10,48.13,50.42
511959,1.08,256.6,clothing,False,,14.99,14.98
511960,6.96,125.8,fragile,False,,24.39,24.38
511961,17.86,232.8,standard,False,,47.36,47.37
511962,15.54,125.0,standard,False,,37.33,37.34
511963,23.01,144.7,electronics,False,,76.26,76.25
511964,4.31,183.0,fragile,True,,43.66,66.94
511965,11.89,201.0,standard,False,,33.83,33.82
511966,3.01,128.3,clothing,False,,12.44,12.43
511967,17.55,277.3,books,False,,41.95,45.45
511968,3.07,149.5,clothing,False,,13.62,13.63
511969,23.14,230.5,clothing,False,SAVE10,52.02,52.02
511970,12.43,15.5,clothing,False,,25.64,25.63
511971,13.71,296.4,fragile,False,,50.47,50.47
511972,9.52,249.7,fragile,False,,37.24,37.23
511973,10.27,77.2,books,True,,33.01,35.07
511974,21.9,211.0,fragile,False,,67.49,67.47
511975,19.1,116.8,electronics,True,,79.82,79.84
511976,10.0,23.6,electronics,False,,31.18,31.18
511977,20.51,155.5,electronics,False,,69.31,69.31
511978,9.78,142.1,fragile,False,,32.53,32.53
511979,2.47,207.0,fragile,True,,42.47,68.16
511980,6.1,175.0,standard,False,,20.95,20.96
511981,10.9,279.5,books,False,,31.42,33.6
511982,11.34,150.5,food,False,,27.94,27.94
511983,4.8,37.5,fragile,False,,14.36,14.34
511984,17.74,42.3,electronics,False,,55.34,55.32
511985,6.34,280.3,clothing,False,,26.7,26.71
511986,16.43,199.1,food,True,,64.44,64.42
511987,13.41,232.5,fragile,False,SAVE10,41.84,41.85
511988,16.37,103.8,standard,True,SAVE10,47.98,47.99
511989,22.37,102.7,standard,True,,65.14,65.15
511990,17.93,50.2,standard,False,,38.37,38.36
511991,15.57,135.7,food,True,SAVE10,48.04,48.04
511992,17.22,235.7,fragile,False,,56.56,56.58
511993,13.16,201.7,electronics,False,,49.57,49.58
511994,24.83,230.2,standard,False,,61.17,61.18
511995,20.51,6.6,clothing,False,SAVE10,37.22,37.21
511996,4.36,232.4,electronics,False,,24.7,24.71
511997,4.29,221.4,fragile,True,,49.36,76.48
511998,11.18,144.0,books,True,,44.49,46.73
511999,23.09,44.1,food,False,,43.77,43.78
512000,4.0,181.2,electronics,True,,44.18,44.19
512001,6.35,129.1,food,True,,35.8,35.81
512002,24.99,198.9,food,False,SAVE10,49.43,49.45
512003,18.81,237.3,books,False,,41.96,45.71
512004,13.83,143.4,food,True,,51.4,51.4
512005,4.57,87.3,clothing,False,,13.5,13.49
512006,1.28,225.5,books,False,,13.32,13.59
512007,8.6,168.0,electronics,False,,34.2,34.22
512008,5.16,54.3,books,False,,10.97,12.02
512009,22.15,60.5,food,True,,53.94,53.93
512010,13.17,229.2,fragile,False,,45.7,45.72
512011,12.89,6.5,fragile,False,,33.84,33.84
512012,15.5,257.9,standard,False,,43.9,43.88
512013,12.59,164.7,clothing,False,,33.42,33.43
512014,6.33,221.8,fragile,True,,54.73,81.92
512015,18.48,183.2,clothing,False,SAVE10,41.51,41.5
512016,18.58,105.6,food,False,,38.72,38.72
512017,22.77,9.9,electronics,False,,68.81,68.8
512018,12.47,55.5,standard,True,,38.26,38.26
512019,3.71,156.2,clothing,True,SAVE10,32.26,32.28
512020,24.09,141.1,clothing,True,,74.34,74.33
512021,0.87,159.0,clothing,True,,30.59,30.61
512022,4.34,128.3,clothing,True,,32.93,32.93
512023,17.83,17.2,food,False,,32.95,32.95
512024,21.64,149.5,fragile,False,,63.74,63.74
512025,23.6,264.4,clothing,False,,60.42,60.42
512026,15.09,150.9,clothing,False,,37.72,37.73
512027,7.27,91.4,fragile,True,SAVE10,33.85,46.56
512028,1.25,111.6,electronics,True,,25.49,25.48
512029,18.5,278.8,books,False,,43.54,47.25
512030,16.22,15.7,clothing,False,,33.22,33.24
512031,3.35,125.6,books,False,,11.64,12.33
512032,18.79,177.7,clothing,False,,46.46,46.46
512033,23.77,277.4,food,False,,56.66,56.67
512034,5.06,206.3,electronics,False,,25.5,25.48
512035,15.28,45.7,clothing,True,,42.42,42.4
512036,10.74,29.0,electronics,False,,33.67,33.68
512037,15.57,26.7,electronics,False,,48.04,48.03
512038,3.38,146.2,clothing,False,,14.07,14.06
512039,22.5,210.3,books,True,,72.54,77.06
512040,7.7,221.6,clothing,True,,53.64,53.65
512041,16.21,192.2,fragile,True,,75.98,100.19
512042,6.24,108.1,books,False,,15.39,16.63
512043,4.91,162.7,food,True,,38.24,38.25
512044,23.99,30.8,fragile,False,,63.91,63.9
512045,6.82,34.9,food,True,,22.51,22.52
512046,23.89,16.0,books,False,,39.02,43.79
512047,21.59,22.7,electronics,False,,65.9,65.92
512048,14.15,240.0,food,True,,66.47,66.49
512049,14.27,87.5,food,False,,30.06,30.07
512050,1.24,240.7,fragile,False,,15.26,15.25
512051,19.37,177.1,electronics,False,,66.96,66.95
512052,17.23,41.3,fragile,True,SAVE10,50.39,58.62
512053,14.86,16.8,fragile,False,,39.48,39.47
512054,20.43,6.9,fragile,False,,53.46,53.44
512055,12.03,283.0,food,False,SAVE10,32.22,32.24
512056,9.87,110.0,food,False,,23.27,23.25
512057,18.65,97.0,books,True,SAVE10,44.45,47.81
512058,12.62,205.9,books,False,,30.49,33.02
512059,15.35,127.5,standard,False,,37.08,37.07
512060,4.24,209.6,books,False,SAVE10,15.54,16.32
512061,5.42,94.3,clothing,False,,15.56,15.54
512062,4.97,142.4,standard,True,,36.3,36.28
512063,20.17,258.8,food,True,SAVE10,72.11,72.11
512064,24.85,56.7,books,False,,42.6,47.56
512065,24.36,67.8,clothing,False,,52.11,52.13
512066,14.03,49.8,food,False,SAVE10,24.97,24.96
512067,19.72,36.0,food,False,,37.3,37.3
512068,3.45,287.5,fragile,False,,23.34,23.33
512069,8.57,196.3,food,True,,49.87,49.87
512070,23.51,21.3,electronics,False,,71.6,71.59
512071,7.77,59.6,food,False,,16.97,16.99
512072,4.38,152.3,books,True,SAVE10,31.37,32.16
512073,11.13,136.0,books,True,,43.21,45.43
512074,19.32,250.6,fragile,False,SAVE10,56.49,56.5
512075,24.69,13.9,fragile,True,SAVE10,64.15,69.91
512076,1.29,54.3,clothing,False,,5.3,5.3
512077,16.1,139.2,clothing,False,,39.16,39.17
512078,21.08,47.8,food,False,SAVE10,36.3,36.32
512079,20.49,54.4,food,False,,39.6,39.6
512080,23.02,102.0,fragile,False,,64.95,64.94
512081,16.33,39.0,fragile,False,,44.41,44.42
512082,21.3,46.7,books,False,,36.42,40.67
512083,10.36,10.9,clothing,True,,27.36,27.37
512084,14.98,27.6,food,False,,28.34,28.34
512085,13.95,136.4,clothing,False,,34.72,34.71
512086,11.33,77.4,fragile,False,,33.33,33.31
512087,11.49,220.9,electronics,False,,45.52,45.52
512088,17.83,178.2,clothing,False,,44.57,44.56
512089,4.2,243.6,books,False,,18.9,19.75
512090,20.92,209.1,books,False,,43.93,48.1
512091,17.89,256.7,food,False,,45.04,45.04
512092,5.45,70.0,books,True,,24.22,25.32
512093,9.05,87.3,standard,True,,36.2,36.18
512094,21.11,220.4,fragile,False,,65.91,65.9
512095,10.89,149.1,standard,False,,29.24,29.24
512096,21.27,47.7,fragile,False,,57.69,57.69
512097,10.26,7.7,fragile,False,,27.06,27.08
512098,24.83,66.4,food,False,,48.01,48.0
512099,10.07,219.4,electronics,False,,41.18,41.2
512100,24.6,205.8,electronics,False,,84.09,84.08
512101,9.92,213.0,food,False,,28.51,28.52
512102,10.8,39.5,food,True,,30.36,30.35
512103,4.77,166.6,electronics,False,,22.64,22.64
512104,19.76,19.5,books,True,,39.54,43.49
512105,2.42,267.1,standard,False,,18.2,18.18
512106,19.65,236.9,food,True,SAVE10,68.31,68.32
512107,12.71,203.7,standard,False,SAVE10,32.04,32.04
512108,21.6,35.1,clothing,True,,53.46,53.47
512109,15.71,109.1,fragile,False,SAVE10,41.67,41.69
512110,23.7,113.6,clothing,False,,53.08,53.09
512111,13.11,18.7,electronics,False,,40.26,40.25
512112,6.04,109.0,standard,False,SAVE10,15.78,15.76
512113,23.13,217.7,clothing,False,SAVE10,51.43,51.45
512114,22.4,138.3,electronics,False,,74.11,74.12
512115,21.08,295.5,standard,False,,56.93,56.95
512116,15.19,200.3,food,False,,37.36,37.34
512117,6.95,184.9,food,True,,45.24,45.26
512118,0.93,65.2,books,False,,4.75,4.92
512119,20.4,219.8,electronics,False,SAVE10,64.97,64.97
512120,16.66,182.6,books,False,,35.79,39.1
512121,11.29,163.3,food,False,,28.49,28.48
512122,13.09,291.5,electronics,False,,53.84,53.84
512123,19.82,167.1,food,False,,44.03,44.04
512124,6.17,275.2,fragile,False,,29.8,29.78
512125,1.01,43.0,clothing,True,SAVE10,12.12,12.13
512126,2.81,92.4,clothing,False,,10.24,10.23
512127,24.72,192.9,standard,True,,83.38,83.39
512128,5.62,212.1,electronics,True,,53.68,53.68
512129,24.44,264.4,books,True,,83.76,88.67
512130,1.19,204.4,books,True,,37.56,37.81
512131,16.97,14.2,standard,True,,41.07,41.08
512132,13.41,254.4,standard,False,,39.54,39.55
512133,12.62,275.0,fragile,True,,79.06,111.56
512134,0.5,187.6,books,False,,10.18,10.28
512135,14.41,169.1,food,False,,34.39,34.41
512136,15.6,131.0,standard,False,,37.75,37.74
512137,20.94,62.2,fragile,False,,57.55,57.57
512138,20.85,194.7,standard,False,,51.44,51.42
512139,20.37,283.0,clothing,True,,88.19,88.19
512140,1.95,110.1,electronics,True,SAVE10,24.63,24.64
512141,21.99,212.9,fragile,True,,94.11,120.42
512142,13.33,21.6,books,False,,22.41,25.07
512143,21.79,34.4,books,False,,36.58,40.95
512144,22.76,27.1,clothing,False,SAVE10,42.19,42.17
512145,2.49,153.5,electronics,True,,35.5,35.51
512146,10.55,65.5,electronics,False,,34.93,34.92
512147,12.89,56.0,books,False,,23.42,25.99
512148,15.25,134.8,electronics,False,,52.49,52.49
512149,23.49,113.8,books,False,SAVE10,38.95,43.16
512150,1.36,174.8,fragile,False,,12.28,12.28
512151,15.26,111.4,electronics,False,,51.35,51.35
512152,12.55,26.6,electronics,False,,38.98,38.98
512153,3.79,229.0,clothing,False,SAVE10,17.13,17.15
512154,17.27,51.1,food,False,,33.64,33.62
512155,18.34,273.1,food,False,SAVE10,42.0,42.01
512156,3.31,112.6,fragile,False,,14.24,14.25
512157,3.06,211.3,clothing,False,,16.69,16.7
512158,12.45,174.1,clothing,False,,33.6,33.59
512159,23.94,29.6,food,True,,52.53,52.52
512160,20.86,201.1,books,False,,43.43,47.59
512161,16.78,226.1,food,False,,41.51,41.53
512162,10.21,192.2,standard,False,,30.03,30.05
512163,23.8,258.9,fragile,True,,105.72,136.6
512164,12.12,268.7,electronics,False,SAVE10,44.82,44.8
512165,3.89,276.5,books,False,,20.05,20.85
512166,15.16,90.2,standard,True,,48.85,48.84
512167,2.78,155.3,books,False,,12.21,12.76
512168,21.7,294.0,food,False,,53.76,53.78
512169,12.82,232.1,books,False,SAVE10,28.91,31.2
512170,18.57,130.2,fragile,True,,72.81,90.83
512171,21.35,238.3,clothing,False,,54.62,54.61
512172,19.82,146.8,electronics,False,SAVE10,60.12,60.11
512173,19.89,225.8,electronics,False,,70.96,70.96
512174,19.75,236.9,food,True,,76.09,76.08
512175,9.95,216.7,clothing,True,,57.4,57.4
512176,1.2,94.4,books,True,,21.08,21.3
512177,6.72,110.7,books,True,,32.36,33.72
512178,16.44,153.4,clothing,False,,40.55,40.55
512179,8.25,270.4,fragile,False,,34.97,34.98
512180,24.66,209.0,food,False,,54.84,54.83
512181,8.23,286.0,standard,False,,30.76,30.75
512182,17.86,13.6,fragile,True,,53.48,59.85
512183,3.5,258.5,fragile,True,SAVE10,47.59,75.34
512184,11.65,12.6,books,True,,25.53,27.87
512185,20.15,196.4,books,False,,42.06,46.08
512186,22.8,230.8,electronics,True,,108.02,108.03
512187,2.27,245.3,food,False,,16.35,16.35
512188,20.22,290.7,food,False,SAVE10,45.84,45.82
512189,24.15,106.4,food,False,,48.79,48.79
512190,1.07,26.2,standard,False,,3.45,3.45
512191,20.44,120.1,electronics,False,SAVE10,60.59,60.6
512192,1.55,156.3,books,False,SAVE10,9.27,9.55
512193,17.1,17.9,food,False,,31.68,31.69
512194,24.7,273.9,standard,False,SAVE10,56.79,56.79
512195,2.59,264.3,clothing,False,,18.4,18.38
512196,18.78,116.8,fragile,True,,71.35,88.02
512197,3.21,141.1,electronics,True,,35.8,35.79
512198,14.81,171.8,standard,False,,38.21,38.19
512199,8.99,157.7,standard,False,,25.86,25.88
512200,14.18,278.3,books,False,,36.6,39.44
512201,19.07,165.5,clothing,False,,46.42,46.4
512202,5.24,21.0,food,False,,10.48,10.47
512203,7.84,71.6,clothing,False,,19.26,19.26
512204,3.33,101.8,standard,True,SAVE10,24.24,24.24
512205,10.49,112.7,books,True,,38.69,40.77
512206,2.48,190.3,standard,False,,14.48,14.46
512207,1.2,114.2,books,False,,7.63,7.86
512208,18.46,54.3,fragile,False,,50.71,50.71
512209,17.75,192.0,standard,False,,45.1,45.1
512210,1.21,45.2,standard,False,SAVE10,4.21,4.2
512211,16.52,174.5,clothing,True,,64.22,64.2
512212,17.03,97.8,fragile,False,SAVE10,44.25,44.26
512213,8.92,270.9,fragile,False,SAVE10,33.06,33.05
512214,7.71,277.7,books,False,,26.22,27.78
512215,6.13,115.6,electronics,True,,40.73,40.75
512216,15.27,60.9,books,False,,27.48,30.52
512217,3.77,237.9,clothing,True,,48.23,48.21
512218,13.93,287.1,electronics,False,,56.14,56.16
512219,10.45,220.4,books,False,,27.74,29.81
512220,13.05,269.4,fragile,False,,47.4,47.4
512221,19.09,162.0,fragile,False,,57.73,57.73
512222,6.02,277.5,clothing,False,,25.92,25.9
512223,8.17,282.6,fragile,True,,68.63,101.9
512224,12.3,116.5,food,False,,27.96,27.97
512225,8.47,32.0,clothing,False,,18.54,18.52
512226,17.22,55.5,food,False,,33.77,33.78
512227,3.99,105.9,books,True,,27.27,28.07
512228,22.95,229.6,electronics,True,SAVE10,97.46,97.45
512229,23.6,225.7,food,False,,53.76,53.76
512230,3.59,144.7,standard,False,,14.42,14.4
512231,12.42,131.2,books,True,,44.55,47.05
512232,8.97,116.5,books,False,,20.18,21.96
512233,8.94,275.5,food,False,,29.87,29.88
512234,5.4,101.8,food,False,,14.81,14.8
512235,13.68,219.4,electronics,False,,52.01,52.0
512236,20.16,198.9,electronics,True,SAVE10,85.78,85.79
512237,6.31,53.9,books,False,,12.79,14.07
512238,19.71,222.2,clothing,False,,50.53,50.55
512239,18.83,11.3,food,False,,34.46,34.45
512240,15.95,114.6,fragile,True,,63.66,80.11
512241,22.24,181.9,clothing,False,SAVE10,48.22,48.24
512242,15.25,179.0,food,True,,59.3,59.31
512243,20.1,202.2,food,True,,71.51,71.53
512244,23.91,242.5,books,False,SAVE10,45.34,49.64
512245,21.43,11.8,books,False,SAVE10,31.39,35.26
512246,14.61,234.4,clothing,False,,40.94,40.95
512247,7.64,113.8,books,False,SAVE10,16.12,17.5
512248,15.3,94.4,food,False,,32.26,32.28
512249,18.17,103.4,books,False,,34.24,37.87
512250,18.13,40.6,books,False,,31.04,34.67
512251,10.25,79.7,standard,False,SAVE10,22.04,22.02
512252,18.87,51.9,food,False,,36.56,36.54
512253,8.64,120.0,standard,False,SAVE10,20.95,20.97
512254,3.64,167.9,fragile,False,,17.86,17.87
512255,23.97,54.8,electronics,False,SAVE10,67.18,67.2
512256,23.0,287.9,electronics,False,,83.4,83.38
512257,10.89,149.6,food,True,,47.04,47.03
512258,13.98,230.1,clothing,True,,67.48,67.48
512259,0.88,192.1,food,True,,35.4,35.4
512260,23.83,71.7,standard,True,,63.42,63.4
512261,9.17,286.1,standard,True,SAVE10,59.63,59.64
512262,15.48,130.8,electronics,False,,52.98,53.0
512263,3.8,135.4,books,False,,12.85,13.6
512264,3.89,267.7,clothing,False,,21.16,21.15
512265,14.88,289.1,books,False,SAVE10,34.44,37.11
512266,17.0,39.9,clothing,True,,44.98,45.0
512267,24.48,26.3,books,False,,40.48,45.4
512268,17.64,277.8,books,True,,74.89,78.43
512269,15.47,98.4,standard,False,,35.86,35.86
512270,15.31,20.3,electronics,True,,53.98,53.98
512271,7.24,34.5,standard,False,,16.21,16.19
512272,9.56,154.9,food,True,,45.44,45.45
512273,15.83,215.8,food,False,,39.28,39.27
512274,3.84,208.1,food,False,,17.32,17.31
512275,7.91,289.0,standard,False,,30.27,30.25
512276,4.61,222.0,books,True,,45.68,46.62
512277,1.38,105.0,fragile,False,,8.84,8.82
512278,11.56,135.9,clothing,False,,29.92,29.9
512279,9.64,153.2,books,False,,23.08,25.02
512280,14.21,298.5,books,False,,37.66,40.5
512281,10.26,205.4,books,False,,26.69,28.73
512282,2.29,104.1,fragile,False,,11.16,11.16
512283,21.6,183.5,food,False,SAVE10,43.25,43.24
512284,1.46,202.2,fragile,False,,13.91,13.91
512285,1.03,53.5,fragile,True,,15.7,26.04
512286,1.05,111.5,clothing,False,SAVE10,6.91,6.89
512287,19.84,114.2,food,False,,41.42,41.41
512288,9.53,74.8,food,False,,20.89,20.91
512289,23.68,147.5,food,True,SAVE10,62.77,62.76
512290,8.26,257.3,standard,False,,29.38,29.38
512291,10.51,66.3,electronics,False,SAVE10,31.36,31.35
512292,17.62,251.5,food,False,SAVE10,39.86,39.87
512293,23.72,15.0,electronics,True,,78.41,78.42
512294,22.87,22.9,electronics,False,SAVE10,62.78,62.79
512295,9.7,269.9,fragile,False,,38.71,38.71
512296,17.17,55.3,food,False,,33.67,33.68
512297,2.0,37.5,standard,True,,14.62,14.64
512298,14.51,155.8,electronics,True,,71.9,71.9
512299,16.32,163.5,books,False,,34.29,37.55
512300,7.29,34.1,standard,False,,16.28,16.28
512301,16.57,9.3,food,False,,30.29,30.3
512302,7.99,287.2,books,True,SAVE10,54.78,56.21
512303,19.28,89.1,books,False,,35.3,39.17
512304,2.26,136.7,standard,True,,30.02,30.02
512305,13.27,107.0,books,True,SAVE10,38.05,40.43
512306,23.78,58.1,standard,True,,61.28,61.27
512307,15.91,164.2,standard,False,,40.03,40.04
512308,23.54,37.3,standard,True,,57.68,57.66
512309,23.71,139.4,standard,True,,73.33,73.34
512310,19.19,291.3,food,True,SAVE10,74.91,74.92
512311,20.2,35.9,electronics,True,,70.98,70.97
512312,18.5,127.3,clothing,False,,43.36,43.35
512313,13.0,191.6,electronics,False,,48.58,48.58
512314,19.85,63.1,standard,False,,42.86,42.85
512315,19.82,236.7,clothing,False,,51.48,51.48
512316,21.62,249.7,standard,False,,55.72,55.73
512317,0.67,5.7,electronics,True,,7.86,7.86
512318,1.4,16.4,electronics,True,,11.66,11.67
512319,11.87,38.6,food,True,,32.16,32.15
512320,18.08,172.6,food,False,,41.17,41.17
512321,10.77,45.0,clothing,True,,33.29,33.28
512322,9.85,164.7,clothing,False,,27.94,27.95
512323,1.0,214.6,fragile,True,SAVE10,35.81,59.61
512324,15.36,149.1,standard,False,,38.17,38.19
512325,23.9,179.9,food,False,SAVE10,46.81,46.81
512326,15.59,66.2,food,False,,31.37,31.35
512327,6.51,58.8,clothing,True,,26.84,26.85
512328,16.08,93.0,standard,False,,36.81,36.81
512329,9.57,117.5,standard,False,,25.02,25.01
512330,9.47,193.8,books,False,SAVE10,22.36,24.08
512331,1.87,39.1,standard,False,,5.7,5.69
512332,17.99,134.5,food,False,,39.11,39.09
512333,0.52,165.0,clothing,False,,9.29,9.27
512334,21.09,89.1,fragile,False,,59.29,59.28
512335,0.66,268.2,electronics,False,,15.39,15.38
512336,19.57,244.2,standard,False,,51.35,51.34
512337,9.06,61.3,standard,True,,32.32,32.3
512338,9.05,144.2,food,False,,23.5,23.48
512339,12.51,182.9,books,False,,29.16,31.68
512340,5.02,73.4,books,False,SAVE10,10.53,11.42
512341,5.57,181.8,books,True,SAVE10,37.06,38.06
512342,17.99,37.6,books,True,SAVE10,35.48,38.71
512343,22.76,135.1,standard,True,,70.78,70.79
512344,3.94,252.9,electronics,True,,54.76,54.74
512345,7.24,250.3,fragile,False,,31.34,31.34
512346,24.54,122.3,food,True,SAVE10,60.77,60.75
512347,17.33,88.2,food,True,,49.42,49.44
512348,22.97,194.1,fragile,False,,69.43,69.44
512349,9.95,225.8,electronics,True,,68.72,68.74
512350,19.32,136.4,books,True,,56.37,60.24
512351,17.9,32.5,books,False,,30.26,33.86
512352,18.74,107.1,fragile,False,,54.08,54.07
512353,12.17,221.9,clothing,True,SAVE10,56.36,56.35
512354,7.68,289.7,clothing,True,,63.82,63.83
512355,9.43,228.7,books,False,,26.52,28.4
512356,4.01,99.1,food,True,SAVE10,24.37,24.37
512357,2.43,210.0,books,False,,14.39,14.89
512358,9.81,251.1,electronics,False,,41.98,42.0
512359,21.49,108.6,standard,False,,48.41,48.4
512360,8.61,95.0,standard,False,,21.97,21.97
512361,14.24,203.3,books,True,SAVE10,52.45,55.03
512362,20.68,90.8,books,False,,37.63,41.78
512363,3.07,274.2,standard,False,SAVE10,17.87,17.86
512364,9.58,208.2,clothing,False,,29.57,29.57
512365,9.56,68.3,fragile,False,,28.27,28.26
512366,17.94,67.2,electronics,False,,57.18,57.19
512367,22.65,79.0,fragile,False,,62.84,62.84
512368,0.69,230.8,clothing,True,,41.0,41.01
512369,13.84,8.7,standard,False,,28.12,28.11
512370,0.57,112.3,standard,False,,6.76,6.77
512371,7.87,174.2,food,False,,22.88,22.89
512372,10.3,222.9,standard,False,,31.75,31.74
512373,7.38,100.1,clothing,False,SAVE10,17.79,17.8
512374,10.61,160.1,fragile,False,SAVE10,32.03,32.05
512375,9.36,263.0,fragile,False,,37.49,37.5
512376,12.72,26.4,electronics,True,,47.12,47.12
512377,6.63,10.9,electronics,True,,26.52,26.54
512378,10.06,164.1,fragile,True,,55.77,77.19
512379,5.87,160.6,electronics,False,,25.64,25.63
512380,10.8,292.9,clothing,True,SAVE10,63.48,63.46
512381,17.85,203.7,standard,False,,45.89,45.87
512382,1.25,218.7,standard,False,,13.44,13.43
512383,24.97,124.2,books,False,,46.16,51.15
512384,4.15,180.9,electronics,False,,21.5,21.5
512385,19.9,170.8,clothing,False,,48.34,48.33
512386,7.54,221.8,clothing,False,,26.17,26.18
512387,2.24,190.2,food,False,,13.54,13.56
512388,19.83,64.6,food,True,,50.38,50.37
512389,14.34,68.9,books,True,SAVE10,34.45,37.02
512390,6.94,203.3,books,True,SAVE10,41.94,43.18
512391,9.82,49.5,standard,True,,32.06,32.05
512392,21.68,175.2,fragile,False,SAVE10,58.62,58.62
512393,17.81,249.3,fragile,False,,58.77,58.78
512394,7.32,30.6,electronics,True,,31.55,31.57
512395,6.3,266.3,standard,False,,25.92,25.91
512396,14.36,64.9,food,False,,29.09,29.09
512397,3.45,52.0,books,False,,8.12,8.81
512398,6.11,17.9,standard,False,SAVE10,11.8,11.81
512399,20.23,272.8,electronics,False,SAVE10,66.9,66.91
512400,18.27,84.7,clothing,True,,54.24,54.23
512401,1.13,110.8,clothing,True,,23.88,23.9
512402,11.46,146.4,fragile,True,SAVE10,51.08,68.76
512403,10.27,98.7,electronics,False,,35.74,35.74
512404,18.6,191.3,standard,False,,46.76,46.78
512405,10.93,292.7,clothing,True,,70.76,70.75
512406,6.07,139.2,books,False,,16.67,17.89
512407,21.12,67.9,clothing,False,,45.64,45.63
512408,5.24,158.1,clothing,False,,18.39,18.37
512409,16.36,60.8,clothing,True,,46.84,46.86
512410,7.42,111.9,food,False,,18.95,18.94
512411,15.66,136.3,clothing,False,,38.14,38.15
512412,4.73,17.0,fragile,True,SAVE10,17.86,23.87
512413,21.96,234.4,standard,False,SAVE10,50.08,50.06
512414,9.55,160.1,clothing,False,,27.11,27.12
512415,17.17,235.2,clothing,False,,46.1,46.09
512416,18.87,125.7,food,False,,40.25,40.24
512417,11.96,293.6,books,False,,33.82,36.2
512418,13.7,139.2,books,False,,28.88,31.6
512419,3.41,143.1,standard,False,,13.98,13.98
512420,13.75,22.6,fragile,True,,44.14,51.4
512421,13.53,161.8,electronics,True,SAVE10,62.87,62.88
512422,22.43,127.1,books,True,,59.95,64.44
512423,9.12,134.0,standard,True,,43.34,43.35
512424,4.25,79.0,books,False,SAVE10,9.68,10.43
512425,10.44,56.4,food,False,,21.61,21.61
512426,19.74,109.4,fragile,False,,56.79,56.79
512427,0.78,74.9,books,True,,17.48,17.63
512428,1.39,127.8,books,True,,26.39,26.68
512429,24.97,50.0,fragile,True,,77.42,87.43
512430,14.11,267.1,standard,False,SAVE10,37.42,37.43
512431,18.1,53.7,books,False,,31.65,35.27
512432,11.92,175.7,books,False,,27.86,30.25
512433,5.28,201.0,electronics,False,,25.89,25.91
512434,16.85,54.1,books,False,,29.67,33.02
512435,6.41,50.5,books,False,,12.78,14.08
512436,11.57,273.5,books,True,,64.54,66.86
512437,5.65,152.7,fragile,False,,22.33,22.34
512438,22.75,19.5,electronics,False,,69.22,69.24
512439,10.14,54.8,standard,True,,33.5,33.49
512440,17.51,272.2,clothing,False,,48.63,48.63
512441,4.96,69.6,food,False,SAVE10,11.17,11.16
512442,15.42,148.8,clothing,False,,38.28,38.27
512443,7.74,271.2,clothing,False,SAVE10,26.14,26.14
512444,3.41,54.4,fragile,False,,11.59,11.59
512445,8.24,26.7,electronics,False,SAVE10,23.45,23.45
512446,2.06,198.8,clothing,False,,14.06,14.06
512447,15.26,153.3,food,False,,35.13,35.14
512448,14.11,230.0,clothing,False,,39.72,39.74
512449,21.42,9.7,electronics,False,SAVE10,58.27,58.28
512450,1.16,112.8,books,True,,23.78,24.01
512451,10.5,242.5,clothing,False,,33.12,33.11
512452,24.62,189.6,standard,False,SAVE10,52.85,52.84
512453,9.0,289.5,food,True,,64.62,64.61
512454,1.93,285.4,electronics,False,,20.06,20.05
512455,20.1,271.9,standard,False,SAVE10,48.42,48.42
512456,2.78,191.9,books,True,,38.23,38.79
512457,18.0,30.7,food,True,,42.0,42.01
512458,13.39,67.7,standard,False,,30.17,30.18
512459,21.98,253.0,clothing,False,,56.61,56.63
512460,13.08,161.9,food,False,,31.64,31.64
512461,17.14,228.2,food,True,SAVE10,63.07,63.07
512462,6.8,153.9,standard,False,,21.3,21.28
512463,24.58,133.4,food,False,SAVE10,45.82,45.83
512464,5.62,156.5,fragile,False,SAVE10,20.19,20.21
512465,20.99,99.5,electronics,True,,82.9,82.91
512466,17.21,210.7,food,True,,67.58,67.57
512467,12.3,31.4,food,False,,23.71,23.71
512468,9.65,229.0,electronics,False,,40.4,40.39
512469,2.59,187.0,food,False,,14.01,14.0
512470,19.93,203.1,fragile,True,,87.28,112.61
512471,6.07,287.3,food,False,SAVE10,22.76,22.77
512472,21.88,219.2,food,False,,50.34,50.33
512473,22.26,10.6,electronics,False,,67.31,67.32
512474,5.65,189.5,food,True,,43.6,43.59
512475,7.63,115.5,clothing,True,,37.58,37.59
512476,17.92,250.0,food,False,,44.76,44.76
512477,19.23,182.5,electronics,False,,66.82,66.83
512478,1.69,217.9,standard,False,,14.28,14.26
512479,20.73,228.6,fragile,False,,65.33,65.35
512480,20.5,69.2,food,False,,40.36,40.35
512481,15.76,139.5,books,True,,51.14,54.3
512482,22.33,285.6,books,True,,83.57,88.02
512483,24.41,207.4,standard,False,SAVE10,53.27,53.27
512484,5.52,206.0,electronics,True,,52.46,52.46
512485,23.61,7.9,standard,False,,47.62,47.61
512486,21.61,66.8,standard,False,,46.56,46.58
512487,14.9,125.2,fragile,False,,45.0,45.0
512488,3.21,289.6,electronics,False,,24.11,24.11
512489,24.06,16.7,standard,True,SAVE10,50.06,50.07
512490,18.71,157.7,food,True,,62.33,62.32
512491,9.57,120.3,food,False,,23.24,23.25
512492,8.41,122.0,books,True,SAVE10,33.08,34.57
512493,23.8,129.0,standard,False,,54.05,54.06
512494,6.15,96.6,electronics,False,,23.28,23.28
512495,20.6,179.9,fragile,False,,62.56,62.55
512496,11.37,190.1,fragile,True,SAVE10,56.77,78.38
512497,17.57,38.6,books,False,,30.04,33.55
512498,20.63,26.5,books,False,,34.33,38.48
512499,2.94,68.7,electronics,False,,12.26,12.25
512500,6.88,175.3,electronics,False,,29.4,29.4
512501,3.29,226.4,clothing,False,,17.9,17.89
512502,10.35,151.6,clothing,False,,28.28,28.26
512503,3.97,53.0,clothing,False,SAVE10,9.53,9.55
512504,22.93,122.9,books,False,,42.83,47.41
512505,19.8,8.9,fragile,False,,51.92,51.92
512506,14.74,51.0,fragile,True,,50.97,61.07
512507,5.18,208.6,standard,True,,46.65,46.65
512508,5.66,194.4,food,False,,19.91,19.91
512509,15.01,222.2,food,False,,38.13,38.11
512510,22.74,221.0,fragile,False,SAVE10,63.16,63.16
512511,23.35,90.4,electronics,False,SAVE10,67.11,67.12
512512,23.26,69.4,fragile,False,SAVE10,57.55,57.57
512513,8.41,93.8,clothing,True,,35.89,35.88
512514,17.59,66.1,standard,True,,50.1,50.1
512515,13.21,230.1,fragile,False,,45.85,45.84
512516,14.11,38.8,electronics,True,SAVE10,47.83,47.82
512517,17.09,108.3,food,False,,36.18,36.17
512518,7.72,8.0,clothing,False,,15.84,15.84
512519,7.06,79.9,electronics,True,,38.17,38.16
512520,10.6,13.7,food,False,SAVE10,17.79,17.78
512521,6.21,189.3,electronics,False,,28.1,28.08
512522,21.58,213.1,electronics,False,,75.4,75.41
512523,9.47,229.8,fragile,True,,64.09,92.08
512524,1.44,295.9,fragile,False,,18.54,18.54
512525,16.01,292.9,electronics,False,,62.68,62.68
512526,24.66,292.7,standard,False,SAVE10,57.56,57.56
512527,13.95,140.2,standard,False,,34.91,34.92
512528,7.43,93.6,standard,False,SAVE10,17.59,17.58
512529,22.6,55.0,books,True,,49.41,53.93
512530,15.93,157.9,fragile,False,,49.31,49.32
512531,15.67,151.5,electronics,False,,54.58,54.59
512532,11.78,293.7,fragile,True,,79.68,114.07
512533,19.4,211.0,standard,True,,75.45,75.44
512534,16.93,93.7,clothing,False,,38.54,38.54
512535,13.88,265.5,books,False,,35.48,38.25
512536,8.69,153.8,food,True,,43.71,43.71
512537,19.71,26.4,standard,False,,40.74,40.75
512538,22.81,226.4,standard,False,,56.94,56.95
512539,2.74,266.3,clothing,False,,18.8,18.81
512540,1.14,126.0,books,False,,8.12,8.33
512541,2.94,113.9,standard,True,,27.96,27.95
512542,21.89,136.1,fragile,False,,63.72,63.71
512543,15.63,8.7,fragile,False,,41.07,41.08
512544,10.24,209.4,books,False,,26.85,28.9
512545,24.39,298.9,standard,False,,63.72,63.74
512546,23.64,192.0,books,False,,47.42,52.15
512547,10.89,169.5,fragile,False,SAVE10,33.11,33.1
512548,9.56,233.3,fragile,False,,36.52,36.52
512549,13.55,74.1,food,True,,40.5,40.5
512550,15.02,197.5,electronics,False,,54.94,54.94
512551,21.13,70.5,books,False,,37.33,41.55
512552,22.02,107.6,food,False,,45.02,45.04
512553,7.48,97.6,standard,False,,19.84,19.84
512554,21.43,262.3,food,False,SAVE10,46.52,46.54
512555,2.4,86.0,standard,False,,9.1,9.1
512556,5.6,274.4,electronics,False,,30.52,30.53
512557,10.78,21.7,standard,True,SAVE10,26.83,26.83
512558,2.36,185.0,electronics,False,SAVE10,14.7,14.69
512559,9.0,249.6,books,False,,26.88,28.66
512560,1.17,11.6,books,False,,2.45,2.67
512561,20.24,227.5,food,False,SAVE10,43.03,43.04
512562,17.07,56.1,electronics,False,SAVE10,48.61,48.61
512563,6.87,162.6,electronics,False,,28.74,28.73
512564,13.32,46.3,food,False,SAVE10,23.66,23.65
512565,10.05,96.6,clothing,False,,24.93,24.94
512566,20.58,83.4,food,True,,54.55,54.57
512567,7.7,144.9,books,False,,19.57,21.1
512568,6.29,252.4,food,False,,23.94,23.95
512569,19.52,43.9,fragile,False,,52.95,52.95
512570,19.03,153.4,books,False,,38.12,41.92
512571,17.74,169.6,standard,False,,43.96,43.95
512572,2.07,39.9,clothing,False,,6.14,6.15
512573,1.51,181.0,standard,False,,12.07,12.07
512574,23.29,259.8,electronics,False,SAVE10,74.57,74.59
512575,24.32,163.0,fragile,False,,71.38,71.39
512576,5.52,25.7,electronics,False,,17.84,17.84
512577,12.54,168.4,books,False,,28.48,31.0
512578,11.85,135.9,books,False,,25.76,28.13
512579,7.45,212.1,food,False,,24.02,24.0
512580,2.43,206.8,clothing,True,,40.88,40.86
512581,6.7,119.5,fragile,False,,23.4,23.4
512582,24.04,283.5,clothing,True,,95.6,95.59
512583,11.35,95.9,clothing,False,,27.5,27.48
512584,5.55,224.3,food,False,SAVE10,19.08,19.09
512585,2.35,152.7,electronics,False,,14.68,14.69
512586,16.32,174.8,standard,False,,41.38,41.36
512587,21.09,58.5,books,False,,36.67,40.88
512588,6.67,142.5,food,False,,19.13,19.11
512589,18.98,96.4,fragile,True,,68.81,83.46
512590,1.03,177.6,books,False,,10.53,10.73
512591,3.67,190.9,electronics,False,,20.56,20.54
512592,16.15,92.5,standard,False,,36.92,36.93
512593,2.81,228.3,clothing,False,,17.04,17.03
512594,11.89,298.8,standard,False,SAVE10,34.85,34.84
512595,12.37,35.6,food,False,,24.05,24.03
512596,1.19,268.5,books,False,SAVE10,13.8,14.02
512597,20.65,167.8,clothing,False,,49.69,49.68
512598,18.59,182.8,fragile,False,,57.47,57.46
512599,19.87,177.5,fragile,False,SAVE10,54.48,54.49
512600,16.48,294.3,electronics,False,,64.16,64.14
512601,7.4,55.8,standard,False,,17.59,17.58
512602,17.52,173.3,clothing,True,SAVE10,59.43,59.43
512603,14.51,288.0,books,False,,37.62,40.52
512604,15.78,292.7,electronics,False,,61.97,61.97
512605,18.93,128.2,standard,False,,44.27,44.26
512606,7.59,223.3,fragile,True,,58.23,85.55
512607,22.89,261.6,electronics,False,,81.75,81.74
512608,11.82,244.2,food,True,,62.91,62.9
512609,8.24,228.4,fragile,False,,32.84,32.86
512610,13.43,124.5,books,False,,27.71,30.39
512611,24.34,62.6,fragile,False,,66.41,66.4
512612,17.77,131.7,standard,True,,60.3,60.31
512613,2.84,267.5,fragile,False,,20.76,20.76
512614,7.26,218.4,fragile,True,,56.64,83.46
512615,17.0,277.6,standard,False,,47.88,47.87
512616,23.96,172.3,clothing,False,,56.54,56.55
512617,13.7,260.1,food,False,SAVE10,33.9,33.91
512618,13.75,202.4,clothing,False,,37.62,37.61
512619,0.52,196.6,books,False,,10.66,10.76
512620,4.25,223.8,food,False,,18.84,18.84
512621,20.24,79.4,clothing,False,SAVE10,40.0,40.02
512622,6.43,237.7,standard,True,,53.52,53.53
512623,13.64,230.0,books,True,,61.32,64.05
512624,17.23,244.1,fragile,False,,57.0,57.02
512625,15.09,82.1,fragile,True,,56.55,69.78
512626,19.27,40.3,electronics,False,,59.82,59.82
512627,16.29,195.4,standard,False,,42.35,42.37
512628,8.09,208.9,food,False,,25.01,25.02
512629,14.85,71.0,books,False,SAVE10,24.58,27.23
512630,17.56,293.9,books,False,SAVE10,38.51,41.67
512631,2.2,46.0,food,True,,15.86,15.84
512632,24.16,117.1,food,True,,66.05,66.04
512633,15.67,113.7,clothing,False,SAVE10,33.32,33.34
512634,24.4,49.5,clothing,False,,51.28,51.28
512635,21.63,134.9,books,False,,41.35,45.67
512636,1.27,240.5,food,False,,14.31,14.31
512637,2.52,248.9,books,False,SAVE10,14.83,15.29
512638,21.47,46.3,fragile,False,SAVE10,52.32,52.34
512639,6.52,288.3,books,False,,24.85,26.15
512640,22.84,282.1,fragile,False,SAVE10,66.14,66.13
512641,24.5,88.6,electronics,True,,91.79,91.8
512642,19.34,109.5,clothing,False,,44.16,44.17
512643,15.8,274.1,books,False,,38.98,42.16
512644,11.26,257.8,food,True,,63.94,63.92
512645,22.76,215.0,clothing,False,,56.27,56.26
512646,15.91,46.5,electronics,False,,50.06,50.04
512647,2.79,246.4,electronics,False,,20.69,20.67
512648,18.29,232.5,standard,False,,48.2,48.19
512649,8.62,27.7,fragile,False,SAVE10,21.42,21.43
512650,3.83,141.3,clothing,False,SAVE10,13.25,13.25
512651,9.48,179.8,standard,True,,50.93,50.93
512652,21.54,120.1,books,False,SAVE10,36.42,40.29
512653,18.69,241.8,clothing,False,,49.47,49.47
512654,9.81,298.2,books,True,,65.43,67.38
512655,20.68,66.8,electronics,True,,77.06,77.05
512656,14.21,55.4,food,True,,38.89,38.89
512657,8.8,137.8,food,True,,41.51,41.52
512658,3.0,271.2,clothing,False,,19.56,19.58
512659,17.2,235.1,fragile,False,SAVE10,50.83,50.84
512660,6.57,170.7,electronics,False,SAVE10,25.42,25.4
512661,12.89,171.1,electronics,True,,69.34,69.35
512662,6.37,267.1,fragile,False,,29.92,29.91
512663,15.97,262.6,books,True,,69.94,73.13
512664,1.94,238.9,books,True,,43.94,44.32
512665,7.33,261.7,food,True,,57.45,57.46
512666,15.82,94.1,clothing,False,,36.34,36.35
512667,21.15,165.9,standard,True,,72.18,72.17
512668,18.37,151.5,clothing,False,SAVE10,39.88,39.88
512669,7.56,233.2,food,False,SAVE10,22.74,22.72
512670,10.24,105.0,standard,True,,41.23,41.21
512671,12.78,241.2,standard,False,,37.62,37.64
512672,23.69,107.4,food,False,,48.01,48.01
512673,4.84,108.8,food,False,,14.15,14.14
512674,19.83,72.4,clothing,True,SAVE10,49.97,49.98
512675,3.28,216.9,books,False,,16.09,16.76
512676,21.06,44.1,fragile,True,SAVE10,59.73,68.22
512677,3.22,110.0,books,False,,10.65,11.31
512678,9.87,209.5,standard,False,SAVE10,27.19,27.2
512679,9.56,123.9,standard,False,,25.32,25.32
512680,16.85,180.8,clothing,False,,42.74,42.72
512681,8.24,236.1,clothing,False,,28.28,28.29
512682,20.25,163.8,standard,True,,70.07,70.08
512683,24.64,168.3,clothing,True,,79.53,79.52
512684,18.1,134.7,books,True,,54.17,57.77
512685,1.02,244.1,clothing,False,,14.24,14.23
512686,2.85,135.4,clothing,False,,12.47,12.48
512687,20.19,187.0,books,False,,41.65,45.7
512688,10.51,77.5,fragile,False,,31.2,31.21
512689,13.05,38.1,clothing,False,,28.01,28.01
512690,21.21,234.0,books,False,,45.64,49.86
512691,17.99,99.0,electronics,False,,58.92,58.91
512692,13.41,207.1,standard,False,,37.17,37.19
512693,7.86,109.7,food,False,,19.63,19.62
512694,2.47,240.6,clothing,False,SAVE10,15.27,15.27
512695,3.27,260.5,standard,False,SAVE10,17.61,17.61
512696,1.8,140.9,standard,True,,29.74,29.74
512697,10.3,235.1,food,False,,30.3,30.3
512698,23.72,224.1,food,False,,53.9,53.89
512699,3.21,280.8,electronics,False,,23.67,23.69
512700,13.12,216.3,standard,False,,37.06,37.04
512701,15.59,138.0,standard,False,,38.08,38.1
512702,23.56,25.0,food,True,,51.16,51.16
512703,24.88,34.0,fragile,False,,66.39,66.39
512704,16.57,261.3,clothing,False,,46.2,46.19
512705,14.71,119.5,food,False,SAVE10,29.21,29.22
512706,17.83,163.1,fragile,False,,54.51,54.51
512707,11.18,11.1,books,False,SAVE10,16.6,18.62
512708,19.62,60.8,food,False,,38.36,38.35
512709,21.0,289.8,food,False,,52.29,52.3
512710,5.77,280.0,standard,False,,25.54,25.56
512711,13.45,45.7,electronics,False,,42.63,42.62
512712,8.18,245.4,fragile,True,,63.08,92.63
512713,3.57,132.9,electronics,False,SAVE10,15.62,15.6
512714,10.81,87.9,fragile,False,,32.5,32.5
512715,15.32,19.7,standard,False,SAVE10,28.46,28.47
512716,13.18,114.6,food,False,,29.45,29.45
512717,9.91,212.9,food,False,,28.48,28.48
512718,14.12,145.4,clothing,False,,35.51,35.5
512719,12.87,83.0,standard,False,,29.89,29.88
512720,1.17,131.6,books,False,,8.45,8.7
512721,17.41,45.0,clothing,False,SAVE10,33.36,33.37
512722,19.83,216.6,standard,True,SAVE10,69.43,69.45
512723,11.81,63.4,clothing,False,,26.79,26.79
512724,16.46,103.3,electronics,True,SAVE10,62.89,62.89
512725,6.43,174.1,clothing,False,,21.56,21.56
512726,18.37,136.4,fragile,False,SAVE10,49.12,49.11
512727,11.65,264.3,fragile,True,,74.94,106.35
512728,16.2,132.3,books,False,,32.54,35.78
512729,16.98,86.2,clothing,False,,38.27,38.25
512730,11.08,297.0,electronics,False,,48.09,48.1
512731,5.09,153.1,fragile,False,,20.89,20.9
512732,23.48,33.5,fragile,True,,71.07,79.42
512733,20.8,31.4,clothing,False,SAVE10,38.85,38.86
512734,9.89,199.1,clothing,False,,29.74,29.74
512735,9.77,261.3,clothing,False,,32.61,32.6
512736,21.26,40.0,electronics,False,,65.78,65.79
512737,18.93,204.3,clothing,True,,73.51,73.49
512738,7.29,89.4,fragile,False,,23.42,23.42
512739,20.62,197.3,fragile,True,,88.21,112.92
512740,8.8,96.1,books,False,,18.89,20.64
512741,21.12,269.7,fragile,False,,68.4,68.4
512742,3.21,136.3,fragile,True,,33.79,52.41
512743,23.71,7.1,fragile,False,,62.0,61.98
512744,9.47,174.4,standard,False,,27.66,27.67
512745,23.06,154.4,electronics,False,,76.9,76.92
512746,6.54,115.7,electronics,False,,25.4,25.42
512747,9.64,15.5,books,False,SAVE10,14.58,16.33
512748,6.71,258.1,food,False,,24.98,24.97
512749,14.87,240.0,electronics,True,,85.61,85.61
512750,6.71,91.4,clothing,False,,17.99,17.98
512751,17.03,224.2,electronics,True,,89.72,89.7
512752,17.15,76.2,fragile,False,,48.4,48.4
512753,19.3,206.6,food,True,SAVE10,63.66,63.64
512754,11.61,271.7,standard,True,,68.97,68.96
512755,10.98,22.6,standard,False,SAVE10,20.78,20.77
512756,6.64,165.0,fragile,False,,25.51,25.52
512757,12.42,81.6,fragile,True,,49.53,62.7
512758,13.44,228.1,standard,True,,66.1,66.1
512759,7.3,185.9,electronics,False,,31.2,31.2
512760,14.17,241.1,books,False,,34.73,37.55
512761,4.71,88.9,books,False,,11.98,12.94
512762,10.75,40.7,food,False,SAVE10,19.25,19.25
512763,8.46,167.7,electronics,False,,33.76,33.77
512764,13.58,265.6,books,False,,35.01,37.71
512765,19.5,210.5,food,True,,71.68,71.67
512766,1.26,194.2,clothing,True,SAVE10,32.99,32.97
512767,11.28,204.7,books,False,,28.28,30.53
512768,2.96,124.6,food,False,,11.56,11.55
512769,9.18,5.5,electronics,True,SAVE10,30.03,30.02
512770,18.53,10.3,food,False,,33.87,33.86
512771,16.07,292.0,food,False,,43.53,43.54
512772,18.06,97.1,standard,False,SAVE10,36.88,36.89
512773,20.45,213.7,clothing,False,,51.58,51.59
512774,8.84,57.2,fragile,True,,36.56,47.28
512775,9.64,112.8,clothing,False,,24.92,24.92
512776,5.11,114.7,food,True,,31.4,31.4
512777,8.53,128.0,clothing,False,SAVE10,21.11,21.12
512778,15.65,34.5,food,False,,29.9,29.9
512779,16.92,102.9,books,False,,32.22,35.61
512780,17.9,143.6,electronics,False,,60.88,60.87
512781,13.65,131.0,fragile,False,,42.04,42.05
512782,1.74,145.4,books,False,,10.05,10.39
512783,16.31,140.5,food,False,,36.38,36.4
512784,21.25,89.4,food,False,,42.72,42.73
512785,21.88,252.3,fragile,False,,69.5,69.52
512786,1.06,149.9,food,False,SAVE10,8.46,8.46
512787,9.74,50.0,clothing,False,,21.98,21.98
512788,12.54,222.6,standard,False,,36.21,36.19
512789,15.79,261.4,clothing,True,,75.79,75.78
512790,20.0,201.0,electronics,True,,95.15,95.16
512791,1.17,59.0,standard,True,SAVE10,14.57,14.58
512792,22.56,10.7,standard,True,,51.72,51.72
512793,11.19,78.7,fragile,True,,45.9,58.77
512794,24.17,84.3,electronics,False,,76.73,76.73
512795,19.83,86.1,electronics,False,,63.79,63.79
512796,10.21,89.7,electronics,False,,35.12,35.11
512797,23.79,205.3,clothing,True,,83.38,83.36
512798,11.89,73.7,standard,False,,27.47,27.48
512799,3.16,141.5,clothing,False,SAVE10,12.06,12.06
512800,5.42,252.5,clothing,False,,23.46,23.46
512801,13.63,98.9,standard,False,,32.2,32.2
512802,19.08,13.1,books,False,SAVE10,28.06,31.52
512803,8.12,155.9,clothing,False,,24.04,24.04
512804,23.48,194.1,clothing,True,,81.08,81.09
512805,6.78,137.5,food,False,,19.08,19.08
512806,24.45,26.1,clothing,False,,50.2,50.22
512807,16.39,286.8,food,True,,77.52,77.51
512808,18.5,46.1,clothing,True,,48.92,48.9
512809,9.97,142.8,food,False,,25.09,25.07
512810,13.53,68.9,standard,False,,30.5,30.52
512811,9.14,175.2,clothing,True,,49.56,49.57
512812,12.88,90.9,fragile,False,,38.03,38.05
512813,21.13,279.4,food,True,,84.94,84.95
512814,19.3,96.1,electronics,True,,77.32,77.31
512815,20.71,101.8,standard,True,SAVE10,55.52,55.52
512816,10.61,156.4,food,False,,26.92,26.93
512817,7.78,89.9,standard,True,,34.04,34.03
512818,15.0,62.0,books,False,,27.1,30.12
512819,23.83,107.1,fragile,True,,83.02,98.72
512820,17.79,178.6,clothing,False,,44.51,44.52
512821,6.2,299.7,standard,False,,27.38,27.39
512822,19.92,228.3,standard,False,,51.26,51.27
512823,22.21,269.8,books,False,,49.03,53.49
512824,18.55,296.0,electronics,False,,70.45,70.44
512825,18.28,20.5,fragile,False,,48.55,48.55
512826,17.09,176.5,standard,False,,43.0,43.02
512827,14.37,175.0,standard,False,,37.49,37.48
512828,10.16,206.6,fragile,False,,36.75,36.73
512829,18.09,276.0,fragile,True,,93.43,126.05
512830,10.82,110.9,fragile,False,,33.68,33.68
512831,4.84,275.9,food,True,,55.1,55.09
512832,22.45,48.5,fragile,False,,60.79,60.8
512833,22.94,205.6,books,False,,46.98,51.56
512834,3.58,6.8,fragile,False,SAVE10,8.68,8.67
512835,20.21,229.4,books,False,,43.81,47.83
512836,15.7,249.9,clothing,False,,43.9,43.91
512837,8.6,203.6,electronics,False,,35.98,35.99
512838,8.58,252.8,standard,False,,29.8,29.8
512839,4.08,24.8,fragile,True,,19.33,26.81
512840,11.43,284.1,books,True,,65.9,68.2
512841,5.7,101.0,clothing,True,,31.55,31.56
512842,16.98,96.0,standard,True,SAVE10,48.02,48.02
512843,23.66,6.1,standard,False,,47.62,47.61
512844,7.79,255.1,clothing,False,,28.34,28.34
512845,6.83,49.9,standard,False,,16.16,16.16
512846,13.28,117.3,books,False,SAVE10,24.4,26.81
512847,3.33,125.6,fragile,False,,14.94,14.95
512848,3.98,53.4,books,False,,9.04,9.83
512849,4.84,232.3,standard,False,SAVE10,19.17,19.16
512850,20.81,184.0,standard,True,,74.22,74.24
512851,12.83,196.4,electronics,False,,48.31,48.3
512852,19.78,115.8,clothing,True,,61.93,61.93
512853,20.91,157.6,standard,False,SAVE10,44.73,44.75
512854,7.89,78.2,food,False,,18.11,18.1
512855,4.79,205.5,food,True,,44.45,44.45
512856,1.98,133.0,standard,False,,10.61,10.62
512857,18.49,154.1,standard,True,,65.1,65.09
512858,13.69,167.9,books,False,,30.3,33.02
512859,21.36,92.2,clothing,False,,47.33,47.35
512860,16.56,265.0,clothing,False,,46.37,46.36
512861,4.66,135.1,books,False,,14.21,15.16
512862,12.37,152.9,food,False,,29.91,29.91
512863,10.44,254.2,standard,True,,64.01,64.01
512864,3.44,63.7,books,False,,8.69,9.4
512865,3.96,292.1,clothing,True,,56.74,56.75
512866,17.78,244.3,food,True,,73.65,73.64
512867,16.7,29.1,clothing,True,,42.76,42.75
512868,10.8,147.1,food,False,,26.8,26.8
512869,3.56,263.7,fragile,True,SAVE10,48.43,76.65
512870,6.8,175.3,clothing,True,,44.9,44.9
512871,11.26,207.2,food,False,,30.63,30.62
512872,18.61,194.7,food,True,,67.7,67.72
512873,10.66,175.5,clothing,False,,30.1,30.1
512874,18.99,162.9,electronics,False,,65.11,65.11
512875,9.44,113.3,electronics,False,SAVE10,30.59,30.58
512876,15.26,128.0,standard,False,,36.92,36.91
512877,18.83,19.5,food,False,,34.87,34.88
512878,10.77,214.2,standard,False,,32.25,32.26
512879,12.0,126.1,food,True,,45.52,45.51
512880,1.83,263.3,food,False,,16.46,16.46
512881,3.26,276.4,fragile,False,,22.3,22.3
512882,17.18,132.8,food,False,,37.56,37.57
512883,2.87,96.1,electronics,True,SAVE10,25.22,25.24
512884,5.11,55.4,electronics,False,,18.1,18.09
512885,12.39,226.5,clothing,False,SAVE10,32.49,32.51
512886,23.23,144.9,standard,True,SAVE10,65.88,65.88
512887,24.93,136.9,electronics,False,,81.63,81.63
512888,19.49,218.0,standard,False,SAVE10,44.89,44.89
512889,9.36,18.4,clothing,False,,19.64,19.66
512890,4.86,295.7,clothing,False,,24.51,24.5
512891,10.5,267.7,standard,False,,34.38,34.39
512892,2.04,269.5,clothing,False,,17.56,17.54
512893,7.47,276.4,standard,False,,28.76,28.78
512894,17.84,200.2,standard,False,,45.69,45.71
512895,15.67,56.5,clothing,False,SAVE10,30.75,30.76
512896,23.28,232.3,standard,False,,58.18,58.16
512897,8.19,151.1,electronics,False,,32.12,32.14
512898,10.72,290.4,standard,False,,35.96,35.96
512899,18.51,243.3,food,True,,74.81,74.83
512900,6.67,216.7,books,False,,21.51,22.85
512901,6.37,78.8,electronics,False,,23.05,23.04
512902,24.47,104.1,clothing,False,,54.14,54.14
512903,9.02,32.4,clothing,False,,19.66,19.66
512904,21.96,248.4,fragile,True,,99.36,129.19
512905,10.37,261.1,food,False,,31.72,31.72
512906,22.53,180.9,standard,False,,54.1,54.11
512907,20.81,299.0,books,False,,48.25,52.39
512908,7.68,222.7,books,False,SAVE10,21.08,22.46
512909,1.73,22.3,books,False,,3.88,4.22
512910,16.78,269.9,fragile,False,SAVE10,51.41,51.41
512911,8.85,34.5,clothing,False,,19.42,19.44
512912,8.59,137.3,food,False,,22.33,22.33
512913,18.03,115.2,food,False,,38.21,38.22
512914,10.58,128.5,fragile,True,SAVE10,46.6,62.67
512915,7.28,70.8,food,False,,16.64,16.64
512916,21.59,126.5,food,False,SAVE10,40.67,40.66
512917,20.0,44.8,fragile,False,,54.24,54.23
512918,20.27,122.6,books,True,SAVE10,50.24,53.89
512919,8.5,145.4,standard,False,,24.27,24.28
512920,24.45,214.4,food,False,,54.73,54.73
512921,13.01,258.9,electronics,True,,82.86,82.85
512922,8.23,79.4,books,True,SAVE10,27.07,28.56
512923,3.91,214.7,books,False,,16.99,17.77
512924,20.34,265.8,books,False,,45.83,49.91
512925,17.78,261.7,fragile,False,,59.31,59.31
512926,23.45,58.5,food,False,,45.14,45.12
512927,2.79,12.5,food,False,,5.65,5.64
512928,1.84,77.1,clothing,True,,20.24,20.26
512929,22.3,109.1,fragile,True,,79.34,95.27
512930,6.67,12.3,food,True,,18.85,18.84
512931,8.62,231.1,standard,False,,28.8,28.8
512932,3.61,105.8,standard,False,SAVE10,11.26,11.27
512933,12.78,103.9,books,False,,25.64,28.19
512934,5.57,289.3,clothing,True,,59.54,59.55
512935,1.96,55.1,electronics,True,,19.15,19.16
512936,23.88,49.1,electronics,False,SAVE10,66.69,66.67
512937,3.89,195.5,food,False,,16.78,16.77
512938,9.49,54.3,fragile,True,,37.82,48.24
512939,5.41,203.1,books,False,,18.81,19.9
512940,20.68,67.9,standard,False,,44.76,44.77
512941,19.64,116.6,standard,True,,61.77,61.77
512942,23.02,258.7,electronics,False,,82.0,82.01
512943,12.13,24.2,fragile,False,,32.75,32.76
512944,19.78,109.1,food,True,,56.97,56.96
512945,20.38,76.3,food,False,,40.5,40.49
512946,21.06,139.5,standard,False,,49.1,49.08
512947,4.33,283.5,standard,False,SAVE10,20.55,20.56
512948,12.52,56.0,fragile,False,,35.35,35.33
512949,16.55,177.8,standard,False,,41.99,41.99
512950,8.0,264.0,food,False,,27.6,27.59
512951,19.73,103.5,electronics,False,,64.36,64.38
512952,16.08,175.1,books,False,,34.48,37.69
512953,20.17,295.8,standard,False,SAVE10,49.62,49.61
512954,18.74,233.6,books,True,,70.02,73.78
512955,11.18,130.2,electronics,False,,40.05,40.04
512956,3.35,160.0,standard,False,,14.7,14.71
512957,6.42,168.9,fragile,False,SAVE10,22.62,22.64
512958,12.64,187.9,books,False,,29.62,32.14
512959,23.83,258.8,food,False,SAVE10,50.25,50.24
512960,5.58,229.8,fragile,False,,26.0,26.0
512961,20.5,178.4,electronics,False,,70.42,70.42
512962,6.78,108.9,food,False,,17.65,17.67
512963,14.91,281.1,standard,True,SAVE10,69.29,69.28
512964,22.57,262.4,clothing,False,,58.26,58.24
512965,11.49,146.7,clothing,True,,49.98,49.98
512966,5.89,40.8,electronics,True,SAVE10,25.91,25.91
512967,8.09,294.8,standard,True,,65.4,65.4
512968,18.78,225.2,standard,False,,48.82,48.83
512969,16.9,272.2,clothing,False,,47.41,47.42
512970,15.86,166.0,food,False,,36.85,36.84
512971,5.72,190.8,food,False,,19.84,19.85
512972,18.99,135.3,standard,False,,44.74,44.75
512973,21.03,37.5,clothing,True,,52.68,52.69
512974,11.82,18.4,standard,False,,24.56,24.56
512975,7.24,20.0,clothing,False,,15.48,15.47
512976,15.39,159.8,electronics,False,,54.16,54.16
512977,19.77,219.9,books,False,,42.63,46.59
512978,11.64,278.1,food,True,,67.67,67.68
512979,14.24,198.2,fragile,False,,46.93,46.93
512980,18.83,108.3,food,True,,55.14,55.14
512981,22.97,47.4,fragile,False,SAVE10,55.88,55.87
512982,2.45,67.8,books,False,,7.31,7.81
512983,17.38,10.6,electronics,False,,52.67,52.69
512984,2.06,222.9,food,False,SAVE10,13.37,13.35
512985,7.1,138.5,clothing,False,,21.12,21.13
512986,17.19,70.8,books,False,,31.04,34.5
512987,4.78,293.0,food,True,SAVE10,51.8,51.78
512988,16.8,83.3,books,True,,44.38,47.75
512989,19.67,177.0,fragile,True,,82.69,105.4
512990,17.19,54.5,clothing,False,,37.11,37.1
512991,20.68,263.9,food,False,,50.42,50.43
512992,15.45,267.6,clothing,False,,44.28,44.28
512993,12.82,195.8,clothing,False,,35.43,35.44
512994,24.66,98.8,electronics,True,,93.8,93.8
512995,8.85,133.7,electronics,False,,33.24,33.22
512996,4.72,221.9,standard,False,SAVE10,18.48,18.48
512997,12.63,73.6,standard,True,,41.3,41.32
512998,14.87,257.7,fragile,False,,51.55,51.55
512999,9.37,297.8,clothing,False,,33.63,33.64
513000,23.85,113.2,food,True,,64.91,64.9
513001,8.63,165.2,electronics,True,SAVE10,50.1,50.12
513002,5.07,232.8,books,False,,19.75,20.75
513003,13.63,64.5,electronics,True,,55.56,55.57
513004,5.95,200.9,clothing,False,,21.94,21.95
513005,15.89,261.5,electronics,False,SAVE10,54.67,54.69
513006,7.64,270.4,clothing,True,,60.84,60.83
513007,9.48,280.0,food,True,,64.06,64.07
513008,17.32,269.1,fragile,True,,90.4,122.32
513009,17.15,7.8,clothing,False,,34.69,34.7
513010,1.67,256.7,books,False,,15.51,15.85
513011,14.35,250.7,clothing,True,,71.31,71.29
513012,14.38,63.0,standard,False,,31.91,31.91
513013,9.31,218.6,books,True,SAVE10,47.42,49.11
513014,9.57,58.9,food,False,,20.17,20.18
513015,15.34,187.2,clothing,False,SAVE10,36.04,36.04
513016,19.66,57.2,clothing,False,SAVE10,37.96,37.96
513017,19.63,122.3,food,False,SAVE10,37.3,37.32
513018,21.21,266.5,books,True,SAVE10,71.02,74.85
513019,13.54,241.0,books,True,,62.81,65.53
513020,6.81,180.7,books,True,,43.0,44.38
513021,18.45,168.6,fragile,True,,78.26,100.14
513022,4.52,299.7,food,False,SAVE10,20.81,20.82
513023,0.98,11.8,standard,False,,2.55,2.54
513024,3.91,145.0,clothing,False,,15.07,15.08
513025,1.82,246.1,food,False,,15.58,15.6
513026,10.85,19.2,clothing,False,SAVE10,20.39,20.4
513027,10.2,18.5,books,True,,24.1,26.14
513028,24.13,284.9,books,False,,52.85,57.66
513029,21.39,295.3,fragile,True,SAVE10,94.42,125.5
513030,20.76,288.3,food,False,,51.78,51.8
513031,18.53,37.7,electronics,False,,57.48,57.46
513032,4.94,108.8,fragile,True,,34.16,50.04
513033,4.31,106.7,clothing,False,,13.96,13.96
513034,20.59,148.4,books,True,SAVE10,54.18,57.9
513035,19.18,295.4,books,False,SAVE10,40.91,44.38
513036,1.68,76.5,books,False,,6.51,6.85
513037,10.67,106.9,standard,False,,26.68,26.69
513038,7.12,191.4,standard,True,,47.95,47.94
513039,14.06,245.1,clothing,False,,40.38,40.36
513040,11.57,62.9,standard,False,,26.28,26.28
513041,11.93,284.6,clothing,False,,38.09,38.08
513042,15.72,280.8,clothing,True,,78.56,78.55
513043,19.46,192.6,fragile,False,,60.23,60.23
513044,22.3,76.2,fragile,False,,61.79,61.79
513045,12.39,200.1,clothing,False,,34.79,34.78
513046,9.76,250.1,fragile,False,SAVE10,34.09,34.08
513047,21.45,106.3,food,True,,59.56,59.55
513048,1.1,48.1,fragile,False,,5.26,5.27
513049,19.36,49.9,books,True,,43.46,47.34
513050,1.83,181.3,fragile,False,,13.82,13.82
513051,7.74,221.5,electronics,False,,34.3,34.29
513052,23.11,19.8,fragile,False,SAVE10,54.97,54.98
513053,8.12,62.8,electronics,True,,38.78,38.77
513054,1.71,60.1,standard,False,SAVE10,5.78,5.77
513055,3.6,69.8,fragile,True,,24.83,36.81
513056,23.94,191.4,food,False,SAVE10,47.4,47.4
513057,10.55,113.1,clothing,False,,26.76,26.74
513058,9.52,15.0,standard,True,,26.29,26.3
513059,22.67,14.6,electronics,True,,75.2,75.22
513060,21.29,172.7,food,False,,46.96,46.95
513061,6.55,203.4,electronics,False,,29.82,29.82
513062,3.44,247.9,electronics,False,,22.72,22.7
513063,22.43,44.0,food,False,,42.57,42.59
513064,9.84,262.4,clothing,False,,32.8,32.82
513065,11.78,297.4,standard,False,,38.43,38.43
513066,4.36,136.4,fragile,False,,18.16,18.15
513067,10.56,82.0,standard,False,,25.22,25.2
513068,22.39,129.6,clothing,False,SAVE10,46.13,46.14
513069,22.76,30.5,food,False,,42.49,42.5
513070,5.15,243.1,food,True,,50.74,50.74
513071,16.24,25.4,electronics,True,SAVE10,51.78,51.78
513072,3.97,207.3,fragile,True,,46.42,72.14
513073,12.89,173.0,clothing,True,,56.73,56.72
513074,19.72,268.6,books,True,SAVE10,69.16,72.7
513075,6.85,153.4,electronics,False,,28.22,28.2
513076,14.92,135.9,standard,False,,36.64,36.62
513077,5.26,296.3,books,False,SAVE10,20.91,21.86
513078,7.35,156.1,clothing,False,,22.5,22.51
513079,16.19,72.0,food,True,SAVE10,40.45,40.45
513080,8.75,254.1,clothing,True,SAVE10,54.55,54.57
513081,5.82,111.7,clothing,True,,33.4,33.39
513082,8.37,123.9,books,False,,19.59,21.25
513083,19.17,162.9,clothing,True,,67.78,67.78
513084,10.72,83.8,standard,False,,25.63,25.63
513085,15.22,205.1,clothing,False,,40.7,40.71
513086,6.88,219.8,clothing,True,,51.73,51.73
513087,15.78,109.7,electronics,False,,52.82,52.83
513088,1.54,142.0,books,False,,9.56,9.86
513089,1.89,240.2,clothing,False,,15.79,15.79
513090,5.82,30.9,food,True,,20.11,20.11
513091,19.85,262.1,clothing,True,SAVE10,75.61,75.61
513092,4.79,30.4,standard,False,,11.1,11.11
513093,10.78,284.4,fragile,True,,75.69,109.11
513094,24.84,123.6,books,False,,45.92,50.89
513095,6.21,279.3,fragile,True,SAVE10,56.74,86.37
513096,4.08,253.9,fragile,False,,23.3,23.3
513097,7.27,84.6,clothing,False,,18.77,18.75
513098,13.53,82.1,food,False,,28.46,28.46
513099,22.48,259.0,electronics,False,,80.39,80.39
513100,1.27,110.0,fragile,False,,8.8,8.82
513101,13.52,134.1,food,True,,49.45,49.45
513102,0.93,87.4,fragile,False,,6.79,6.79
513103,24.8,286.7,standard,False,,63.94,63.93
513104,11.69,192.7,standard,True,,57.28,57.27
513105,17.07,30.2,fragile,False,,45.89,45.91
513106,6.82,42.9,food,False,,14.42,14.43
513107,12.11,11.6,standard,False,,24.8,24.79
513108,20.68,72.0,standard,False,,44.96,44.95
513109,3.39,292.3,standard,False,,21.4,21.38
513110,5.76,93.9,electronics,False,,21.98,21.96
513111,7.94,116.2,books,False,,18.51,20.11
513112,20.64,48.3,standard,True,SAVE10,48.17,48.18
513113,22.55,175.3,clothing,False,,53.86,53.88
513114,18.87,152.4,books,False,,37.81,41.57
513115,6.51,142.6,fragile,False,,24.06,24.05
513116,8.24,209.6,food,False,,25.31,25.32
513117,18.52,50.1,electronics,False,SAVE10,52.26,52.24
513118,11.39,270.1,electronics,True,,79.68,79.67
513119,9.02,143.9,food,False,,23.43,23.45
513120,24.91,259.4,electronics,False,,87.7,87.69
513121,6.78,272.4,food,False,SAVE10,23.24,23.25
513122,19.6,227.6,food,True,,74.42,74.42
513123,4.82,11.3,electronics,False,,15.02,15.01
513124,22.85,269.5,clothing,False,SAVE10,53.26,53.24
513125,7.48,246.0,clothing,False,,27.26,27.25
513126,23.07,249.6,electronics,False,,81.69,81.69
513127,17.9,63.3,food,False,SAVE10,31.85,31.84
513128,21.92,268.8,food,True,,84.78,84.76
513129,16.09,123.1,fragile,True,,65.3,82.59
513130,3.03,41.6,electronics,False,,11.17,11.18
513131,10.23,83.3,fragile,False,,30.76,30.77
513132,24.49,112.9,food,True,,66.02,66.01
513133,3.54,252.4,electronics,False,SAVE10,20.92,20.91
513134,13.54,9.9,standard,False,,27.58,27.56
513135,13.28,86.2,standard,False,,30.87,30.87
513136,11.2,79.4,electronics,False,,37.57,37.58
513137,7.38,286.5,electronics,False,,36.47,36.47
513138,8.06,80.9,clothing,True,,33.26,33.25
513139,5.49,182.0,clothing,False,,20.08,20.09
513140,6.93,191.7,clothing,True,,47.61,47.61
513141,1.41,137.2,food,False,SAVE10,8.46,8.44
513142,18.86,294.8,clothing,True,,86.94,86.93
513143,22.39,208.0,books,False,,46.22,50.69
513144,5.9,39.8,food,True,,21.59,21.6
513145,1.91,233.0,food,True,,43.39,43.39
513146,9.91,219.4,books,True,,53.77,55.76
513147,3.15,62.4,standard,False,SAVE10,8.48,8.49
513148,10.94,108.7,electronics,True,,54.12,54.14
513149,6.75,292.1,clothing,False,SAVE10,25.29,25.28
513150,14.63,39.9,fragile,True,,49.02,58.02
513151,18.67,155.8,books,False,,37.66,41.38
513152,21.97,88.2,standard,True,,62.17,62.18
513153,18.05,296.9,fragile,False,,61.78,61.78
513154,20.79,232.5,standard,False,SAVE10,47.88,47.87
513155,24.88,59.7,food,False,,47.77,47.77
513156,10.33,161.8,food,False,,26.68,26.68
513157,4.34,280.5,food,True,,54.89,54.87
513158,4.67,146.6,fragile,False,SAVE10,17.52,17.52
513159,11.89,59.0,standard,True,,37.63,37.61
513160,17.51,249.7,standard,False,,47.5,47.5
513161,20.87,195.7,food,False,,47.35,47.34
513162,4.57,44.7,food,False,SAVE10,9.41,9.41
513163,13.33,131.0,books,False,,27.88,30.53
513164,2.37,250.8,standard,False,,17.28,17.29
513165,14.53,161.3,standard,True,,58.26,58.25
513166,21.69,290.4,books,False,,49.22,53.58
513167,8.94,256.7,food,True,,59.6,59.58
513168,17.11,98.4,fragile,False,,49.41,49.42
513169,16.0,197.6,books,False,,35.48,38.67
513170,16.77,57.9,electronics,False,SAVE10,47.88,47.87
513171,4.97,95.0,food,True,,28.2,28.19
513172,12.99,107.7,standard,False,,31.36,31.35
513173,1.85,273.9,books,False,,16.66,17.04
513174,10.6,28.2,books,True,,26.19,28.3
513175,1.81,218.3,books,False,,13.81,14.18
513176,24.15,139.2,books,True,,64.52,69.36
513177,8.97,15.8,books,False,SAVE10,13.63,15.24
513178,6.57,211.2,fragile,False,,27.64,27.65
513179,22.62,26.1,clothing,True,SAVE10,48.74,48.75
513180,11.09,243.2,food,True,SAVE10,55.3,55.29
513181,13.03,145.8,standard,False,,33.35,33.35
513182,21.76,73.6,food,False,,42.85,42.86
513183,13.31,227.7,books,False,,32.68,35.33
513184,10.11,112.1,books,False,SAVE10,19.6,21.4
513185,18.57,115.5,electronics,True,,78.04,78.05
513186,7.88,163.6,electronics,True,,53.18,53.16
513187,4.21,73.7,books,False,,10.42,11.27
513188,18.09,106.0,standard,False,SAVE10,37.33,37.35
513189,12.69,289.8,food,False,,37.33,37.34
513190,24.94,73.0,electronics,True,,90.77,90.78
513191,13.88,159.9,books,False,,30.2,32.97
513192,22.46,211.1,electronics,False,SAVE10,70.14,70.16
513193,1.55,50.3,standard,True,SAVE10,14.08,14.08
513194,1.07,104.1,clothing,False,SAVE10,6.61,6.6
513195,9.1,117.4,books,False,,20.43,22.26
513196,20.95,137.6,food,False,SAVE10,40.13,40.14
513197,12.14,124.5,books,False,,25.65,28.09
513198,15.43,156.1,food,True,,56.19,56.2
513199,9.39,17.7,electronics,False,,29.06,29.06
513200,8.96,274.4,fragile,False,SAVE10,33.31,33.31
513201,8.6,67.3,standard,True,SAVE10,29.07,29.06
513202,7.45,65.0,standard,True,,29.65,29.66
513203,1.38,271.7,electronics,False,,17.73,17.73
513204,17.07,193.0,fragile,False,,54.03,54.05
513205,8.06,23.8,fragile,False,,22.15,22.16
513206,23.01,81.8,food,True,,58.69,58.68
513207,14.95,294.1,clothing,False,,44.6,44.59
513208,4.31,153.3,books,False,SAVE10,13.1,13.89
513209,7.71,184.8,fragile,False,,29.29,29.3
513210,4.95,70.1,food,False,SAVE10,11.17,11.17
513211,18.99,219.9,standard,True,,75.96,75.95
513212,6.7,251.4,books,False,,23.29,24.62
513213,14.19,259.6,books,False,SAVE10,32.12,34.66
513214,11.12,128.5,electronics,False,,39.78,39.77
513215,9.51,161.9,electronics,False,SAVE10,32.96,32.98
513216,21.73,191.7,clothing,False,,53.04,53.04
513217,13.05,245.0,electronics,False,,51.4,51.41
513218,8.1,107.3,food,True,SAVE10,32.11,32.12
513219,4.68,295.2,standard,True,,58.64,58.64
513220,7.81,283.0,clothing,True,,63.07,63.07
513221,5.14,100.1,books,True,,28.24,29.28
513222,16.77,36.6,electronics,True,,60.8,60.79
513223,18.72,7.4,standard,False,SAVE10,34.03,34.01
513224,15.12,92.1,standard,False,SAVE10,31.36,31.37
513225,17.93,254.4,books,True,SAVE10,64.66,67.88
513226,18.83,84.2,electronics,True,,74.12,74.11
513227,14.55,35.9,standard,True,,39.48,39.5
513228,5.12,5.9,electronics,False,,15.66,15.64
513229,16.19,117.2,fragile,True,,64.67,81.38
513230,1.09,100.7,standard,False,SAVE10,6.49,6.5
513231,12.17,37.2,books,False,,21.33,23.75
513232,4.44,196.3,books,False,,16.92,17.82
513233,17.58,130.4,fragile,False,,52.23,52.21
513234,16.86,171.2,electronics,False,SAVE10,53.23,53.23
513235,8.62,295.8,books,False,,28.58,30.29
513236,14.82,229.9,standard,False,,41.14,41.13
513237,17.93,106.2,fragile,False,,51.93,51.94
513238,13.02,184.5,fragile,True,SAVE10,59.87,80.98
513239,6.74,60.6,fragile,False,,20.55,20.57
513240,3.27,243.9,books,False,,17.43,18.07
513241,21.85,12.5,books,True,,41.84,46.2
513242,2.66,17.1,books,False,,5.11,5.65
513243,5.36,63.4,food,True,,24.16,24.15
513244,19.61,278.0,food,False,,49.2,49.2
513245,1.72,283.0,books,False,SAVE10,15.21,15.5
513246,4.01,128.9,fragile,True,,34.76,52.63
513247,9.61,130.7,electronics,False,,35.36,35.37
513248,4.2,187.9,books,True,SAVE10,35.91,36.68
513249,1.5,143.7,books,False,,9.59,9.88
513250,19.49,170.1,standard,True,,69.5,69.51
513251,4.74,180.7,clothing,False,,18.52,18.53
513252,22.89,141.4,electronics,False,,75.74,75.74
513253,1.71,57.8,books,True,,16.41,16.74
513254,7.2,291.0,electronics,True,,70.25,70.25
513255,14.49,125.5,books,True,,47.01,49.92
513256,2.94,74.0,books,False,,8.4,9.0
513257,12.22,75.7,clothing,False,,28.22,28.21
513258,12.43,86.2,food,False,,26.68,26.68
513259,15.2,288.6,books,False,,38.75,41.78
513260,23.19,45.5,electronics,False,,71.85,71.85
513261,10.51,139.5,clothing,False,,28.0,28.0
513262,22.77,168.9,clothing,True,,75.88,75.87
513263,5.85,186.9,electronics,False,SAVE10,24.21,24.2
513264,16.51,24.0,fragile,False,SAVE10,39.71,39.72
513265,11.0,146.9,electronics,True,,60.04,60.03
513266,19.51,164.4,fragile,False,,58.95,58.96
513267,13.26,7.0,fragile,False,,34.83,34.81
513268,21.42,211.5,standard,True,,79.57,79.56
513269,4.29,159.3,standard,False,,16.55,16.55
513270,6.97,159.9,clothing,False,,21.94,21.92
513271,13.84,22.4,books,True,,30.5,33.26
513272,16.05,282.4,fragile,False,,55.85,55.85
513273,9.79,258.2,food,False,,30.53,30.53
513274,20.18,96.6,food,False,,41.15,41.14
513275,9.77,149.5,food,False,,25.06,25.05
513276,23.37,199.5,clothing,False,,56.72,56.72
513277,23.31,200.3,fragile,True,SAVE10,86.09,108.63
513278,1.55,22.1,books,False,,3.59,3.89
513279,16.21,268.0,fragile,False,SAVE10,49.99,49.99
513280,21.58,154.9,food,False,,46.59,46.58
513281,1.74,222.4,fragile,False,,15.64,15.66
513282,18.59,287.8,electronics,False,,70.16,70.16
513283,14.78,155.3,food,True,,54.9,54.89
513284,13.17,229.0,clothing,False,SAVE10,34.01,34.0
513285,7.21,298.2,fragile,False,,33.66,33.65
513286,18.5,33.3,clothing,True,SAVE10,42.3,42.31
513287,5.9,176.8,fragile,False,SAVE10,21.76,21.76
513288,4.97,275.3,electronics,False,,28.68,28.66
513289,9.07,128.4,fragile,True,,47.84,65.68
513290,24.79,105.1,books,True,,60.43,65.38
513291,10.44,71.2,standard,True,,36.56,36.57
513292,4.01,292.8,standard,False,,22.66,22.68
513293,10.3,104.4,books,False,,21.7,23.76
513294,19.26,17.0,books,False,,31.67,35.5
513295,15.79,99.7,fragile,False,SAVE10,41.44,41.42
513296,18.09,295.0,standard,True,,85.43,85.44
513297,20.74,105.8,standard,False,,46.77,46.79
513298,7.63,238.0,electronics,False,,34.79,34.79
513299,9.01,196.6,electronics,False,,36.86,36.86
513300,21.51,97.5,standard,True,,62.64,62.63
513301,9.87,136.0,clothing,True,,45.14,45.14
513302,13.05,122.1,books,True,,44.2,46.81
513303,20.91,206.2,fragile,True,SAVE10,81.27,104.33
513304,15.92,230.8,electronics,False,,59.3,59.31
513305,22.87,173.4,fragile,False,,68.13,68.14
513306,0.86,114.3,standard,False,,7.44,7.42
513307,15.68,223.3,clothing,False,,42.52,42.53
513308,13.0,192.6,standard,False,,35.63,35.61
513309,10.56,10.8,standard,True,,27.74,27.73
513310,7.76,69.0,food,False,SAVE10,15.68,15.66
513311,9.72,144.1,books,True,SAVE10,37.95,39.68
513312,20.53,294.9,clothing,False,,55.8,55.79
513313,12.17,179.7,electronics,False,,45.5,45.48
513314,5.89,114.8,electronics,True,,39.89,39.89
513315,17.5,103.7,clothing,False,SAVE10,36.17,36.16
513316,20.58,18.7,books,False,,33.86,38.0
513317,10.45,152.5,electronics,False,SAVE10,35.08,35.07
513318,3.69,173.9,books,False,,14.6,15.32
513319,18.74,202.2,standard,False,,47.59,47.58
513320,17.43,20.7,clothing,False,,35.89,35.91
513321,17.49,93.3,food,True,,50.48,50.46
513322,0.85,79.0,food,True,,18.38,18.37
513323,3.43,88.1,electronics,True,,28.51,28.49
513324,24.19,86.7,electronics,False,SAVE10,69.21,69.23
513325,14.08,173.3,food,True,SAVE10,50.71,50.71
513326,6.87,32.7,electronics,False,SAVE10,20.02,20.01
513327,1.72,16.5,fragile,True,,11.95,18.6
513328,12.15,73.7,fragile,True,,47.65,60.02
513329,8.44,7.9,books,False,,13.9,15.57
513330,4.31,131.6,fragile,False,,17.79,17.79
513331,16.12,67.3,books,False,,29.16,32.38
513332,4.91,251.8,fragile,True,,55.54,85.72
513333,23.71,23.9,food,False,SAVE10,39.49,39.48
513334,6.19,134.3,fragile,False,,22.81,22.81
513335,22.28,90.8,clothing,False,,49.1,49.12
513336,9.2,180.8,books,True,,46.84,48.7
513337,7.66,230.4,electronics,True,SAVE10,56.29,56.3
513338,19.08,61.5,fragile,False,,52.68,52.68
513339,12.89,201.5,standard,False,SAVE10,32.27,32.28
513340,3.94,281.0,books,False,,20.35,21.16
513341,21.09,294.5,electronics,False,,78.0,78.0
513342,13.99,212.7,clothing,False,,38.62,38.62
513343,14.43,292.2,standard,False,,43.47,43.47
513344,9.76,291.0,fragile,True,,74.03,108.12
513345,20.72,206.4,standard,False,,51.76,51.75
513346,15.56,208.5,fragile,False,,50.88,50.87
513347,2.3,288.4,clothing,True,,52.86,52.85
513348,22.18,193.9,electronics,False,,76.23,76.25
513349,14.37,120.0,books,True,,45.99,48.87
513350,7.18,147.3,electronics,False,,28.9,28.89
513351,1.51,27.1,clothing,False,,4.38,4.37
513352,1.52,192.4,clothing,True,,36.9,36.9
513353,3.5,61.5,food,False,,9.38,9.39
513354,6.8,36.9,food,False,,14.08,14.1
513355,13.44,239.7,fragile,True,,75.9,104.88
513356,6.03,114.9,clothing,True,,34.3,34.3
513357,19.81,173.4,standard,False,,48.29,48.27
513358,13.4,225.3,fragile,True,SAVE10,66.27,91.04
513359,11.0,212.9,standard,False,,32.65,32.64
513360,11.02,223.4,books,False,,28.8,31.02
513361,6.39,77.6,electronics,False,,23.05,23.05
513362,13.68,165.4,fragile,True,,65.38,86.92
513363,6.21,174.4,fragile,True,,47.31,69.74
513364,8.42,23.2,electronics,False,SAVE10,23.78,23.77
513365,13.0,213.2,food,False,SAVE10,30.65,30.67
513366,16.05,151.5,clothing,False,,39.68,39.69
513367,8.53,23.8,clothing,True,,25.63,25.62
513368,18.17,153.2,standard,True,,64.32,64.34
513369,9.26,91.0,books,False,,19.37,21.2
513370,22.92,210.6,fragile,True,,96.18,122.26
513371,4.15,261.6,standard,False,SAVE10,19.24,19.24
513372,14.66,171.1,electronics,False,,52.54,52.53
513373,9.19,144.3,fragile,True,SAVE10,45.49,62.97
513374,11.64,265.6,fragile,False,,43.54,43.53
513375,3.33,181.3,fragile,False,,17.72,17.71
513376,8.78,102.5,books,True,,34.42,36.19
513377,5.12,184.9,electronics,False,,24.6,24.6
513378,17.07,222.9,fragile,False,,55.53,55.53
513379,19.5,124.8,food,False,,41.34,41.35
513380,19.75,255.8,books,False,,44.39,48.33
513381,22.85,103.2,books,True,,57.04,61.61
513382,9.88,222.6,food,True,SAVE10,50.56,50.54
513383,16.17,282.4,electronics,False,,62.63,62.63
513384,23.93,57.7,food,False,SAVE10,41.36,41.37
513385,12.74,237.9,standard,True,SAVE10,59.55,59.54
513386,13.24,135.8,electronics,True,,65.09,65.1
513387,16.56,78.4,fragile,False,,46.98,46.99
513388,1.24,271.6,electronics,False,,17.3,17.29
513389,21.31,67.9,clothing,True,,57.8,57.81
513390,10.69,228.5,clothing,True,,60.66,60.66
513391,19.0,29.0,fragile,True,,58.75,66.66
513392,3.75,207.8,standard,True,,43.67,43.68
513393,12.56,223.8,books,True,,58.67,61.17
513394,14.44,267.4,electronics,False,,56.69,56.7
513395,19.44,294.9,standard,True,,88.12,88.1
513396,15.12,55.8,fragile,False,,42.1,42.1
513397,15.74,221.8,electronics,True,,85.49,85.51
513398,23.15,75.1,standard,True,,62.56,62.55
513399,7.13,32.6,clothing,False,,15.89,15.88
513400,11.49,224.7,fragile,False,SAVE10,37.0,37.02
513401,22.08,150.9,books,False,,42.87,47.29
513402,11.68,237.4,electronics,True,,75.65,75.64
513403,15.0,266.0,fragile,False,,52.3,52.31
513404,12.88,26.7,electronics,False,,39.98,39.99
513405,24.36,184.0,fragile,False,,72.54,72.52
513406,17.14,148.8,standard,False,,41.72,41.74
513407,19.44,115.8,clothing,False,,44.67,44.65
513408,1.28,105.6,clothing,False,,7.84,7.84
513409,10.17,30.4,fragile,False,,27.96,27.96
513410,18.81,34.3,standard,False,SAVE10,35.4,35.4
513411,4.62,63.5,clothing,True,SAVE10,21.39,21.39
513412,19.6,71.8,electronics,False,SAVE10,56.15,56.17
513413,23.07,100.6,clothing,True,SAVE10,59.61,59.62
513414,19.15,59.1,fragile,False,,52.74,52.76
513415,18.21,78.6,food,True,,49.57,49.56
513416,7.24,256.2,electronics,True,,65.15,65.14
513417,3.46,193.2,electronics,False,,20.04,20.05
513418,23.5,155.3,fragile,True,SAVE10,80.46,98.92
513419,10.83,172.5,standard,False,SAVE10,27.26,27.27
513420,22.59,136.5,food,False,,47.49,47.48
513421,16.85,215.3,books,False,,37.73,41.1
513422,23.32,267.7,books,True,,82.47,87.12
513423,1.12,56.3,electronics,False,,6.18,6.19
513424,20.09,226.9,food,False,,47.51,47.51
513425,18.61,191.8,books,False,SAVE10,35.43,38.77
513426,14.3,168.5,food,False,,34.17,34.16
513427,4.49,7.9,standard,False,,9.38,9.36
513428,5.49,64.3,clothing,True,,25.62,25.63
513429,23.27,135.6,books,False,,44.01,48.68
513430,10.05,278.1,books,True,,62.8,64.82
513431,18.94,176.7,clothing,False,,46.72,46.72
513432,24.41,219.5,standard,True,,86.74,86.76
513433,6.09,187.6,books,False,,19.12,20.34
513434,2.14,223.9,books,True,,42.01,42.45
513435,1.37,122.3,food,False,,8.58,8.58
513436,11.07,222.4,clothing,False,SAVE10,29.93,29.94
513437,20.7,58.7,standard,False,,44.34,44.34
513438,20.09,102.4,standard,True,,60.54,60.55
513439,14.97,36.2,food,True,,37.38,37.36
513440,0.57,10.3,clothing,False,,1.65,1.66
513441,6.54,296.0,fragile,False,,31.8,31.8
513442,4.14,233.6,clothing,False,,19.96,19.97
513443,4.33,189.7,fragile,False,,20.74,20.73
513444,3.75,45.4,food,False,,9.02,9.01
513445,1.35,123.4,standard,False,SAVE10,7.98,7.97
513446,12.85,151.7,standard,False,,33.28,33.29
513447,8.87,93.0,books,False,,18.84,20.6
513448,9.14,86.6,standard,False,SAVE10,20.35,20.35
513449,7.26,139.0,books,False,,18.57,20.01
513450,19.88,288.1,food,True,,84.0,84.0
513451,7.61,286.7,electronics,False,,37.17,37.16
513452,4.35,12.8,fragile,False,SAVE10,10.76,10.76
513453,7.42,14.2,standard,False,,15.55,15.54
513454,6.6,177.9,electronics,False,,28.7,28.69
513455,8.99,97.3,fragile,False,,28.24,28.25
513456,9.8,169.4,food,False,,26.11,26.13
513457,6.07,199.7,standard,False,,22.12,22.11
513458,15.89,284.6,books,True,,73.11,76.31
513459,4.3,259.9,fragile,False,,24.17,24.17
513460,22.77,118.7,standard,False,,51.48,51.46
513461,22.14,100.5,clothing,True,,64.36,64.35
513462,12.59,229.0,electronics,False,,49.22,49.23
513463,18.4,174.8,electronics,False,,63.94,63.94
513464,5.74,7.8,food,False,SAVE10,9.65,9.66
513465,7.64,27.7,food,False,,15.14,15.13
513466,22.76,251.1,standard,True,,88.18,88.18
513467,12.11,116.7,fragile,False,SAVE10,33.59,33.61
513468,18.65,267.8,food,False,,46.96,46.96
513469,20.4,136.2,food,True,,62.15,62.14
513470,17.69,141.5,fragile,True,,72.22,91.37
513471,11.6,215.9,books,False,,29.36,31.67
513472,9.8,231.2,books,True,,55.36,57.31
513473,1.97,185.5,clothing,False,,13.22,13.2
513474,21.68,107.5,electronics,True,,86.16,86.17
513475,17.47,285.1,standard,True,SAVE10,74.43,74.42
513476,2.04,217.5,electronics,False,,17.0,16.99
513477,20.93,94.1,fragile,True,SAVE10,66.18,79.17
513478,7.48,80.7,standard,False,,19.0,19.0
513479,21.35,278.1,electronics,False,,77.96,77.95
513480,4.17,204.4,books,False,,16.89,17.73
513481,1.04,98.2,books,False,,6.57,6.76
513482,21.54,155.7,food,False,,46.56,46.54
513483,22.29,123.9,books,False,,41.86,46.31
513484,12.58,262.5,food,False,,35.77,35.76
513485,22.87,171.3,electronics,False,,77.18,77.18
513486,2.69,113.5,books,False,,9.98,10.51
513487,4.18,147.8,electronics,False,,19.93,19.92
513488,24.29,296.1,clothing,False,,63.38,63.4
513489,23.52,136.1,clothing,False,,53.84,53.85
513490,17.52,109.5,clothing,False,,40.52,40.53
513491,8.7,135.6,electronics,False,,32.88,32.86
513492,17.99,296.0,electronics,False,,68.77,68.77
513493,0.51,46.3,electronics,True,,13.47,13.46
513494,9.19,82.7,clothing,True,,35.79,35.79
513495,21.38,233.1,clothing,False,SAVE10,48.97,48.95
513496,6.1,74.8,clothing,False,SAVE10,14.35,14.35
513497,3.65,169.6,food,False,SAVE10,13.55,13.55
513498,12.54,286.2,food,False,SAVE10,33.19,33.19
513499,17.01,115.2,food,True,,52.9,52.89
513500,8.12,262.4,food,True,,58.98,58.97
513501,20.54,115.7,food,False,,42.76,42.77
513502,22.72,160.7,electronics,False,,76.19,76.18
513503,5.81,176.4,fragile,False,,23.93,23.93
513504,9.93,57.2,standard,False,,22.72,22.73
513505,20.96,121.1,electronics,False,,68.94,68.94
513506,12.81,140.0,clothing,False,,32.62,32.62
513507,18.8,273.5,clothing,False,,51.28,51.29
513508,8.17,8.7,standard,False,,16.77,16.77
513509,20.54,215.1,standard,False,,51.84,51.85
513510,20.95,52.3,books,True,,46.37,50.57
513511,19.49,78.7,clothing,False,,42.92,42.9
513512,22.04,10.7,fragile,False,SAVE10,52.06,52.04
513513,10.09,64.1,standard,False,,23.38,23.38
513514,13.15,146.7,food,False,,31.01,31.01
513515,20.27,36.9,standard,False,,42.38,42.4
513516,18.21,23.2,standard,False,SAVE10,33.82,33.83
513517,13.65,41.2,standard,False,SAVE10,26.42,26.41
513518,1.37,33.1,books,True,,12.16,12.41
513519,5.82,268.5,books,True,,54.59,55.75
513520,11.62,245.0,books,False,,30.84,33.15
513521,18.94,138.5,clothing,True,SAVE10,57.29,57.29
513522,22.66,174.8,electronics,False,,76.72,76.72
513523,24.67,36.2,food,True,,54.84,54.83
513524,9.93,267.8,fragile,True,,70.99,102.77
513525,24.17,160.4,books,False,,46.69,51.52
513526,9.85,201.7,food,False,,27.82,27.82
513527,4.95,285.5,food,False,,23.18,23.17
513528,23.25,251.4,food,False,,54.42,54.42
513529,3.09,172.1,books,False,SAVE10,12.19,12.75
513530,12.17,252.1,standard,False,SAVE10,33.25,33.25
513531,19.49,218.2,electronics,False,,69.38,69.4
513532,15.85,268.2,standard,False,,45.11,45.1
513533,21.34,265.3,fragile,False,SAVE10,61.87,61.89
513534,13.5,81.2,standard,False,,31.06,31.08
513535,11.41,244.5,clothing,False,,35.04,35.06
513536,8.78,226.3,standard,True,,56.5,56.5
513537,15.78,24.9,clothing,False,,32.8,32.8
513538,14.33,123.9,electronics,False,,49.18,49.2
513539,12.96,257.2,clothing,True,SAVE10,62.55,62.56
513540,17.15,160.5,electronics,False,SAVE10,53.53,53.52
513541,12.9,133.8,food,False,SAVE10,26.92,26.9
513542,17.5,35.2,fragile,False,SAVE10,42.53,42.53
513543,12.75,260.3,standard,True,SAVE10,62.59,62.57
513544,19.5,228.3,electronics,False,,69.92,69.92
513545,5.48,89.2,books,False,,13.23,14.32
513546,9.32,238.4,clothing,False,,30.56,30.55
513547,7.98,294.2,food,False,,29.07,29.07
513548,22.03,296.4,electronics,False,,80.91,80.92
513549,14.73,155.2,fragile,False,,46.06,46.05
513550,23.56,127.2,standard,False,,53.48,53.48
513551,14.16,143.2,standard,False,,35.48,35.49
513552,23.43,121.0,electronics,True,,93.44,93.46
513553,18.61,286.6,standard,True,,85.21,85.19
513554,22.4,140.0,books,False,,42.84,47.33
513555,7.81,249.2,electronics,False,,35.89,35.89
513556,24.89,90.1,fragile,False,,69.22,69.2
513557,7.86,275.6,clothing,False,,29.5,29.49
513558,18.85,169.5,standard,False,,46.18,46.16
513559,15.69,31.4,standard,False,SAVE10,29.65,29.66
513560,9.2,103.0,electronics,False,,32.75,32.76
513561,3.05,89.6,food,False,,9.97,9.99
513562,1.61,228.9,electronics,False,,16.27,16.27
513563,0.76,224.2,food,False,,12.58,12.59
513564,14.0,142.5,electronics,True,SAVE10,61.54,61.53
513565,14.25,164.0,fragile,True,,66.65,88.03
513566,3.16,238.6,electronics,False,,21.41,21.43
513567,1.44,89.5,fragile,False,,8.22,8.24
513568,0.98,286.0,standard,True,,49.86,49.87
513569,14.7,185.5,fragile,False,,47.5,47.48
513570,18.97,213.3,books,False,,41.02,44.81
513571,22.51,286.1,books,False,,50.32,54.81
513572,11.99,155.3,electronics,True,SAVE10,57.84,57.83
513573,18.69,252.2,food,False,,46.25,46.26
513574,6.32,133.1,standard,True,SAVE10,33.84,33.85
513575,1.7,189.6,fragile,True,,37.86,61.83
513576,14.61,181.9,food,False,SAVE10,31.85,31.86
513577,8.48,25.4,books,False,,14.84,16.53
513578,10.33,9.1,fragile,True,,33.22,39.14
513579,3.31,47.7,fragile,True,SAVE10,18.68,27.49
513580,17.44,221.6,fragile,False,,56.42,56.42
513581,22.14,210.9,standard,False,,54.82,54.84
513582,18.69,59.3,clothing,False,,40.34,40.34
513583,3.83,288.7,fragile,True,,58.26,92.12
513584,7.16,296.8,books,True,SAVE10,54.88,56.18
513585,5.31,288.7,clothing,False,,25.06,25.05
513586,24.77,20.9,clothing,False,,50.58,50.57
513587,10.03,224.2,clothing,True,,58.69,58.67
513588,4.1,18.4,clothing,False,,9.12,9.11
513589,20.44,7.1,fragile,True,,59.21,64.9
513590,5.71,162.3,books,False,,17.25,18.37
513591,2.43,221.8,fragile,True,,44.59,71.76
513592,9.6,30.3,books,True,SAVE10,22.41,24.13
513593,1.4,183.1,fragile,False,,12.79,12.78
513594,11.73,34.8,standard,False,,25.2,25.2
513595,11.18,112.3,clothing,True,SAVE10,39.78,39.8
513596,8.15,187.4,electronics,False,,33.82,33.81
513597,14.13,291.9,fragile,True,,85.52,119.73
513598,19.81,186.1,fragile,False,,60.81,60.79
513599,8.86,71.8,clothing,False,,21.31,21.33
513600,7.15,80.2,food,True,,29.9,29.89
513601,16.1,198.9,electronics,False,,58.24,58.23
513602,10.8,178.0,clothing,False,,30.5,30.5
513603,6.85,13.3,fragile,False,SAVE10,16.63,16.61
513604,23.67,23.5,standard,False,,48.52,48.53
513605,5.64,231.2,standard,True,,50.96,50.98
513606,10.28,188.1,fragile,False,,36.13,36.14
513607,7.65,156.7,food,False,SAVE10,19.44,19.43
513608,20.32,267.2,electronics,True,,106.04,106.04
513609,16.77,246.8,books,False,,39.17,42.53
513610,22.78,188.3,fragile,False,,68.64,68.63
513611,7.12,87.4,food,True,SAVE10,27.83,27.83
513612,20.71,29.0,fragile,False,,55.3,55.32
513613,16.86,22.8,food,False,,31.49,31.5
513614,3.26,37.7,food,False,SAVE10,6.98,6.97
513615,6.64,95.5,food,False,,16.73,16.73
513616,21.06,254.7,fragile,True,,97.96,128.41
513617,11.16,131.2,books,False,,24.42,26.63
513618,4.46,180.6,food,False,,17.06,17.07
513619,3.69,74.2,clothing,False,,11.09,11.08
513620,7.65,289.4,books,True,,60.65,62.18
513621,16.36,84.5,clothing,False,,36.94,36.94
513622,3.8,84.5,electronics,True,,29.08,29.07
513623,4.33,179.8,electronics,True,,44.96,44.96
513624,21.43,286.9,standard,False,SAVE10,51.48,51.5
513625,6.96,299.1,clothing,False,,28.88,28.87
513626,17.19,235.9,standard,False,,46.18,46.19
513627,20.91,7.9,standard,False,,42.22,42.23
513628,18.82,109.6,books,True,,51.55,55.32
513629,15.87,209.0,books,True,,61.74,64.9
513630,11.52,97.1,food,False,,25.59,25.58
513631,17.76,180.5,clothing,False,,44.54,44.56
513632,9.46,196.4,books,False,,24.96,26.86
513633,19.21,33.4,electronics,False,,59.3,59.32
513634,17.6,289.7,electronics,True,,101.26,101.24
513635,3.29,182.5,books,False,,14.39,15.06
513636,0.67,108.0,clothing,False,,6.74,6.73
513637,16.76,23.6,books,True,,35.36,38.71
513638,12.18,143.6,clothing,False,,31.54,31.55
513639,15.39,47.2,books,False,SAVE10,24.29,27.06
513640,16.8,219.4,books,False,,37.85,41.2
513641,11.98,176.3,electronics,False,,44.76,44.75
513642,3.73,129.5,standard,True,,31.89,31.88
513643,14.71,76.0,electronics,True,,60.53,60.55
513644,7.6,183.5,electronics,True,,55.32,55.33
513645,12.77,279.2,clothing,True,,72.42,72.43
513646,1.2,282.1,standard,False,,16.51,16.52
513647,24.01,11.6,electronics,False,,72.61,72.6
513648,4.97,163.1,clothing,True,,39.4,39.41
513649,24.82,175.4,clothing,False,SAVE10,52.57,52.56
513650,19.93,275.1,fragile,True,,98.08,130.59
513651,9.95,7.7,electronics,False,,30.24,30.22
513652,14.36,68.9,standard,True,,44.06,44.07
513653,5.86,58.4,standard,False,SAVE10,13.18,13.17
513654,0.82,294.3,books,False,,16.03,16.17
513655,12.6,245.4,electronics,False,SAVE10,45.06,45.05
513656,2.22,242.8,standard,False,,16.58,16.6
513657,4.85,209.1,food,True,SAVE10,40.59,40.6
513658,2.1,141.1,standard,False,,11.26,11.26
513659,14.04,57.0,clothing,False,,30.93,30.91
513660,16.84,63.8,books,False,,30.13,33.51
513661,24.05,74.8,clothing,True,,64.32,64.3
513662,6.47,241.7,standard,False,,25.02,25.02
513663,21.03,39.1,clothing,False,SAVE10,39.61,39.6
513664,14.91,43.5,standard,True,,41.34,41.34
513665,0.83,156.1,food,False,,9.3,9.31
513666,9.45,44.1,food,False,,19.21,19.21
513667,24.5,142.8,standard,True,,75.42,75.4
513668,18.42,106.7,standard,True,,57.85,57.83
513669,16.9,171.6,food,False,,39.0,38.99
513670,17.65,232.4,food,False,,43.39,43.41
513671,23.96,63.2,clothing,False,,51.08,51.07
513672,13.69,179.5,standard,True,,59.3,59.3
513673,3.83,114.9,standard,True,,29.9,29.89
513674,1.74,155.2,clothing,False,,11.24,11.23
513675,14.42,171.7,standard,False,,37.42,37.41
513676,4.85,13.8,standard,True,SAVE10,15.09,15.1
513677,23.42,30.5,books,False,,39.0,43.69
513678,24.42,143.1,clothing,True,SAVE10,67.77,67.77
513679,14.33,106.3,fragile,False,,42.57,42.58
513680,15.47,178.3,electronics,False,,55.32,55.32
513681,3.69,150.1,books,False,,13.41,14.15
513682,20.38,126.4,fragile,False,,59.31,59.31
513683,10.93,37.4,fragile,False,,30.29,30.28
513684,18.98,289.4,food,False,,48.63,48.65
513685,11.0,202.6,standard,False,,32.13,32.15
513686,20.15,235.8,food,True,,76.64,76.62
513687,3.48,30.9,electronics,False,SAVE10,10.79,10.8
513688,24.37,232.8,electronics,False,,84.75,84.75
513689,17.28,244.4,fragile,False,SAVE10,51.43,51.42
513690,8.95,289.0,clothing,False,SAVE10,29.12,29.12
513691,10.57,18.3,books,False,,17.83,19.95
513692,5.77,31.7,clothing,False,,13.12,13.12
513693,12.99,29.5,standard,False,,27.46,27.45
513694,22.43,117.6,electronics,False,,73.17,73.18
513695,12.18,8.0,fragile,False,SAVE10,28.86,28.88
513696,8.64,252.3,books,True,,56.67,58.39
513697,11.83,146.4,food,False,SAVE10,25.75,25.77
513698,10.7,236.5,electronics,False,,43.92,43.94
513699,10.88,14.5,standard,True,,28.94,28.95
513700,13.16,102.3,clothing,True,,46.67,46.67
513701,18.12,245.1,fragile,True,,88.88,118.4
513702,18.07,148.1,food,False,,39.93,39.92
513703,1.19,17.0,fragile,False,SAVE10,3.55,3.55
513704,23.54,174.7,electronics,True,SAVE10,91.64,91.64
513705,9.15,268.4,fragile,False,,37.21,37.2
513706,11.28,198.5,food,False,,30.23,30.23
513707,13.15,279.8,fragile,False,SAVE10,43.36,43.35
513708,22.74,293.5,books,True,SAVE10,76.87,80.96
513709,1.51,78.1,fragile,True,,20.64,33.45
513710,21.17,156.3,standard,False,SAVE10,45.14,45.16
513711,17.1,65.7,books,False,SAVE10,27.58,30.65
513712,13.63,204.5,fragile,False,SAVE10,41.1,41.09
513713,10.38,288.4,clothing,False,,35.18,35.19
513714,13.63,266.5,fragile,True,,80.41,112.07
513715,17.67,51.5,food,False,,34.38,34.38
513716,11.56,197.1,standard,False,,32.98,32.98
513717,23.19,88.0,books,True,,55.3,59.94
513718,14.42,129.8,clothing,False,SAVE10,31.8,31.79
513719,11.73,74.7,books,False,,22.5,24.85
513720,22.75,200.7,fragile,False,,69.18,69.19
513721,1.18,9.2,clothing,True,SAVE10,7.87,7.86
513722,22.58,5.0,food,False,SAVE10,36.8,36.81
513723,12.44,101.5,clothing,False,,29.96,29.97
513724,3.9,250.7,clothing,False,,20.34,20.33
513725,17.53,277.9,clothing,False,,48.96,48.94
513726,6.67,222.0,clothing,False,,24.44,24.42
513727,12.24,10.7,food,True,,28.64,28.64
513728,13.67,242.1,books,False,,33.98,36.72
513729,24.26,169.1,fragile,False,,71.53,71.53
513730,17.2,151.2,standard,False,SAVE10,37.76,37.78
513731,11.6,62.0,clothing,True,,37.5,37.51
513732,16.44,125.8,electronics,False,,55.61,55.62
513733,16.55,295.2,food,False,,44.55,44.56
513734,4.15,128.4,electronics,True,,36.71,36.71
513735,9.88,78.5,clothing,False,,23.68,23.69
513736,4.81,130.9,standard,False,,16.16,16.18
513737,3.39,279.1,fragile,True,,55.68,88.6
513738,8.66,265.7,standard,False,,30.6,30.62
513739,1.44,148.6,standard,False,,10.31,10.33
513740,5.07,206.3,clothing,True,,46.09,46.1
513741,5.03,287.7,standard,True,SAVE10,52.39,52.38
513742,13.8,100.9,standard,False,SAVE10,29.38,29.36
513743,10.95,91.2,food,True,,38.39,38.38
513744,3.18,8.1,fragile,False,,8.67,8.69
513745,24.87,185.9,food,False,,54.06,54.07
513746,18.92,236.4,standard,False,,49.66,49.66
513747,17.29,99.3,fragile,False,,49.92,49.91
513748,16.32,147.7,standard,False,,40.02,40.01
513749,18.37,281.7,standard,False,,50.82,50.81
513750,5.3,193.8,electronics,True,,49.97,49.98
513751,18.38,161.0,food,False,,41.13,41.14
513752,9.52,164.5,fragile,False,,32.98,32.99
513753,5.47,246.5,standard,True,,52.92,52.91
513754,7.68,183.3,clothing,True,,47.86,47.84
513755,20.81,19.5,food,True,,45.38,45.37
513756,10.61,30.0,food,False,,20.6,20.59
513757,21.99,191.4,food,False,SAVE10,44.24,44.24
513758,24.89,38.9,fragile,True,,75.55,84.42
513759,23.54,196.3,clothing,True,,81.53,81.54
513760,12.3,223.0,food,False,,33.29,33.28
513761,14.37,206.5,electronics,True,,79.09,79.07
513762,15.31,243.7,books,True,SAVE10,59.45,62.21
513763,2.75,137.9,food,False,SAVE10,10.66,10.64
513764,19.09,31.4,clothing,False,SAVE10,35.78,35.76
513765,20.2,263.9,books,False,,45.52,49.56
513766,5.45,191.8,clothing,True,,44.67,44.67
513767,8.85,150.1,food,False,,23.44,23.43
513768,16.07,243.5,electronics,True,,89.74,89.75
513769,23.92,230.5,standard,False,,59.36,59.36
513770,9.32,183.2,clothing,False,,27.8,27.8
513771,22.06,256.0,clothing,False,,56.92,56.9
513772,2.21,48.8,electronics,False,,9.07,9.09
513773,13.97,42.0,food,True,,36.45,36.44
513774,7.87,169.4,clothing,False,,24.21,24.23
513775,21.66,65.1,food,False,,42.24,42.23
513776,5.12,127.4,food,False,SAVE10,14.03,14.02
513777,2.85,297.4,electronics,False,,23.42,23.42
513778,9.86,212.9,books,False,,26.42,28.39
513779,19.07,45.6,electronics,False,SAVE10,53.54,53.52
513780,18.53,238.5,food,True,,74.13,74.14
513781,8.92,123.9,food,False,,22.25,22.26
513782,18.37,265.5,books,False,,42.67,46.33
513783,4.18,5.8,fragile,False,,11.16,11.16
513784,11.53,126.7,food,False,,27.09,27.09
513785,21.98,19.3,fragile,True,SAVE10,58.54,64.77
513786,4.52,121.2,standard,False,,15.1,15.12
513787,6.46,240.4,books,False,,22.36,23.66
513788,9.35,199.4,clothing,False,,28.67,28.69
513789,5.75,57.2,fragile,False,,17.81,17.81
513790,13.54,113.2,clothing,False,,32.74,32.74
513791,10.83,242.3,food,False,,31.61,31.6
513792,15.11,220.4,electronics,False,,56.35,56.36
513793,1.01,89.3,fragile,False,,7.09,7.09
513794,20.47,112.4,food,False,,42.47,42.45
513795,10.24,154.5,food,False,,26.16,26.16
513796,2.19,178.6,standard,False,,13.31,13.31
513797,15.71,269.3,standard,True,,76.82,76.8
513798,4.81,77.4,standard,True,,26.23,26.23
513799,5.79,19.3,standard,True,,19.48,19.47
513800,19.05,287.6,electronics,True,,105.29,105.3
513801,2.28,236.1,fragile,False,,17.73,17.74
513802,23.72,228.0,books,False,,49.35,54.1
513803,6.54,128.7,standard,False,,19.52,19.5
513804,15.37,90.3,books,False,,29.11,32.2
513805,3.44,278.1,clothing,False,,20.78,20.8
513806,24.99,8.2,electronics,False,,75.38,75.39
513807,23.87,183.7,clothing,True,,80.3,80.29
513808,16.58,108.2,clothing,True,,54.39,54.37
513809,7.06,81.6,books,True,,28.54,29.93
513810,9.39,99.0,fragile,False,,29.36,29.38
513811,14.75,169.8,food,True,SAVE10,51.32,51.3
513812,7.33,145.0,fragile,True,,45.81,65.3
513813,14.89,289.7,books,False,,38.31,41.3
513814,22.72,104.1,books,True,,56.97,61.53
513815,4.11,113.4,books,True,,28.59,29.39
513816,7.19,137.8,electronics,True,,47.24,47.25
513817,24.08,177.5,electronics,False,,81.11,81.12
513818,21.59,285.9,electronics,False,,79.06,79.08
513819,1.34,203.4,standard,False,,12.85,12.85
513820,2.94,98.1,fragile,True,,27.36,42.18
513821,16.33,168.1,food,True,,59.61,59.6
513822,20.97,100.2,standard,False,,46.95,46.95
513823,24.48,98.7,food,True,SAVE10,57.48,57.47
513824,3.69,131.3,electronics,False,,17.64,17.65
513825,12.14,128.8,books,True,SAVE10,39.37,41.55
513826,13.08,133.9,clothing,False,,32.86,32.87
513827,21.4,166.9,electronics,True,,94.23,94.23
513828,12.42,14.2,books,False,,20.58,23.08
513829,1.45,72.2,books,False,,5.93,6.21
513830,2.35,251.9,food,False,,16.83,16.84
513831,12.76,167.8,fragile,False,SAVE10,37.41,37.39
513832,3.81,296.3,fragile,True,SAVE10,53.42,84.58
513833,13.06,49.4,electronics,True,,51.59,51.6
513834,14.92,74.2,standard,True,,45.97,45.97
513835,12.92,123.5,standard,False,,32.02,32.01
513836,14.68,267.7,fragile,True,SAVE10,74.99,103.6
513837,0.88,34.7,books,False,,3.14,3.3
513838,17.54,83.0,fragile,False,,49.75,49.76
513839,1.41,280.1,electronics,True,SAVE10,46.12,46.13
513840,12.8,98.7,standard,False,,30.54,30.54
513841,4.21,199.1,standard,True,SAVE10,38.96,38.94
513842,10.39,281.3,fragile,False,SAVE10,36.97,36.96
513843,20.3,272.8,electronics,True,,106.82,106.84
513844,21.1,164.0,clothing,False,SAVE10,45.36,45.37
513845,22.18,38.4,standard,False,,46.28,46.28
513846,17.5,239.6,fragile,False,,57.48,57.47
513847,13.59,184.8,fragile,True,,68.05,91.52
513848,20.16,81.8,fragile,False,,56.51,56.52
513849,2.21,44.1,books,True,,15.15,15.58
513850,1.28,248.2,fragile,False,,15.74,15.73
513851,22.12,194.9,standard,True,,78.47,78.49
513852,18.2,95.0,books,False,,33.87,37.52
513853,11.02,90.6,standard,False,,26.57,26.56
513854,6.75,232.5,standard,False,,25.12,25.11
513855,24.31,8.8,food,False,SAVE10,39.78,39.76
513856,5.75,209.4,clothing,True,,47.91,47.92
513857,6.7,210.3,books,False,,21.24,22.58
513858,23.62,54.8,food,False,SAVE10,40.73,40.72
513859,19.11,97.5,standard,False,,43.1,43.11
513860,21.33,166.8,standard,False,,51.0,51.01
513861,23.5,31.4,books,False,,39.17,43.86
513862,23.96,62.8,books,False,,41.48,46.27
513863,10.12,25.2,books,False,,17.45,19.46
513864,6.54,77.5,fragile,True,,33.63,46.37
513865,14.27,197.2,standard,True,,63.12,63.11
513866,9.88,214.3,books,False,,26.52,28.52
513867,8.75,271.2,books,True,,59.68,61.44
513868,14.67,298.1,books,False,,38.38,41.3
513869,22.41,286.7,books,True,,83.86,88.34
513870,13.9,162.4,electronics,True,,71.06,71.05
513871,8.81,260.0,food,False,,28.86,28.84
513872,5.14,101.3,clothing,False,,15.34,15.36
513873,20.9,96.0,food,True,,57.02,57.04
513874,16.11,53.3,electronics,True,,61.32,61.32
513875,5.82,284.2,books,False,,23.52,24.69
513876,20.39,250.7,clothing,False,,53.32,53.32
513877,2.46,182.7,fragile,False,,15.53,15.52
513878,2.66,171.9,clothing,False,,13.92,13.91
513879,7.67,57.4,standard,True,SAVE10,26.06,26.05
513880,19.71,42.8,fragile,False,SAVE10,48.05,48.07
513881,13.37,128.6,food,False,SAVE10,27.45,27.46
513882,17.44,239.4,books,False,SAVE10,35.89,39.01
513883,22.71,245.0,clothing,False,,57.67,57.68
513884,24.67,124.2,food,True,,68.04,68.03
513885,21.06,131.7,clothing,True,,66.88,66.87
513886,11.24,221.8,food,False,,31.32,31.33
513887,13.85,234.5,clothing,False,,39.42,39.43
513888,0.54,59.2,electronics,False,,4.58,4.58
513889,2.43,225.5,fragile,True,,45.14,72.68
513890,11.23,261.6,electronics,False,SAVE10,42.09,42.09
513891,8.5,60.7,fragile,True,SAVE10,32.58,42.54
513892,13.32,34.6,electronics,False,SAVE10,37.52,37.52
513893,0.64,64.4,clothing,False,,4.5,4.51
513894,23.75,270.4,food,True,SAVE10,79.48,79.48
513895,12.3,124.2,standard,False,,30.81,30.8
513896,4.49,230.1,books,False,SAVE10,16.82,17.61
513897,16.17,266.9,electronics,True,,93.54,93.54
513898,14.64,196.6,fragile,False,,47.89,47.89
513899,17.83,154.4,standard,False,,43.38,43.39
513900,24.74,38.5,fragile,False,SAVE10,59.62,59.6
513901,11.28,257.4,electronics,False,,46.71,46.7
513902,0.5,286.2,books,False,,15.11,15.22
513903,5.41,84.5,standard,False,,15.05,15.06
513904,10.49,139.7,food,True,,44.84,44.85
513905,6.68,283.7,food,False,,26.21,26.21
513906,12.43,183.6,standard,False,,34.04,34.02
513907,15.98,235.8,clothing,False,,43.75,43.74
513908,13.33,108.6,food,False,SAVE10,26.48,26.5
513909,1.81,295.3,clothing,False,SAVE10,16.55,16.56
513910,1.12,203.3,fragile,True,,38.41,63.72
513911,1.18,199.1,clothing,False,SAVE10,11.08,11.1
513912,17.28,121.0,fragile,True,,68.08,85.18
513913,10.45,119.1,standard,False,,26.85,26.87
513914,14.0,31.1,fragile,True,,46.06,54.19
513915,10.29,47.9,electronics,False,SAVE10,29.94,29.95
513916,17.42,80.1,food,False,,35.36,35.38
513917,24.77,109.1,fragile,False,SAVE10,62.87,62.86
513918,15.52,31.6,fragile,False,,41.93,41.95
513919,5.53,105.5,electronics,False,,21.86,21.88
513920,18.29,95.5,standard,False,,41.36,41.35
513921,5.74,284.3,books,True,SAVE10,51.15,52.19
513922,17.37,33.9,food,False,,32.96,32.97
513923,14.56,54.4,fragile,True,,51.02,61.45
513924,0.78,196.2,clothing,False,,11.37,11.35
513925,5.12,16.7,food,True,,16.72,16.7
513926,6.06,26.3,standard,True,,21.06,21.08
513927,9.75,5.9,books,True,,21.48,23.45
513928,22.16,112.2,food,True,,61.72,61.72
513929,17.9,239.7,food,False,,44.2,44.19
513930,12.25,264.8,fragile,False,,45.09,45.08
513931,10.44,173.4,electronics,False,,39.99,39.98
513932,1.23,121.6,clothing,False,,8.54,8.55
513933,5.83,143.0,electronics,True,,43.94,43.95
513934,22.05,206.5,fragile,False,,67.66,67.66
513935,9.75,177.0,clothing,False,,28.35,28.34
513936,7.22,94.6,clothing,False,SAVE10,17.25,17.23
513937,23.54,240.4,food,False,,54.39,54.38
513938,5.94,48.6,standard,False,,14.31,14.32
513939,20.11,294.3,clothing,True,SAVE10,80.43,80.45
513940,9.85,75.0,books,True,,32.01,34.0
513941,9.44,122.2,books,False,,21.21,23.1
513942,8.68,299.6,fragile,True,,72.51,107.48
513943,7.12,191.3,standard,False,,23.8,23.79
513944,6.95,236.0,books,False,,22.92,24.31
513945,7.4,102.0,electronics,False,SAVE10,24.57,24.58
513946,11.89,215.7,clothing,True,SAVE10,55.02,55.04
513947,11.36,150.4,electronics,False,,41.6,41.6
513948,0.97,290.6,electronics,False,,17.44,17.44
513949,10.16,222.7,clothing,False,,31.46,31.46
513950,20.58,35.3,food,False,,38.81,38.82
513951,18.95,180.6,books,True,,62.41,66.21
513952,3.6,227.4,electronics,False,,22.17,22.17
513953,5.58,122.4,fragile,True,,37.87,55.13
513954,15.92,221.0,standard,True,,69.99,70.0
513955,15.9,152.2,clothing,False,SAVE10,35.47,35.48
513956,1.73,60.1,clothing,True,,17.48,17.47
513957,8.12,292.9,standard,False,SAVE10,27.8,27.8
513958,13.02,213.3,electronics,False,,49.72,49.73
513959,17.2,221.6,electronics,True,,89.84,89.83
513960,14.28,153.0,clothing,False,,36.21,36.2
513961,16.26,236.3,fragile,False,,54.09,54.07
513962,22.22,110.5,food,False,,45.52,45.53
513963,21.97,14.7,books,False,,35.89,40.3
513964,5.42,105.9,fragile,False,,19.39,19.38
513965,21.77,221.6,standard,False,,54.62,54.64
513966,5.68,97.2,standard,False,,16.22,16.2
513967,0.58,223.8,electronics,False,,12.93,12.94
513968,19.64,129.9,electronics,False,,65.42,65.4
513969,22.72,215.1,standard,False,,56.2,56.18
513970,3.04,35.8,clothing,False,,7.87,7.85
513971,18.94,288.0,fragile,True,SAVE10,87.7,118.11
513972,2.48,120.2,food,False,SAVE10,9.43,9.42
513973,22.92,168.1,electronics,False,,77.17,77.18
513974,11.86,48.1,fragile,False,,33.24,33.24
513975,12.44,159.5,electronics,False,,45.3,45.28
513976,22.8,122.2,fragile,True,,82.61,99.84
513977,7.95,182.4,food,False,,23.43,23.42
513978,13.75,179.3,clothing,False,SAVE10,32.82,32.83
513979,2.97,99.4,standard,True,SAVE10,23.26,23.26
513980,4.84,19.0,fragile,True,SAVE10,18.39,24.61
513981,13.6,155.5,electronics,True,,69.12,69.11
513982,21.73,10.6,electronics,False,,65.72,65.71
513983,9.59,216.0,standard,False,SAVE10,26.98,26.99
513984,0.64,217.2,standard,False,,12.14,12.13
513985,6.2,99.2,books,False,SAVE10,13.39,14.5
513986,12.69,166.6,books,False,,28.63,31.16
513987,2.06,249.5,food,False,SAVE10,14.56,14.58
513988,4.02,228.7,clothing,True,SAVE10,42.61,42.59
513989,6.01,95.7,electronics,False,,22.82,22.8
513990,21.15,261.7,electronics,False,,76.54,76.54
513991,10.96,93.8,fragile,False,,33.19,33.19
513992,3.9,114.2,fragile,False,SAVE10,14.27,14.25
513993,13.67,106.7,books,False,,27.21,29.94
513994,14.59,186.1,books,False,,32.65,35.58
513995,15.61,149.8,electronics,True,SAVE10,66.87,66.88
513996,18.6,277.4,books,False,,43.63,47.35
513997,14.39,186.4,books,False,,32.34,35.22
513998,1.78,280.0,fragile,True,SAVE10,46.47,76.16
513999,15.07,15.4,fragile,True,SAVE10,41.84,47.73
514000,15.34,71.1,standard,True,,46.34,46.33
514001,12.82,190.2,books,False,,30.02,32.59
514002,4.04,194.2,fragile,False,SAVE10,18.19,18.17
514003,5.55,167.8,food,True,,40.16,40.15
514004,15.86,29.6,electronics,True,SAVE10,51.32,51.31
514005,19.38,108.4,electronics,True,,79.4,79.39
514006,2.29,175.4,food,True,,35.43,35.42
514007,19.14,196.7,electronics,True,SAVE10,82.73,82.74
514008,11.55,262.0,clothing,False,,36.2,36.19
514009,15.9,71.9,fragile,False,,44.94,44.93
514010,19.75,262.5,books,True,,75.97,79.92
514011,2.56,285.3,books,False,,18.36,18.87
514012,18.37,172.0,books,True,SAVE10,54.17,57.47
514013,18.72,81.7,clothing,False,SAVE10,37.37,37.37
514014,11.97,271.1,electronics,False,SAVE10,44.52,44.53
514015,6.82,98.0,fragile,False,,22.63,22.62
514016,14.58,95.4,books,False,,28.1,31.02
514017,14.88,255.2,clothing,False,,42.52,42.51
514018,10.38,51.9,fragile,False,SAVE10,26.62,26.64
514019,13.38,108.1,electronics,False,,45.54,45.56
514020,18.55,288.4,clothing,False,,51.52,51.54
514021,19.91,35.8,standard,False,,41.61,41.59
514022,23.65,117.3,clothing,False,SAVE10,47.85,47.86
514023,24.35,113.6,food,False,,49.51,49.51
514024,1.08,216.6,clothing,False,SAVE10,11.69,11.7
514025,22.67,215.3,clothing,True,SAVE10,74.37,74.38
514026,22.11,93.8,clothing,False,,48.91,48.92
514027,24.94,142.5,fragile,True,,91.22,110.47
514028,19.91,63.0,fragile,False,,54.92,54.93
514029,23.7,97.0,electronics,False,,75.95,75.93
514030,24.54,235.3,fragile,False,,75.57,75.56
514031,3.79,106.5,clothing,True,,28.56,28.55
514032,3.45,88.7,electronics,True,,28.66,28.65
514033,14.25,130.7,standard,False,,35.03,35.04
514034,22.94,210.3,fragile,False,,70.16,70.17
514035,13.53,151.0,fragile,True,SAVE10,56.55,74.65
514036,12.92,67.7,standard,True,,41.0,40.99
514037,21.5,47.7,books,False,SAVE10,33.11,36.98
514038,14.83,280.7,food,False,,40.73,40.74
514039,20.7,140.8,books,False,,40.16,44.31
514040,15.29,27.9,electronics,False,,47.26,47.25
514041,13.18,194.4,clothing,True,,60.52,60.53
514042,12.7,285.2,fragile,False,,47.28,47.26
514043,19.97,251.3,electronics,False,,72.47,72.48
514044,3.52,106.0,electronics,True,,31.46,31.46
514045,8.8,156.3,food,False,,23.66,23.67
514046,2.88,78.1,standard,False,,9.66,9.67
514047,16.64,210.4,clothing,True,,69.84,69.82
514048,10.42,5.3,standard,True,,26.64,26.65
514049,22.42,229.4,standard,False,,56.31,56.33
514050,8.86,124.9,fragile,False,,29.28,29.29
514051,22.98,104.5,standard,False,,51.18,51.19
514052,8.14,123.1,books,False,,19.18,20.79
514053,23.62,88.9,fragile,False,,65.86,65.87
514054,22.51,190.9,clothing,False,,54.57,54.57
514055,7.58,249.6,electronics,False,,35.22,35.24
514056,13.53,119.9,electronics,False,,46.58,46.57
514057,2.32,161.1,electronics,False,,15.01,15.01
514058,15.72,103.7,standard,False,,36.62,36.62
514059,17.13,49.7,standard,False,SAVE10,33.07,33.05
514060,11.78,38.4,books,False,,20.77,23.11
514061,11.07,220.4,food,True,,57.99,57.97
514062,12.6,238.7,food,False,SAVE10,31.15,31.15
514063,19.82,15.0,books,False,,32.46,36.42
514064,5.4,251.0,books,False,SAVE10,19.07,20.05
514065,20.96,232.0,fragile,False,SAVE10,59.49,59.5
514066,18.07,111.6,books,True,,50.65,54.28
514067,10.22,264.6,electronics,False,SAVE10,39.5,39.5
514068,24.36,43.0,clothing,False,,50.87,50.87
514069,14.79,286.0,clothing,True,SAVE10,69.73,69.73
514070,13.0,5.5,clothing,False,SAVE10,23.65,23.65
514071,13.48,84.1,food,False,SAVE10,25.62,25.61
514072,8.89,289.8,standard,False,,32.27,32.27
514073,13.43,182.6,food,True,,56.56,56.55
514074,2.79,118.7,standard,False,,11.52,11.5
514075,15.35,172.4,food,False,,36.25,36.24
514076,8.83,164.1,food,True,,45.51,45.52
514077,16.68,288.0,standard,True,,81.56,81.54
514078,15.29,66.1,fragile,False,SAVE10,38.75,38.74
514079,24.82,279.2,clothing,True,,96.52,96.53
514080,18.59,173.0,standard,True,SAVE10,61.32,61.31
514081,0.7,259.0,electronics,False,,15.05,15.04
514082,3.44,40.6,fragile,False,,10.97,10.96
514083,12.63,162.2,standard,False,,33.37,33.38
514084,13.73,55.7,fragile,False,,38.48,38.49
514085,12.17,11.8,fragile,False,,32.23,32.23
514086,18.45,145.7,electronics,False,SAVE10,56.37,56.35
514087,23.38,26.5,clothing,False,,48.08,48.09
514088,2.02,10.6,fragile,False,,5.78,5.8
514089,15.86,165.4,clothing,False,,39.99,39.98
514090,7.57,249.9,fragile,False,,32.18,32.17
514091,10.07,81.5,fragile,False,,30.26,30.24
514092,23.89,12.6,electronics,False,,72.3,72.31
514093,2.14,67.2,clothing,False,SAVE10,6.88,6.87
514094,5.53,216.1,food,False,,20.76,20.77
514095,12.85,203.9,electronics,False,,48.74,48.75
514096,18.82,271.5,food,False,,47.45,47.47
514097,23.82,272.7,books,False,,51.75,56.49
514098,24.34,88.4,standard,True,,66.94,66.94
514099,23.24,186.9,fragile,False,,69.77,69.79
514100,19.56,63.8,fragile,False,,54.05,54.03
514101,11.54,231.2,food,False,,32.33,32.32
514102,7.47,255.5,electronics,False,,35.18,35.18
514103,21.64,176.9,food,False,,47.8,47.81
514104,18.82,298.9,standard,True,,87.48,87.47
514105,17.9,285.7,clothing,False,,50.08,50.1
514106,19.4,73.3,fragile,False,,54.1,54.12
514107,22.96,48.4,electronics,False,SAVE10,64.17,64.16
514108,13.88,48.0,fragile,False,,38.49,38.48
514109,6.76,68.2,clothing,True,,28.75,28.74
514110,0.79,101.0,standard,False,,6.63,6.61
514111,6.38,37.7,electronics,False,,21.02,21.04
514112,16.58,57.4,food,False,,32.71,32.7
514113,9.54,270.2,standard,False,,32.59,32.6
514114,5.32,196.0,fragile,False,,23.63,23.63
514115,3.75,166.2,electronics,False,,19.56,19.57
514116,1.35,214.7,fragile,False,,14.24,14.23
514117,14.48,183.1,food,True,SAVE10,52.68,52.66
514118,16.61,215.2,electronics,False,,60.59,60.61
514119,23.88,26.7,standard,False,,49.1,49.08
514120,19.66,188.3,fragile,False,,60.53,60.52
514121,4.32,41.4,standard,False,,10.71,10.69
514122,5.54,126.0,food,False,,16.27,16.27
514123,24.18,121.0,books,False,,44.74,49.57
514124,7.62,105.3,fragile,False,,25.08,25.07
514125,13.74,159.4,clothing,False,,35.45,35.43
514126,20.2,208.5,fragile,True,SAVE10,79.92,103.17
514127,16.17,16.4,books,True,,33.33,36.57
514128,1.46,213.5,standard,True,,39.94,39.96
514129,12.07,168.3,clothing,False,,32.56,32.54
514130,13.55,51.8,clothing,False,SAVE10,26.72,26.74
514131,13.66,73.0,books,False,,25.51,28.24
514132,3.24,171.7,standard,False,,15.06,15.06
514133,24.11,216.1,electronics,False,,83.14,83.12
514134,12.75,191.5,fragile,False,,42.72,42.72
514135,16.97,83.6,electronics,False,,55.09,55.09
514136,19.28,107.8,fragile,True,,71.3,87.1
514137,6.69,185.5,books,False,SAVE10,17.98,19.19
514138,1.14,240.3,electronics,True,,44.46,44.45
514139,15.58,254.1,clothing,False,,43.86,43.88
514140,22.8,230.3,fragile,False,,70.8,70.78
514141,22.29,170.7,fragile,False,,66.49,66.49
514142,22.0,179.3,clothing,False,,52.96,52.98
514143,5.49,294.0,electronics,True,,65.57,65.58
514144,22.15,193.7,clothing,True,,78.36,78.34
514145,2.37,199.9,clothing,False,,14.74,14.74
514146,7.48,108.3,electronics,False,,27.86,27.87
514147,20.72,249.5,food,False,SAVE10,44.79,44.81
514148,2.78,93.9,standard,False,,10.26,10.24
514149,19.63,128.5,food,False,,41.76,41.76
514150,19.99,266.2,fragile,False,,65.28,65.28
514151,22.72,81.0,standard,False,SAVE10,44.54,44.55
514152,21.48,225.0,electronics,False,SAVE10,68.12,68.14
514153,18.08,84.8,electronics,True,,71.96,71.97
514154,4.6,24.8,fragile,False,,13.2,13.22
514155,3.35,295.1,food,True,,55.3,55.31
514156,2.46,203.3,fragile,True,,41.89,67.24
514157,8.12,73.3,electronics,False,,28.02,28.02
514158,8.14,54.8,standard,True,SAVE10,26.55,26.55
514159,24.78,261.5,fragile,False,SAVE10,69.75,69.75
514160,21.42,104.3,clothing,True,SAVE10,57.14,57.12
514161,2.79,225.6,fragile,False,,18.53,18.54
514162,12.03,208.5,electronics,False,,46.52,46.52
514163,20.13,201.5,clothing,False,,50.34,50.32
514164,10.1,209.7,standard,True,SAVE10,50.99,50.97
514165,13.29,242.1,standard,False,SAVE10,34.82,34.82
514166,21.97,231.0,electronics,True,,105.56,105.55
514167,22.96,266.8,standard,False,,59.26,59.25
514168,4.7,71.7,food,False,,12.05,12.04
514169,20.61,44.7,electronics,True,,73.54,73.54
514170,11.52,14.6,clothing,False,,23.77,23.78
514171,1.05,197.4,standard,False,SAVE10,10.77,10.77
514172,7.93,269.9,books,True,SAVE10,52.36,53.77
514173,22.29,111.8,books,False,,41.25,45.72
514174,5.0,268.7,clothing,False,,23.44,23.42
514175,4.55,240.1,electronics,False,,25.66,25.65
514176,23.94,33.7,food,False,,44.78,44.79
514177,11.11,146.5,fragile,False,,36.21,36.21
514178,22.87,145.8,books,False,,43.88,48.45
514179,7.38,150.0,food,True,,40.78,40.78
514180,2.0,214.1,standard,False,SAVE10,13.23,13.23
514181,22.93,114.6,food,True,,63.46,63.47
514182,8.33,175.7,standard,False,,25.44,25.43
514183,23.54,51.1,food,False,,44.93,44.92
514184,16.98,285.6,food,True,,78.4,78.4
514185,20.96,214.3,food,True,SAVE10,67.39,67.38
514186,8.35,139.7,clothing,False,,23.68,23.7
514187,17.96,181.8,books,False,,37.83,41.43
514188,20.49,98.7,clothing,False,,45.92,45.91
514189,17.14,276.9,food,False,SAVE10,40.23,40.25
514190,23.14,278.8,food,False,SAVE10,50.03,50.04
514191,22.7,279.2,clothing,False,,59.36,59.36
514192,14.39,240.9,standard,False,,40.83,40.84
514193,23.59,229.8,electronics,False,,82.26,82.27
514194,17.99,36.8,clothing,False,SAVE10,34.04,34.02
514195,22.81,73.0,clothing,False,,49.27,49.28
514196,4.0,94.9,food,True,,26.44,26.44
514197,7.82,232.5,clothing,False,,27.26,27.25
514198,4.19,39.0,fragile,True,SAVE10,19.57,27.56
514199,1.09,58.3,food,False,,4.88,4.86
514200,16.55,183.1,electronics,False,,58.81,58.79
514201,24.28,116.7,standard,False,,54.4,54.39
514202,15.91,279.9,fragile,False,,55.36,55.36
514203,24.37,112.2,clothing,False,,54.35,54.37
514204,20.63,275.3,fragile,False,,67.4,67.42
514205,15.66,154.9,food,False,,35.93,35.95
514206,10.28,92.8,fragile,True,,45.65,59.95
514207,5.35,132.8,standard,True,,35.62,35.63
514208,23.95,110.1,food,False,,48.62,48.61
514209,23.56,7.7,standard,False,,47.5,47.51
514210,22.52,247.8,electronics,False,,79.95,79.96
514211,8.68,269.1,fragile,True,SAVE10,61.14,89.84
514212,18.86,103.2,food,False,,39.11,39.09
514213,13.62,44.8,food,False,,26.76,26.77
514214,20.67,261.8,electronics,True,,106.28,106.28
514215,14.39,122.3,clothing,False,,34.9,34.88
514216,0.78,191.2,books,True,SAVE10,31.44,31.59
514217,7.3,295.2,electronics,False,SAVE10,32.99,33.01
514218,7.11,62.6,clothing,True,,28.61,28.61
514219,8.55,131.7,food,False,,21.98,21.98
514220,8.94,184.7,electronics,False,,36.06,36.05
514221,0.94,93.2,clothing,False,,6.54,6.54
514222,13.03,211.5,books,False,,31.42,34.02
514223,23.54,146.5,electronics,True,,97.6,97.61
514224,15.61,235.5,fragile,True,,80.91,109.48
514225,5.72,249.1,clothing,True,,53.8,53.82
514226,24.3,139.2,fragile,False,,70.14,70.13
514227,21.97,277.7,fragile,False,,71.01,71.02
514228,22.13,79.9,standard,False,SAVE10,43.43,43.44
514229,3.36,269.5,books,False,,18.85,19.51
514230,17.75,29.1,fragile,False,,47.6,47.61
514231,8.56,58.5,books,False,,16.62,18.32
514232,20.03,137.1,fragile,False,SAVE10,53.04,53.03
514233,9.68,135.4,electronics,False,,35.81,35.81
514234,6.52,259.8,books,False,,23.42,24.72
514235,24.23,202.5,fragile,False,,73.12,73.14
514236,21.43,160.1,food,False,,46.58,46.56
514237,16.38,297.1,books,False,,41.06,44.36
514238,12.28,269.3,fragile,False,,45.39,45.38
514239,14.37,26.3,standard,False,,30.06,30.06
514240,16.65,193.5,books,True,,60.66,63.99
514241,10.99,109.8,food,False,,25.27,25.26
514242,10.51,244.0,fragile,False,SAVE10,35.57,35.55
514243,7.01,97.0,electronics,True,,40.58,40.57
514244,15.82,278.3,electronics,False,,61.38,61.37
514245,7.5,253.0,fragile,False,,32.15,32.17
514246,10.73,9.3,books,True,,23.56,25.71
514247,7.56,171.7,books,False,,20.68,22.18
514248,22.89,131.2,electronics,False,,75.23,75.21
514249,13.22,235.9,electronics,False,,51.46,51.45
514250,4.18,186.0,standard,True,,41.26,41.26
514251,3.47,221.9,fragile,False,,20.12,20.12
514252,19.4,179.3,fragile,False,,59.4,59.41
514253,23.46,290.1,clothing,True,,95.44,95.44
514254,6.01,18.6,standard,False,,12.95,12.93
514255,14.48,179.3,food,False,,35.03,35.04
514256,12.43,239.5,clothing,False,,36.84,36.85
514257,11.25,277.5,fragile,False,,43.12,43.14
514258,17.61,84.4,electronics,True,,70.49,70.49
514259,20.2,83.1,food,False,,40.52,40.51
514260,20.57,152.1,standard,True,,68.96,68.96
514261,5.92,248.5,electronics,False,,30.18,30.18
514262,15.27,119.6,clothing,False,,36.52,36.54
514263,4.31,121.0,books,False,,12.95,13.8
514264,5.07,91.9,books,True,,26.9,27.89
514265,8.98,75.1,food,False,,19.92,19.92
514266,14.52,36.8,standard,False,,30.88,30.88
514267,12.56,219.9,food,False,,33.6,33.62
514268,1.66,31.6,standard,True,SAVE10,11.75,11.74
514269,12.54,94.7,standard,False,,29.82,29.8
514270,4.66,207.1,electronics,False,,24.34,24.35
514271,4.71,296.2,clothing,True,,58.85,58.87
514272,21.65,158.9,clothing,False,SAVE10,46.12,46.12
514273,16.37,131.5,food,False,,36.04,36.06
514274,6.55,266.6,books,False,,23.81,25.11
514275,19.42,99.8,fragile,False,,55.48,55.48
514276,24.55,187.4,clothing,False,,58.47,58.45
514277,21.41,267.6,electronics,True,SAVE10,98.43,98.42
514278,4.13,93.9,books,True,,25.69,26.51
514279,16.67,250.3,standard,True,,75.89,75.9
514280,10.54,16.2,electronics,False,SAVE10,29.19,29.2
514281,11.3,179.0,clothing,False,,31.55,31.55
514282,5.01,144.7,fragile,True,,39.73,59.2
514283,3.57,85.0,food,False,,10.68,10.67
514284,24.36,98.3,electronics,True,,92.82,92.84
514285,11.7,26.7,food,False,,22.4,22.4
514286,4.54,163.5,standard,True,,38.61,38.62
514287,11.88,202.2,standard,True,,59.09,59.1
514288,11.68,291.5,electronics,False,,49.62,49.63
514289,4.32,191.2,standard,False,,18.2,18.18
514290,18.64,24.0,food,False,,34.75,34.74
514291,15.83,157.9,food,True,,57.18,57.2
514292,18.16,270.5,standard,False,,49.84,49.85
514293,21.07,206.3,food,False,,48.24,48.26
514294,22.02,124.3,standard,True,,67.68,67.69
514295,24.99,48.1,books,False,,42.39,47.39
514296,17.76,19.4,food,False,,32.94,32.94
514297,24.54,118.6,books,False,,45.19,50.09
514298,24.7,241.1,food,False,SAVE10,50.86,50.88
514299,5.25,69.8,clothing,False,SAVE10,12.59,12.58
514300,10.07,240.1,food,False,,30.13,30.14
514301,12.29,252.1,electronics,True,,79.68,79.7
514302,11.97,188.4,standard,False,,33.36,33.35
514303,2.88,9.1,standard,False,,6.22,6.21
514304,10.12,93.1,electronics,True,,49.32,49.34
514305,19.85,278.5,fragile,False,,65.54,65.54
514306,12.98,279.0,books,False,,34.72,37.3
514307,16.83,222.7,books,False,,38.06,41.44
514308,17.49,251.3,fragile,True,,88.17,118.28
514309,15.85,221.1,food,False,,39.58,39.58
514310,0.82,141.3,electronics,False,,9.53,9.52
514311,9.86,5.3,fragile,False,,25.9,25.89
514312,18.81,253.1,books,True,SAVE10,65.75,69.16
514313,9.48,34.2,clothing,False,,20.67,20.68
514314,24.24,60.7,books,True,,52.89,57.73
514315,24.01,150.7,clothing,True,SAVE10,68.06,68.07
514316,13.06,286.2,standard,True,,74.05,74.04
514317,24.53,122.2,clothing,True,,72.39,72.39
514318,5.6,160.5,food,True,,39.16,39.14
514319,12.28,267.1,clothing,False,,37.92,37.93
514320,23.18,166.9,fragile,True,,90.3,112.0
514321,2.7,21.2,clothing,False,,6.46,6.47
514322,13.03,173.8,food,False,,32.14,32.16
514323,10.7,227.7,standard,False,,32.78,32.78
514324,10.04,87.4,food,False,SAVE10,20.2,20.18
514325,11.12,71.2,standard,False,,25.8,25.81
514326,15.25,292.3,standard,True,SAVE10,71.41,71.41
514327,23.14,44.6,standard,True,SAVE10,52.17,52.19
514328,1.76,59.5,fragile,False,SAVE10,6.8,6.81
514329,4.06,218.9,books,False,,17.44,18.24
514330,17.33,221.4,fragile,False,,56.13,56.14
514331,13.73,246.5,electronics,False,,53.52,53.52
514332,18.19,109.1,food,False,,38.2,38.21
514333,21.21,187.4,books,True,,67.05,71.29
514334,20.62,68.6,clothing,True,,56.53,56.55
514335,8.34,71.6,standard,False,,20.26,20.24
514336,5.8,221.6,electronics,False,,28.48,28.47
514337,15.7,287.6,clothing,True,,79.54,79.53
514338,1.84,260.9,clothing,False,SAVE10,15.05,15.05
514339,15.06,187.9,standard,True,,63.31,63.29
514340,15.69,150.1,clothing,False,SAVE10,35.0,34.99
514341,12.38,99.9,electronics,True,SAVE10,51.41,51.43
514342,21.42,14.9,electronics,True,,71.5,71.5
514343,2.15,195.8,food,True,,38.24,38.23
514344,0.97,28.0,fragile,True,,11.72,19.52
514345,23.34,123.6,fragile,True,,84.22,101.6
514346,21.13,10.6,food,False,,38.56,38.57
514347,1.4,126.5,electronics,False,,10.52,10.52
514348,18.14,146.2,books,False,SAVE10,32.7,35.98
514349,14.88,84.4,clothing,False,,33.98,33.97
514350,3.99,80.5,food,False,,11.21,11.22
514351,10.64,45.6,fragile,False,,29.94,29.93
514352,15.13,103.0,electronics,False,,50.54,50.54
514353,15.38,136.3,clothing,True,,56.21,56.21
514354,5.44,25.9,electronics,False,,17.62,17.63
514355,0.79,77.7,fragile,True,,18.71,31.5
514356,2.05,188.2,standard,False,SAVE10,12.16,12.14
514357,6.41,251.1,books,False,,22.81,24.08
514358,8.17,266.6,books,False,SAVE10,23.76,25.22
514359,5.56,74.5,electronics,False,,20.4,20.39
514360,8.87,288.6,food,False,,30.4,30.38
514361,2.99,235.5,electronics,True,,49.3,49.31
514362,10.14,56.1,clothing,True,,33.7,33.71
514363,8.71,151.8,books,False,SAVE10,19.37,20.95
514364,7.84,94.2,fragile,False,,25.09,25.1
514365,9.84,91.9,standard,True,SAVE10,34.62,34.63
514366,21.64,54.7,books,False,,37.36,41.69
514367,19.83,288.2,clothing,False,,54.07,54.08
514368,3.64,153.8,books,True,,33.89,34.62
514369,2.93,215.9,standard,False,SAVE10,14.99,15.0
514370,14.28,46.2,fragile,False,,39.44,39.43
514371,2.64,200.6,food,True,,39.84,39.82
514372,20.39,107.5,books,False,SAVE10,34.2,37.85
514373,9.62,94.2,fragile,True,,44.14,58.58
514374,24.54,273.8,food,False,,57.86,57.87
514375,9.51,157.3,food,False,,24.98,24.98
514376,13.74,217.2,electronics,True,,78.8,78.81
514377,2.06,32.1,clothing,False,,5.72,5.72
514378,4.72,257.7,standard,False,,22.32,22.32
514379,4.94,46.8,fragile,True,,24.86,34.56
514380,23.54,221.4,electronics,False,,81.69,81.69
514381,24.86,250.5,fragile,False,,77.16,77.15
514382,16.13,182.7,electronics,True,,80.8,80.81
514383,15.87,149.5,books,True,,52.82,55.98
514384,19.18,252.7,electronics,False,SAVE10,63.16,63.15
514385,11.31,151.6,books,True,,45.84,48.09
514386,23.38,148.0,electronics,True,,97.34,97.36
514387,6.22,190.2,food,True,,44.73,44.71
514388,22.84,258.2,books,True,,80.27,84.84
514389,0.98,134.5,books,True,,26.74,26.93
514390,14.92,30.4,food,False,,28.38,28.38
514391,15.59,233.4,fragile,False,,52.2,52.22
514392,19.09,193.7,books,True,,64.6,68.43
514393,4.95,167.8,electronics,True,,45.02,45.02
514394,8.88,207.8,books,False,,24.6,26.38
514395,23.06,63.1,clothing,False,,49.28,49.29
514396,5.33,204.0,electronics,False,,26.19,26.19
514397,7.75,33.3,electronics,False,SAVE10,22.42,22.42
514398,14.64,145.7,clothing,False,SAVE10,32.91,32.92
514399,24.71,256.4,books,False,,52.36,57.31
514400,8.6,245.0,books,False,,26.01,27.73
514401,4.72,270.2,fragile,False,,25.78,25.8
514402,3.52,299.5,clothing,True,,56.96,56.95
514403,24.69,174.8,books,False,,48.24,53.2
514404,6.74,41.8,fragile,True,,28.79,37.97
514405,18.71,70.3,clothing,False,SAVE10,36.84,36.85
514406,2.25,182.2,books,False,,12.71,13.17
514407,11.0,35.2,electronics,True,,43.28,43.29
514408,14.81,74.0,books,False,,27.4,30.37
514409,18.51,7.5,electronics,True,,61.66,61.65
514410,16.04,59.7,electronics,False,,51.1,51.1
514411,10.85,258.5,electronics,False,,45.47,45.46
514412,4.55,103.8,electronics,False,,18.84,18.83
514413,10.66,270.8,clothing,False,SAVE10,31.37,31.38
514414,11.87,67.8,fragile,True,SAVE10,41.43,52.02
514415,8.24,292.9,books,False,,27.83,29.48
514416,4.04,16.2,standard,False,,8.89,8.9
514417,22.17,183.2,clothing,True,,76.82,76.83
514418,5.24,164.6,electronics,False,,23.95,23.96
514419,9.75,16.0,clothing,False,,20.3,20.3
514420,11.81,297.2,books,False,,33.76,36.11
514421,4.56,171.2,fragile,False,,20.42,20.43
514422,19.66,185.6,fragile,False,,60.4,60.41
514423,4.44,209.0,books,False,SAVE10,15.8,16.61
514424,20.89,260.4,food,False,,50.62,50.63
514425,1.14,167.4,electronics,True,,33.53,33.53
514426,1.08,154.2,electronics,True,SAVE10,28.23,28.22
514427,13.17,122.8,books,False,,27.21,29.83
514428,13.61,140.2,standard,False,SAVE10,30.81,30.8
514429,11.74,298.3,standard,False,,38.4,38.41
514430,22.97,52.8,electronics,False,,71.55,71.56
514431,18.88,155.1,books,False,,37.96,41.74
514432,20.7,101.9,fragile,False,,58.92,58.9
514433,19.58,250.5,food,False,,47.77,47.77
514434,20.6,275.9,electronics,False,,75.6,75.61
514435,20.27,52.1,standard,True,SAVE10,48.02,48.01
514436,22.29,19.9,clothing,False,,45.58,45.59
514437,19.05,65.8,books,False,,33.77,37.57
514438,4.96,242.1,fragile,True,,54.21,83.4
514439,13.09,232.8,electronics,False,,50.91,50.9
514440,17.72,20.2,food,False,,32.91,32.89
514441,12.97,251.8,clothing,False,SAVE10,34.68,34.69
514442,12.94,17.9,standard,False,,26.78,26.79
514443,8.36,227.6,electronics,True,,64.22,64.22
514444,4.7,61.6,food,False,,11.54,11.56
514445,22.61,186.1,electronics,True,SAVE10,90.67,90.67
514446,9.44,121.0,clothing,True,,42.03,42.01
514447,1.12,155.6,electronics,False,SAVE10,10.03,10.04
514448,9.28,201.5,books,True,SAVE10,45.07,46.73
514449,24.98,208.0,electronics,False,,85.34,85.35
514450,0.96,24.9,electronics,False,SAVE10,3.71,3.73
514451,24.71,210.2,food,False,,54.99,54.99
514452,5.14,185.2,books,True,,41.0,42.01
514453,1.34,22.1,standard,False,,3.78,3.77
514454,24.85,112.0,standard,False,SAVE10,49.77,49.78
514455,6.88,219.5,books,False,,21.98,23.36
514456,24.34,71.6,fragile,False,,66.86,66.85
514457,6.84,68.7,food,False,SAVE10,14.17,14.19
514458,9.17,185.4,food,False,,25.78,25.77
514459,24.55,177.7,clothing,False,,57.98,57.98
514460,6.82,238.3,clothing,False,,25.56,25.54
514461,20.59,173.9,clothing,False,,49.88,49.86
514462,21.03,174.1,clothing,False,,50.76,50.76
514463,10.25,183.7,standard,False,SAVE10,26.72,26.73
514464,3.47,116.9,electronics,True,,32.95,32.93
514465,20.28,290.4,fragile,False,,67.25,67.27
514466,4.35,59.2,fragile,True,,25.19,36.12
514467,9.54,142.5,clothing,False,,26.2,26.2
514468,5.44,26.1,clothing,False,,12.18,12.19
514469,22.53,280.2,electronics,False,SAVE10,73.44,73.42
514470,7.36,254.1,fragile,False,,31.84,31.83
514471,13.95,205.1,books,False,,32.58,35.36
514472,16.98,104.9,food,False,,35.81,35.79
514473,6.95,143.4,electronics,False,SAVE10,25.22,25.21
514474,14.44,244.1,clothing,False,SAVE10,36.98,36.96
514475,18.09,171.0,fragile,False,SAVE10,50.03,50.04
514476,24.61,5.2,clothing,False,,49.48,49.47
514477,11.06,142.4,food,False,,27.03,27.03
514478,8.92,274.1,clothing,False,,31.54,31.54
514479,9.06,242.9,standard,False,,30.26,30.27
514480,14.19,221.4,food,False,,36.61,36.63
514481,8.24,58.0,books,False,,16.08,17.72
514482,10.52,253.3,fragile,True,,70.35,100.68
514483,16.17,244.5,books,False,SAVE10,34.29,37.21
514484,18.55,212.3,clothing,False,,47.72,47.7
514485,18.22,31.2,electronics,False,,56.22,56.22
514486,16.6,127.6,standard,False,,39.58,39.59
514487,3.95,166.5,food,True,SAVE10,33.38,33.38
514488,17.02,141.8,electronics,False,,58.15,58.16
514489,5.78,296.3,standard,False,,26.38,26.39
514490,21.28,265.1,food,True,,83.07,83.09
514491,22.49,157.1,clothing,False,SAVE10,47.55,47.56
514492,7.26,253.9,electronics,False,,34.48,34.49
514493,23.87,75.1,electronics,False,,75.36,75.35
514494,15.99,79.0,books,False,,29.53,32.74
514495,18.45,199.8,food,False,,43.2,43.2
514496,18.31,72.8,clothing,True,,52.54,52.53
514497,16.83,272.9,electronics,True,,96.42,96.41
514498,3.86,219.4,electronics,False,SAVE10,20.3,20.3
514499,14.92,39.1,food,False,SAVE10,25.93,25.93
514500,24.41,121.6,standard,False,SAVE10,49.41,49.4
514501,20.71,259.8,fragile,True,,97.82,128.78
514502,11.55,194.5,standard,True,,57.28,57.29
514503,24.56,116.4,electronics,False,,79.5,79.49
514504,22.56,190.1,electronics,False,,77.18,77.2
514505,11.37,47.1,food,False,,22.82,22.82
514506,21.31,297.9,clothing,False,,57.52,57.52
514507,7.01,94.5,electronics,False,,25.76,25.75
514508,4.08,146.5,food,False,,14.67,14.68
514509,12.77,168.8,fragile,True,,63.52,85.4
514510,20.35,164.0,food,False,,44.83,44.84
514511,17.61,266.8,fragile,True,,90.81,122.49
514512,8.09,65.8,books,True,,27.81,29.44
514513,12.58,40.3,clothing,False,,27.18,27.16
514514,19.36,47.8,fragile,True,,62.51,72.3
514515,18.38,92.3,clothing,True,,55.6,55.6
514516,23.77,27.8,fragile,True,,70.97,78.75
514517,4.15,7.7,clothing,False,SAVE10,7.82,7.8
514518,18.58,100.1,books,True,,49.74,53.45
514519,16.82,256.3,food,True,,73.72,73.73
514520,7.43,62.0,books,False,,14.99,16.49
514521,23.96,80.5,food,False,,47.15,47.13
514522,12.62,14.2,standard,False,,25.95,25.94
514523,16.15,286.0,clothing,False,,46.6,46.59
514524,24.83,241.7,fragile,False,,76.64,76.66
514525,13.68,204.0,fragile,True,,71.17,96.58
514526,16.79,66.8,electronics,False,,53.71,53.72
514527,14.75,143.8,books,False,,30.79,33.75
514528,21.07,160.3,fragile,False,,62.8,62.78
514529,16.99,48.3,fragile,True,,56.42,66.25
514530,4.07,159.1,food,True,SAVE10,32.57,32.58
514531,1.87,266.3,standard,False,,17.06,17.07
514532,22.59,160.4,fragile,False,,66.75,66.76
514533,18.99,26.0,food,False,SAVE10,31.93,31.95
514534,3.6,190.4,books,False,,15.28,15.98
514535,21.8,278.5,fragile,True,,103.46,136.31
514536,16.71,67.3,fragile,False,,46.81,46.83
514537,15.37,283.1,food,False,,41.82,41.82
514538,18.94,139.2,food,False,,41.05,41.04
514539,23.24,255.2,books,False,SAVE10,44.95,49.11
514540,7.9,249.1,books,False,,25.1,26.67
514541,1.87,87.2,clothing,False,,8.1,8.12
514542,17.1,87.7,standard,False,,38.58,38.59
514543,8.14,220.1,fragile,True,SAVE10,53.26,77.57
514544,18.13,259.4,food,True,,76.54,76.53
514545,17.24,192.5,standard,False,,44.1,44.1
514546,17.05,138.4,clothing,False,,41.02,41.02
514547,20.41,107.3,food,False,,42.1,42.09
514548,4.36,250.6,food,False,,20.38,20.39
514549,4.93,67.7,books,False,,11.27,12.25
514550,13.24,82.4,clothing,False,,30.6,30.61
514551,4.6,295.0,electronics,False,,28.55,28.53
514552,12.84,55.7,fragile,False,,36.17,36.17
514553,7.06,50.2,food,False,,15.22,15.22
514554,24.65,78.2,clothing,False,,53.21,53.22
514555,21.02,174.5,standard,True,,73.22,73.23
514556,19.83,258.8,books,False,,44.67,48.65
514557,21.76,105.0,electronics,False,,70.53,70.54
514558,6.5,112.8,electronics,False,,25.14,25.15
514559,13.51,229.6,electronics,False,,52.01,52.0
514560,15.58,159.1,clothing,True,,60.03,60.03
514561,1.72,216.8,food,False,SAVE10,12.54,12.54
514562,6.6,54.3,food,False,,14.6,14.58
514563,20.69,86.7,standard,False,,45.72,45.72
514564,6.8,52.2,clothing,True,,26.43,26.45
514565,22.69,247.3,clothing,False,SAVE10,51.97,51.98
514566,12.03,62.9,standard,True,,38.49,38.5
514567,12.75,236.6,food,False,SAVE10,31.3,31.32
514568,3.52,6.2,books,False,SAVE10,5.35,5.99
514569,21.39,135.0,clothing,True,SAVE10,61.23,61.24
514570,10.51,295.2,food,False,,33.68,33.66
514571,5.94,194.5,electronics,False,,27.54,27.56
514572,4.65,114.2,electronics,False,,19.66,19.65
514573,4.54,203.7,standard,True,,44.64,44.63
514574,19.51,111.8,books,True,,52.99,56.88
514575,9.48,13.2,books,False,,15.83,17.73
514576,15.01,187.5,food,False,,36.39,36.4
514577,9.0,45.4,food,True,,28.01,28.01
514578,23.19,156.5,food,False,,49.57,49.57
514579,13.11,248.6,clothing,False,SAVE10,34.78,34.79
514580,11.88,151.4,electronics,False,,43.21,43.2
514581,23.62,213.3,books,False,,48.46,53.17
514582,20.45,199.5,electronics,False,SAVE10,64.19,64.19
514583,24.52,162.4,electronics,False,,81.68,81.67
514584,19.29,48.6,standard,False,,41.01,41.03
514585,6.11,169.2,books,False,SAVE10,16.41,17.52
514586,11.81,87.6,standard,False,,28.0,28.01
514587,19.86,5.7,food,True,SAVE10,37.44,37.43
514588,6.16,107.5,food,False,,16.46,16.44
514589,11.45,172.8,electronics,True,,65.27,65.29
514590,3.65,115.3,electronics,False,,16.72,16.72
514591,11.35,226.7,standard,False,SAVE10,30.63,30.63
514592,14.12,163.4,books,False,,30.76,33.61
514593,4.79,237.1,food,False,SAVE10,18.43,18.42
514594,15.15,207.8,clothing,False,,40.69,40.68
514595,4.12,27.7,electronics,False,,13.74,13.74
514596,12.62,62.5,food,True,,37.09,37.08
514597,17.47,65.2,food,False,,34.71,34.69
514598,18.39,218.4,food,True,SAVE10,63.78,63.78
514599,11.11,80.0,electronics,True,,50.33,50.32
514600,4.72,107.9,food,False,,13.89,13.89
514601,24.43,169.0,fragile,True,,93.87,115.76
514602,13.82,235.9,standard,False,,39.44,39.44
514603,12.43,29.2,clothing,True,,34.24,34.23
514604,1.44,89.7,standard,True,,21.34,21.32
514605,19.08,274.3,food,False,SAVE10,43.25,43.26
514606,19.78,163.1,fragile,False,,59.58,59.6
514607,18.13,99.3,clothing,True,SAVE10,50.54,50.55
514608,11.7,120.4,standard,False,,29.42,29.42
514609,11.86,291.2,electronics,False,SAVE10,45.13,45.11
514610,20.66,225.8,fragile,False,,65.01,65.02
514611,23.35,103.1,books,False,SAVE10,38.26,42.46
514612,15.04,24.6,food,False,,28.3,28.29
514613,16.17,154.7,clothing,True,,60.54,60.54
514614,21.05,102.6,clothing,True,,62.49,62.48
514615,8.8,248.0,clothing,True,,59.8,59.78
514616,4.81,42.8,books,True,SAVE10,17.2,18.06
514617,18.92,130.5,books,False,,36.8,40.58
514618,15.59,171.8,fragile,False,,49.12,49.12
514619,8.85,215.3,food,False,,26.7,26.69
514620,21.12,29.0,fragile,False,,56.36,56.37
514621,18.98,37.5,food,False,,36.04,36.03
514622,1.31,108.8,clothing,False,,8.06,8.05
514623,12.9,180.2,electronics,True,SAVE10,63.66,63.67
514624,17.74,195.3,standard,False,,45.24,45.26
514625,22.71,157.8,books,True,,65.01,69.54
514626,17.87,297.2,electronics,True,SAVE10,92.87,92.89
514627,6.29,13.5,food,False,,12.0,12.01
514628,4.2,202.9,clothing,True,SAVE10,39.45,39.44
514629,24.11,266.9,books,False,,51.92,56.74
514630,21.56,102.6,fragile,False,,61.19,61.17
514631,10.88,90.7,standard,False,,26.3,26.3
514632,10.59,170.9,clothing,False,,29.72,29.71
514633,19.27,50.2,fragile,False,,52.61,52.61
514634,16.28,204.9,food,False,,39.55,39.55
514635,6.95,89.2,standard,True,,32.28,32.29
514636,12.4,211.0,clothing,False,,35.35,35.34
514637,24.46,38.3,food,True,,54.77,54.78
514638,11.51,299.5,food,False,SAVE10,32.12,32.11
514639,1.01,88.1,fragile,False,,7.03,7.04
514640,3.08,226.3,standard,True,,45.1,45.12
514641,4.23,228.4,fragile,True,SAVE10,45.23,70.28
514642,16.5,145.8,electronics,False,,56.79,56.78
514643,9.51,227.0,food,False,,28.47,28.47
514644,16.66,29.5,clothing,False,,34.8,34.8
514645,7.51,211.3,clothing,False,SAVE10,23.03,23.03
514646,19.9,278.7,books,True,,78.65,82.64
514647,12.68,94.6,food,False,,27.55,27.55
514648,23.43,192.5,clothing,False,SAVE10,50.84,50.83
514649,19.25,102.2,food,False,,39.76,39.76
514650,12.23,73.9,standard,False,SAVE10,25.34,25.34
514651,24.33,130.7,clothing,True,,73.26,73.28
514652,8.41,195.2,books,False,SAVE10,20.89,22.4
514653,12.0,58.6,fragile,False,SAVE10,30.72,30.7
514654,9.22,192.4,electronics,False,,37.28,37.27
514655,1.29,121.9,electronics,False,,9.96,9.98
514656,8.11,44.6,electronics,False,,26.56,26.55
514657,2.24,28.0,fragile,False,,7.22,7.23
514658,3.32,268.5,food,True,,51.25,51.26
514659,3.41,192.7,standard,True,,40.72,40.71
514660,9.6,83.4,food,False,,21.45,21.46
514661,14.13,141.4,electronics,False,SAVE10,44.51,44.5
514662,14.38,127.1,food,False,SAVE10,29.02,29.0
514663,16.08,116.0,electronics,True,,70.64,70.64
514664,5.09,51.8,clothing,False,,12.77,12.77
514665,7.6,69.4,electronics,True,,38.21,38.2
514666,3.6,170.8,standard,False,,15.74,15.73
514667,22.68,214.1,electronics,False,,78.74,78.75
514668,4.35,71.1,fragile,False,SAVE10,13.38,13.39
514669,15.98,55.0,books,False,SAVE10,25.49,28.35
514670,12.63,238.3,clothing,True,,66.01,65.99
514671,2.32,198.7,standard,True,SAVE10,35.5,35.51
514672,20.85,239.3,fragile,False,,66.18,66.17
514673,12.92,71.7,fragile,True,,49.35,61.53
514674,14.23,160.5,electronics,True,,71.76,71.77
514675,18.89,89.1,standard,False,,42.24,42.22
514676,7.99,236.0,fragile,False,,32.57,32.58
514677,10.0,283.6,books,False,SAVE10,27.16,28.95
514678,4.01,113.8,books,False,SAVE10,10.9,11.61
514679,22.01,151.3,clothing,False,,51.59,51.58
514680,9.86,140.9,food,True,,43.88,43.88
514681,21.29,210.5,books,False,,44.59,48.84
514682,21.38,219.1,food,False,SAVE10,44.5,44.5
514683,10.44,273.3,books,True,,62.7,64.77
514684,15.12,45.4,food,False,,29.49,29.5
514685,6.31,39.7,books,True,,21.05,22.3
514686,12.29,135.1,clothing,True,SAVE10,44.86,44.85
514687,8.22,152.3,clothing,True,SAVE10,39.86,39.85
514688,23.28,79.6,standard,False,,50.54,50.56
514689,16.91,153.2,food,False,,38.1,38.1
514690,22.5,138.4,electronics,True,SAVE10,83.93,83.93
514691,6.6,281.3,standard,True,,60.4,60.41
514692,5.57,232.5,fragile,True,SAVE10,48.92,74.35
514693,0.55,193.8,standard,True,,35.17,35.15
514694,14.88,230.0,electronics,True,,84.14,84.14
514695,7.7,46.8,food,True,,25.88,25.86
514696,7.23,153.0,electronics,False,,29.34,29.33
514697,11.55,159.7,fragile,False,,38.02,38.0
514698,14.42,17.9,books,False,SAVE10,21.57,24.16
514699,18.9,61.9,electronics,False,,59.79,59.79
514700,22.2,54.3,electronics,False,,69.32,69.33
514701,5.26,10.0,fragile,False,,14.18,14.17
514702,12.59,189.7,clothing,True,,58.64,58.63
514703,23.02,111.4,books,False,,42.4,47.01
514704,8.29,266.3,food,True,SAVE10,53.88,53.87
514705,14.08,96.0,books,False,,27.33,30.15
514706,11.42,217.0,clothing,False,,33.69,33.69
514707,18.85,244.2,standard,False,,49.91,49.92
514708,18.34,114.7,clothing,False,,42.42,42.42
514709,10.27,39.1,books,False,SAVE10,16.55,18.4
514710,7.01,290.0,clothing,True,,62.52,62.52
514711,15.94,175.0,fragile,False,,50.19,50.18
514712,23.39,193.9,electronics,True,,104.26,104.24
514713,10.34,165.4,clothing,False,,28.95,28.95
514714,12.74,44.3,books,True,,32.03,34.6
514715,6.55,182.9,electronics,False,,28.8,28.79
514716,22.24,214.8,standard,False,SAVE10,49.7,49.68
514717,1.83,98.6,food,True,,23.08,23.1
514718,9.84,273.1,fragile,False,,39.24,39.25
514719,2.7,236.2,fragile,False,,18.83,18.83
514720,11.31,208.1,clothing,False,SAVE10,29.72,29.7
514721,15.2,54.9,books,False,,27.06,30.1
514722,3.19,276.3,fragile,True,,54.74,87.38
514723,16.83,243.5,electronics,True,,92.01,92.03
514724,7.01,48.9,books,True,,23.55,24.94
514725,5.66,282.1,books,False,,23.16,24.3
514726,8.78,289.6,clothing,False,,32.04,32.06
514727,23.26,254.0,clothing,False,,59.22,59.23
514728,22.11,49.2,electronics,True,,78.71,78.72
514729,7.89,111.9,electronics,False,,29.26,29.25
514730,1.27,113.0,fragile,False,,8.95,8.96
514731,2.9,102.7,books,False,,9.78,10.35
514732,11.59,138.5,books,False,SAVE10,22.92,25.01
514733,1.13,217.4,fragile,True,,40.55,67.29
514734,17.35,190.3,clothing,False,,44.22,44.2
514735,15.17,252.0,standard,False,,42.94,42.94
514736,10.62,104.1,fragile,True,SAVE10,43.4,57.29
514737,4.17,227.9,books,True,,45.86,46.68
514738,23.91,113.9,clothing,True,,69.9,69.91
514739,9.52,209.2,fragile,True,,61.13,87.07
514740,6.54,208.2,books,False,,20.87,22.19
514741,24.63,167.3,books,True,,69.5,74.45
514742,18.89,238.7,electronics,False,,68.6,68.59
514743,13.78,281.4,food,False,SAVE10,34.99,35.0
514744,9.09,51.2,food,False,,18.92,18.91
514745,20.31,194.4,food,False,,46.28,46.29
514746,17.7,287.3,food,False,,46.22,46.21
514747,22.17,281.8,electronics,False,SAVE10,72.54,72.53
514748,24.44,65.8,fragile,False,,66.83,66.85
514749,14.71,58.3,clothing,True,,43.16,43.17
514750,20.76,252.6,food,False,,50.0,50.0
514751,22.88,204.5,fragile,True,SAVE10,85.65,108.55
514752,5.53,110.9,food,False,SAVE10,13.95,13.94
514753,15.88,137.7,standard,False,,38.65,38.64
514754,21.29,134.9,electronics,True,,89.1,89.1
514755,20.09,50.0,food,False,,38.66,38.67
514756,18.63,169.1,books,False,SAVE10,34.44,37.79
514757,11.76,160.5,food,True,,50.24,50.25
514758,21.69,202.2,books,False,,44.81,49.16
514759,12.53,299.2,electronics,False,,52.55,52.56
514760,7.71,43.9,electronics,False,SAVE10,22.79,22.77
514761,11.39,23.9,standard,True,,31.36,31.38
514762,20.7,246.6,food,False,,49.59,49.6
514763,2.44,129.0,fragile,False,,12.79,12.79
514764,0.8,155.9,clothing,False,,9.4,9.4
514765,2.05,161.0,fragile,True,,34.48,55.57
514766,3.76,100.8,electronics,True,,31.4,31.41
514767,6.19,47.4,books,True,,22.01,23.26
514768,3.86,119.9,electronics,False,,17.58,17.59
514769,0.95,85.3,fragile,False,SAVE10,6.06,6.05
514770,7.11,104.4,fragile,False,SAVE10,21.34,21.34
514771,15.3,99.3,standard,False,,35.56,35.57
514772,18.71,185.9,books,False,,39.23,42.99
514773,12.09,5.5,standard,False,,24.46,24.44
514774,23.2,108.7,standard,False,,51.84,51.85
514775,1.56,251.9,clothing,False,,15.72,15.7
514776,22.06,279.9,standard,True,,91.1,91.1
514777,1.68,69.4,books,False,,6.16,6.48
514778,15.2,277.5,books,False,,38.2,41.24
514779,5.52,194.3,food,True,,44.08,44.09
514780,18.08,286.4,fragile,False,,61.33,61.33
514781,18.81,44.9,electronics,False,,58.67,58.69
514782,20.45,263.5,electronics,True,,105.88,105.87
514783,7.72,269.6,food,False,,27.38,27.36
514784,4.37,225.3,standard,False,SAVE10,18.0,18.02
514785,19.13,254.3,fragile,False,,62.45,62.46
514786,17.33,256.9,electronics,True,,95.52,95.52
514787,11.64,208.9,food,True,SAVE10,51.56,51.55
514788,11.09,204.1,clothing,False,,32.38,32.39
514789,12.78,17.1,books,False,,21.3,23.86
514790,23.9,67.5,books,True,,53.36,58.16
514791,3.6,25.2,clothing,True,,15.98,15.98
514792,15.09,166.3,clothing,True,,60.13,60.13
514793,21.53,36.9,food,False,,40.6,40.59
514794,2.99,146.0,clothing,False,,13.28,13.26
514795,18.7,5.4,electronics,True,,61.91,61.93
514796,20.56,86.7,electronics,True,,79.68,79.69
514797,6.59,270.2,clothing,False,,26.69,26.69
514798,8.92,168.0,fragile,True,,53.39,75.2
514799,10.98,31.8,standard,True,SAVE10,28.56,28.57
514800,24.74,91.6,standard,True,SAVE10,61.4,61.39
514801,22.74,80.0,food,True,,57.93,57.94
514802,23.25,122.0,fragile,False,,66.55,66.53
514803,9.48,46.5,fragile,True,,36.62,46.29
514804,22.17,273.1,food,True,,85.87,85.87
514805,12.65,142.1,food,False,,29.88,29.86
514806,15.14,36.7,clothing,False,,32.12,32.12
514807,16.65,293.7,fragile,False,SAVE10,52.18,52.19
514808,18.56,88.5,standard,False,,41.54,41.55
514809,8.71,258.5,electronics,False,,39.06,39.04
514810,9.62,235.4,clothing,False,,31.01,31.0
514811,3.56,29.2,fragile,False,,10.72,10.7
514812,21.81,73.8,books,False,,38.59,42.93
514813,11.6,92.0,clothing,False,,27.8,27.8
514814,24.02,220.1,electronics,True,,110.08,110.07
514815,6.98,58.4,fragile,True,,31.91,42.75
514816,15.89,254.9,clothing,False,SAVE10,40.07,40.08
514817,24.93,62.1,clothing,False,,52.96,52.96
514818,17.62,242.8,clothing,True,,76.66,76.64
514819,22.44,268.7,electronics,False,,80.76,80.75
514820,23.35,244.6,fragile,False,,72.94,72.95
514821,13.59,83.4,clothing,False,,31.35,31.33
514822,4.96,226.4,electronics,False,,26.2,26.2
514823,15.91,10.0,standard,False,,32.32,32.33
514824,16.48,38.0,books,True,SAVE10,33.36,36.31
514825,8.38,271.2,electronics,True,,70.82,70.82
514826,4.99,27.2,books,False,,9.34,10.34
514827,9.03,295.0,standard,True,,67.31,67.31
514828,19.61,37.9,books,False,,33.27,37.2
514829,8.3,142.0,fragile,False,,28.68,28.68
514830,19.98,162.6,fragile,False,,60.08,60.08
514831,9.38,72.1,books,True,,30.82,32.69
514832,20.17,101.5,clothing,True,,60.57,60.57
514833,15.43,295.9,fragile,True,,89.5,124.1
514834,23.53,155.2,fragile,False,,68.94,68.95
514835,6.04,33.8,food,False,,12.56,12.58
514836,19.38,127.8,books,False,,37.4,41.28
514837,11.49,202.7,books,False,,28.52,30.81
514838,5.54,78.4,clothing,False,,15.0,14.99
514839,4.58,292.7,books,True,,56.23,57.14
514840,6.55,217.7,clothing,True,,50.76,50.75
514841,17.14,182.5,standard,False,,43.4,43.42
514842,21.32,148.6,standard,False,,50.07,50.07
514843,7.94,151.0,standard,False,,23.43,23.44
514844,8.82,259.2,fragile,True,,66.81,97.74
514845,3.5,119.5,food,True,SAVE10,26.3,26.31
514846,13.47,10.1,books,True,,28.07,30.77
514847,3.2,62.4,fragile,False,,11.44,11.42
514848,8.19,64.8,fragile,False,SAVE10,22.08,22.09
514849,22.7,121.6,electronics,False,,74.18,74.16
514850,13.19,123.0,electronics,False,,45.72,45.73
514851,8.09,195.1,standard,True,,50.45,50.45
514852,18.97,29.8,electronics,False,,58.4,58.4
514853,0.52,282.2,standard,False,,15.15,15.17
514854,18.6,99.3,standard,False,,42.17,42.17
514855,20.26,42.8,clothing,False,,42.66,42.64
514856,12.43,77.4,standard,False,,28.73,28.71
514857,5.71,30.7,clothing,True,,21.02,21.04
514858,5.98,196.7,fragile,False,SAVE10,22.84,22.85
514859,22.55,251.0,fragile,False,SAVE10,64.06,64.05
514860,18.04,110.8,books,True,,50.48,54.09
514861,24.36,119.4,clothing,False,,54.69,54.69
514862,5.19,60.6,fragile,False,,16.52,16.51
514863,10.79,64.6,electronics,False,,35.6,35.59
514864,19.66,54.9,electronics,False,SAVE10,55.55,55.56
514865,14.86,16.1,food,False,SAVE10,24.8,24.81
514866,12.35,76.4,electronics,False,,40.87,40.86
514867,3.75,142.9,electronics,False,SAVE10,16.56,16.55
514868,23.59,235.7,fragile,False,,73.12,73.12
514869,5.7,248.9,food,False,,22.7,22.71
514870,18.14,107.4,electronics,False,,59.79,59.77
514871,15.29,68.2,books,True,,39.69,42.75
514872,19.67,241.7,standard,True,SAVE10,72.54,72.54
514873,19.38,95.8,fragile,False,SAVE10,49.66,49.65
514874,11.79,197.0,clothing,False,,33.43,33.44
514875,13.68,115.5,fragile,True,,57.89,74.44
514876,2.41,182.3,books,False,,12.97,13.46
514877,18.9,210.1,electronics,False,SAVE10,60.48,60.5
514878,7.41,109.3,fragile,False,,24.73,24.74
514879,3.41,197.0,food,False,SAVE10,14.39,14.38
514880,1.57,137.5,fragile,False,,10.96,10.94
514881,7.67,210.9,food,True,,50.44,50.44
514882,3.7,202.4,fragile,False,,19.74,19.73
514883,4.64,22.6,fragile,False,,13.19,13.21
514884,10.39,226.8,fragile,False,,38.35,38.35
514885,8.99,262.2,fragile,False,SAVE10,32.84,32.83
514886,7.08,93.8,books,False,SAVE10,14.42,15.68
514887,4.9,297.2,standard,False,,24.66,24.65
514888,15.45,124.5,fragile,False,SAVE10,41.76,41.77
514889,13.71,105.1,clothing,False,,32.68,32.69
514890,10.08,51.3,clothing,False,,22.72,22.73
514891,5.25,161.0,books,False,,16.45,17.49
514892,19.72,67.2,standard,False,,42.8,42.79
514893,2.99,73.6,books,False,SAVE10,7.62,8.17
514894,9.87,167.3,food,False,,26.13,26.14
514895,5.56,98.0,food,False,,14.91,14.9
514896,18.28,96.2,books,False,,34.06,37.7
514897,13.61,224.6,food,False,,35.73,35.73
514898,22.8,35.9,electronics,False,,70.2,70.2
514899,16.83,204.7,books,False,,37.16,40.51
514900,16.29,239.9,fragile,False,,54.35,54.35
514901,2.44,13.0,standard,False,SAVE10,4.98,4.97
514902,0.78,293.8,food,False,SAVE10,14.48,14.5
514903,16.2,274.0,books,False,,39.62,42.87
514904,19.72,200.3,clothing,False,SAVE10,44.51,44.49
514905,21.62,208.3,clothing,True,,79.48,79.48
514906,24.73,37.4,electronics,False,,76.06,76.08
514907,21.97,35.5,electronics,True,,76.24,76.22
514908,14.04,218.8,fragile,False,SAVE10,42.7,42.71
514909,17.34,77.8,food,False,,35.1,35.09
514910,9.17,56.7,fragile,False,,26.68,26.67
514911,24.46,218.0,food,True,,81.73,81.71
514912,24.38,93.9,clothing,True,,67.84,67.83
514913,17.83,134.6,standard,False,,42.39,42.38
514914,6.18,7.3,books,False,,10.25,11.47
514915,14.28,272.2,standard,True,,74.39,74.39
514916,17.27,146.3,books,False,,34.95,38.42
514917,20.43,55.9,clothing,True,,54.24,54.26
514918,16.29,102.1,electronics,False,SAVE10,48.58,48.59
514919,20.07,175.7,electronics,False,,69.0,68.99
514920,19.51,225.9,books,False,,42.51,46.4
514921,16.5,204.1,food,True,,65.32,65.32
514922,3.34,107.6,books,False,,10.72,11.41
514923,18.57,174.3,standard,False,SAVE10,41.27,41.28
514924,11.99,65.5,food,False,,24.86,24.84
514925,20.07,144.8,fragile,False,,59.42,59.43
514926,3.16,155.2,electronics,False,,17.24,17.26
514927,12.5,152.4,food,False,,30.12,30.11
514928,8.28,292.3,food,False,,29.52,29.54
514929,12.33,112.0,food,False,,27.79,27.8
514930,24.56,199.0,standard,True,SAVE10,75.57,75.56
514931,19.36,58.7,books,False,,33.91,37.77
514932,22.08,158.4,fragile,False,,65.33,65.34
514933,21.03,136.7,clothing,True,,67.56,67.56
514934,2.02,100.5,standard,True,,24.12,24.13
514935,18.17,240.5,electronics,False,,66.54,66.54
514936,18.73,46.7,standard,False,,39.8,39.81
514937,19.06,131.3,books,False,SAVE10,33.35,36.8
514938,6.69,49.7,books,False,,13.19,14.51
514939,9.66,157.5,standard,False,SAVE10,24.48,24.49
514940,16.37,200.0,fragile,False,,52.56,52.57
514941,7.16,271.0,standard,False,,27.87,27.89
514942,12.89,192.3,electronics,False,,48.28,48.27
514943,10.59,262.5,clothing,False,,34.3,34.31
514944,2.35,114.7,books,False,,9.5,9.95
514945,2.27,279.2,electronics,True,,53.69,53.71
514946,5.54,121.8,standard,True,SAVE10,30.92,30.91
514947,11.63,287.4,clothing,False,,37.63,37.63
514948,22.92,103.4,food,False,,46.43,46.43
514949,19.19,209.8,standard,False,,48.87,48.89
514950,8.03,105.9,electronics,False,SAVE10,26.45,26.46
514951,19.75,114.6,fragile,True,,73.54,89.99
514952,20.31,189.3,food,False,,46.02,46.04
514953,23.24,250.1,books,True,,79.7,84.35
514954,17.7,48.5,electronics,False,,55.52,55.53
514955,15.62,25.0,food,False,,29.37,29.38
514956,16.93,124.9,food,False,,36.72,36.72
514957,2.34,200.8,clothing,False,,14.72,14.71
514958,15.08,206.9,electronics,False,,55.58,55.59
514959,1.53,274.9,clothing,True,,49.29,49.28
514960,16.03,295.4,books,True,,74.96,78.18
514961,16.83,142.3,electronics,False,SAVE10,51.84,51.84
514962,9.75,282.7,standard,True,SAVE10,60.21,60.2
514963,4.76,287.6,electronics,False,SAVE10,25.79,25.79
514964,13.13,144.7,fragile,False,,41.37,41.36
514965,4.34,142.3,food,False,,14.93,14.92
514966,9.85,104.2,standard,False,,24.91,24.91
514967,17.79,242.7,standard,True,SAVE10,69.29,69.28
514968,1.29,186.2,fragile,True,,36.28,59.9
514969,23.42,123.1,standard,False,,53.0,52.99
514970,22.22,84.0,fragile,False,,61.97,61.98
514971,9.47,197.9,food,False,,26.94,26.96
514972,20.66,50.0,electronics,True,,74.48,74.47
514973,20.51,270.5,fragile,False,,66.85,66.86
514974,17.89,290.4,standard,False,,50.3,50.3
514975,10.77,159.4,fragile,False,,35.97,35.96
514976,9.37,220.6,electronics,False,,39.14,39.14
514977,5.48,104.5,clothing,False,SAVE10,14.57,14.58
514978,20.16,267.4,books,True,,77.37,81.39
514979,16.96,176.4,standard,False,,42.74,42.74
514980,24.21,14.6,books,False,,39.47,44.3
514981,15.66,54.1,food,False,,30.89,30.87
514982,0.6,236.2,books,True,,41.39,41.49
514983,5.41,216.5,books,True,,46.13,47.23
514984,1.6,177.5,clothing,False,,12.08,12.08
514985,7.61,214.9,standard,False,SAVE10,23.37,23.36
514986,14.56,143.5,fragile,False,,45.03,45.05
514987,14.02,274.3,standard,True,SAVE10,66.77,66.78
514988,15.34,256.8,fragile,False,,52.72,52.71
514989,9.51,78.2,clothing,True,SAVE10,32.18,32.19
514990,22.89,129.4,fragile,False,,65.98,65.98
514991,11.21,23.5,food,False,,21.35,21.35
514992,6.29,287.1,standard,True,,60.65,60.63
514993,10.62,49.1,standard,False,SAVE10,21.33,21.31
514994,9.94,177.6,books,False,,24.78,26.79
514995,4.91,214.6,fragile,False,SAVE10,21.15,21.16
514996,14.55,182.2,clothing,False,,38.21,38.2
514997,13.43,66.7,fragile,False,,38.25,38.24
514998,0.87,176.6,food,True,SAVE10,29.75,29.74
514999,7.84,60.5,books,False,,15.57,17.16
515000,3.37,11.6,standard,False,,7.32,7.32
515001,8.81,100.3,clothing,False,SAVE10,20.37,20.37
515002,4.61,71.8,food,True,,24.07,24.09
515003,2.16,164.2,fragile,True,SAVE10,31.72,51.01
515004,9.61,103.4,electronics,False,,34.0,34.0
515005,1.51,256.3,food,False,,15.53,15.55
515006,2.15,116.3,food,False,SAVE10,8.72,8.73
515007,18.24,126.1,clothing,True,,60.4,60.4
515008,5.99,242.0,clothing,False,,24.08,24.08
515009,19.25,191.6,clothing,False,SAVE10,43.27,43.29
515010,10.68,148.2,clothing,False,SAVE10,25.89,25.91
515011,14.44,79.0,food,False,,29.94,29.93
515012,20.96,298.1,books,True,,83.25,87.46
515013,3.09,127.1,electronics,True,,33.34,33.33
515014,1.08,86.9,food,False,,6.29,6.3
515015,9.16,116.6,food,False,SAVE10,20.09,20.08
515016,23.86,147.7,food,False,,50.33,50.33
515017,9.29,189.6,fragile,False,SAVE10,30.27,30.27
515018,10.53,30.5,fragile,False,,28.9,28.9
515019,15.38,120.7,clothing,True,,53.86,53.87
515020,0.53,21.9,standard,False,,2.16,2.16
515021,15.02,90.3,food,False,SAVE10,28.4,28.41
515022,16.59,101.8,food,False,,34.95,34.96
515023,22.77,202.1,electronics,False,,78.42,78.43
515024,16.31,59.8,electronics,False,,51.92,51.91
515025,16.83,105.1,standard,False,SAVE10,35.02,35.04
515026,2.8,9.1,food,False,,5.5,5.49
515027,11.39,102.6,fragile,False,,34.74,34.75
515028,5.66,296.6,standard,False,SAVE10,23.54,23.55
515029,7.97,243.5,standard,False,,28.12,28.12
515030,2.33,194.9,fragile,True,,40.29,64.8
515031,9.98,120.6,food,False,SAVE10,21.59,21.6
515032,4.17,23.3,food,True,,16.0,15.99
515033,7.91,194.2,electronics,False,,33.44,33.43
515034,1.32,218.8,food,True,SAVE10,36.18,36.19
515035,24.39,150.5,food,False,,51.43,51.41
515036,10.54,78.4,clothing,False,,25.0,25.01
515037,8.66,288.7,fragile,False,,36.95,36.96
515038,17.34,234.6,food,True,,71.4,71.41
515039,18.88,61.9,books,False,,33.3,37.07
515040,17.13,51.9,food,False,,33.43,33.42
515041,8.24,194.6,electronics,False,,34.45,34.47
515042,13.84,80.6,food,False,,28.94,28.93
515043,11.04,293.3,food,True,,68.87,68.86
515044,19.0,254.1,fragile,False,,62.1,62.12
515045,10.11,114.6,fragile,True,,48.48,64.93
515046,23.12,228.0,books,False,,48.39,53.0
515047,10.62,35.9,clothing,False,SAVE10,20.73,20.72
515048,5.88,39.1,books,True,,20.27,21.44
515049,21.78,78.5,standard,False,,47.48,47.49
515050,2.16,271.1,electronics,False,,20.04,20.02
515051,24.85,254.7,electronics,False,,87.29,87.29
515052,24.75,292.7,fragile,True,,113.26,147.53
515053,12.56,120.4,electronics,False,SAVE10,39.33,39.34
515054,8.29,178.8,standard,False,,25.52,25.52
515055,3.27,281.5,food,False,,19.96,19.95
515056,11.52,279.5,fragile,False,,43.93,43.93
515057,18.12,220.5,standard,False,,47.26,47.26
515058,5.55,178.2,food,False,,18.9,18.91
515059,17.32,193.1,food,False,,40.83,40.84
515060,8.09,5.2,clothing,False,,16.44,16.45
515061,13.77,168.2,standard,False,,35.95,35.94
515062,19.94,280.5,food,False,SAVE10,44.93,44.91
515063,12.37,288.2,fragile,False,SAVE10,41.91,41.91
515064,16.63,139.1,books,False,,33.56,36.88
515065,9.01,165.6,electronics,False,,35.31,35.31
515066,14.76,206.2,books,False,,33.93,36.88
515067,20.42,155.4,electronics,False,,69.03,69.03
515068,22.1,261.3,books,False,,48.43,52.84
515069,23.77,100.9,fragile,True,,81.94,97.04
515070,7.52,298.3,food,False,SAVE10,25.61,25.62
515071,3.0,260.6,fragile,True,,51.89,82.93
515072,1.19,192.3,electronics,False,,13.19,13.19
515073,4.28,192.0,electronics,False,,22.44,22.46
515074,18.08,192.7,food,False,,42.18,42.16
515075,5.12,24.9,electronics,True,,24.1,24.08
515076,19.27,127.5,fragile,False,,56.48,56.48
515077,1.82,48.8,clothing,False,,6.08,6.07
515078,19.73,118.2,clothing,False,SAVE10,40.83,40.83
515079,10.47,131.3,books,False,,23.32,25.4
515080,4.38,145.2,clothing,False,,16.02,16.01
515081,15.06,266.8,fragile,False,,52.5,52.48
515082,18.98,221.1,food,False,,45.22,45.21
515083,1.9,5.1,food,True,,9.18,9.19
515084,10.61,54.1,fragile,True,,40.7,51.12
515085,2.83,63.8,standard,True,SAVE10,18.21,18.2
515086,23.86,42.0,food,False,SAVE10,40.54,40.54
515087,11.02,86.9,food,True,,37.87,37.87
515088,11.99,145.6,food,True,,48.42,48.42
515089,15.14,293.1,food,False,SAVE10,37.72,37.71
515090,20.57,59.4,fragile,True,SAVE10,60.65,70.48
515091,23.49,8.8,books,False,,38.02,42.7
515092,10.36,14.0,fragile,True,SAVE10,30.63,36.4
515093,10.83,89.8,fragile,True,SAVE10,41.97,54.54
515094,20.98,34.7,standard,False,SAVE10,39.33,39.32
515095,18.57,15.3,books,True,,37.01,40.72
515096,17.19,13.5,clothing,False,SAVE10,31.55,31.56
515097,20.2,155.4,food,False,,44.13,44.13
515098,23.31,54.4,fragile,False,,63.33,63.33
515099,1.78,22.2,clothing,False,,4.67,4.68
515100,14.45,90.0,standard,False,,33.4,33.4
515101,6.97,226.6,standard,False,,25.27,25.27
515102,23.02,167.0,electronics,False,,77.41,77.41
515103,1.03,202.4,fragile,False,,12.8,12.81
515104,10.3,231.7,books,True,,56.24,58.3
515105,12.01,153.3,fragile,False,,38.89,38.91
515106,2.46,288.4,food,False,,18.85,18.85
515107,8.63,123.2,clothing,True,,40.74,40.72
515108,9.86,112.3,food,False,,23.36,23.37
515109,3.0,71.7,standard,False,SAVE10,8.63,8.64
515110,19.33,218.6,clothing,False,,49.59,49.57
515111,9.14,143.4,food,False,,23.62,23.63
515112,11.83,131.6,clothing,True,,48.4,48.42
515113,20.18,220.9,food,False,,47.37,47.36
515114,22.87,45.1,standard,True,,57.51,57.49
515115,6.83,180.4,books,True,,42.99,44.34
515116,18.95,280.9,books,False,,44.36,48.14
515117,7.78,299.8,food,False,,28.99,29.01
515118,23.81,145.0,books,False,,45.35,50.12
515119,23.12,157.2,clothing,False,SAVE10,48.69,48.7
515120,12.65,294.5,standard,False,,40.03,40.03
515121,2.76,164.5,books,True,,34.09,34.65
515122,21.39,262.9,standard,False,,55.92,55.92
515123,17.26,126.1,electronics,True,,75.69,75.68
515124,19.91,187.8,books,True,,65.03,69.01
515125,13.08,41.3,clothing,False,,28.22,28.24
515126,24.07,29.0,books,False,SAVE10,35.97,40.31
515127,9.23,134.2,standard,False,SAVE10,22.65,22.67
515128,19.36,197.6,food,True,SAVE10,62.54,62.53
515129,2.92,223.5,food,True,,43.78,43.78
515130,23.05,113.4,electronics,False,,74.82,74.82
515131,8.73,265.8,electronics,False,,39.48,39.49
515132,3.91,129.0,food,False,,13.49,13.48
515133,10.83,96.3,food,True,,38.94,38.93
515134,3.71,117.0,food,False,,12.53,12.52
515135,14.59,20.1,fragile,False,,38.94,38.96
515136,16.04,19.8,fragile,False,,42.69,42.7
515137,6.36,61.2,books,False,SAVE10,11.91,13.04
515138,2.72,287.9,fragile,False,SAVE10,19.32,19.33
515139,21.25,294.0,food,False,,52.95,52.93
515140,17.15,11.8,food,False,,31.46,31.47
515141,15.69,64.1,food,False,,31.45,31.44
515142,24.04,271.9,fragile,False,,76.1,76.11
515143,3.16,144.5,food,False,SAVE10,11.62,11.63
515144,13.42,11.8,food,False,,24.75,24.75
515145,1.77,40.6,food,False,,5.22,5.21
515146,21.75,20.6,clothing,False,SAVE10,40.08,40.07
515147,21.16,102.4,clothing,False,,47.44,47.43
515148,10.18,204.3,fragile,False,,36.68,36.7
515149,14.95,261.6,electronics,False,,57.93,57.93
515150,18.65,172.2,clothing,False,,45.91,45.9
515151,16.4,131.0,electronics,False,,55.75,55.77
515152,17.57,208.8,food,False,,42.07,42.06
515153,6.99,152.3,fragile,False,,25.79,25.81
515154,18.27,174.7,books,False,SAVE10,34.17,37.45
515155,18.76,245.8,food,True,,75.64,75.63
515156,12.42,17.4,food,False,,23.23,23.21
515157,13.79,103.7,books,False,,27.25,30.01
515158,10.47,246.7,electronics,False,,43.74,43.73
515159,15.46,51.9,clothing,True,,43.7,43.69
515160,22.82,110.2,fragile,True,,80.86,96.89
515161,1.36,126.4,clothing,False,,9.04,9.05
515162,19.31,28.7,standard,False,,40.06,40.05
515163,18.36,257.6,electronics,False,,67.96,67.97
515164,11.12,14.2,books,False,,18.5,20.71
515165,5.63,228.1,food,False,SAVE10,19.39,19.39
515166,15.85,35.4,clothing,False,,33.47,33.49
515167,19.2,64.9,standard,False,,41.64,41.66
515168,4.25,247.9,standard,False,,20.9,20.9
515169,14.31,7.9,fragile,False,,37.6,37.59
515170,18.74,138.4,electronics,True,SAVE10,73.78,73.76
515171,7.03,289.2,standard,False,,28.52,28.5
515172,20.72,299.0,electronics,False,SAVE10,69.4,69.41
515173,13.87,245.6,clothing,True,,69.58,69.57
515174,2.37,66.0,fragile,False,SAVE10,8.52,8.5
515175,20.91,21.9,clothing,True,,50.1,50.12
515176,1.32,123.3,books,True,,25.61,25.87
515177,20.7,11.8,standard,True,,48.17,48.15
515178,14.02,90.7,electronics,True,,60.66,60.66
515179,0.64,173.5,fragile,False,,10.34,10.33
515180,4.18,27.8,books,False,SAVE10,7.27,8.01
515181,3.62,192.2,clothing,True,,41.07,41.09
515182,16.36,196.7,standard,True,,67.22,67.21
515183,19.29,90.8,food,False,SAVE10,35.34,35.32
515184,9.41,37.8,electronics,False,,30.12,30.11
515185,16.29,110.9,fragile,False,,47.9,47.91
515186,14.24,123.6,fragile,False,,43.2,43.2
515187,21.51,185.8,food,False,,48.01,48.01
515188,6.4,226.4,food,False,,22.84,22.86
515189,3.6,101.5,food,False,,11.56,11.55
515190,10.53,74.2,clothing,False,,24.77,24.79
515191,20.96,254.7,standard,False,SAVE10,49.19,49.2
515192,6.79,172.5,clothing,False,,22.2,22.22
515193,20.51,17.6,books,True,,40.46,44.54
515194,2.68,15.8,standard,True,,12.73,12.75
515195,21.54,115.0,electronics,False,,70.37,70.36
515196,11.45,282.5,books,False,,32.44,34.75
515197,20.84,27.5,standard,False,,43.06,43.05
515198,11.91,87.2,fragile,False,,35.33,35.34
515199,13.41,279.0,clothing,False,,40.77,40.76
515200,17.55,234.0,electronics,False,,64.35,64.37
515201,4.59,149.0,electronics,False,,21.22,21.24
515202,1.12,252.2,clothing,False,,14.85,14.86
515203,10.03,283.4,electronics,False,SAVE10,39.83,39.83
515204,3.77,184.7,electronics,True,,44.02,44.02
515205,6.08,124.0,standard,False,,18.36,18.36
515206,4.63,169.1,standard,False,,17.72,17.72
515207,3.38,236.2,clothing,False,,18.57,18.55
515208,21.29,155.9,fragile,False,,63.15,63.16
515209,15.73,244.0,electronics,False,SAVE10,53.45,53.45
515210,9.16,175.1,electronics,True,,58.74,58.74
515211,22.29,178.6,fragile,False,,66.88,66.89
515212,0.74,294.6,clothing,False,,16.21,16.2
515213,22.86,298.0,fragile,False,,74.34,74.34
515214,20.07,83.4,electronics,True,,77.72,77.72
515215,11.99,58.6,clothing,True,SAVE10,33.99,33.98
515216,23.44,226.9,books,False,SAVE10,43.96,48.2
515217,9.01,298.6,electronics,False,,41.96,41.97
515218,3.92,47.2,clothing,False,,10.2,10.2
515219,2.98,151.7,fragile,False,,15.33,15.33
515220,18.4,258.2,books,False,,42.35,46.03
515221,7.83,212.8,standard,True,SAVE10,47.32,47.33
515222,7.03,202.0,standard,True,,49.36,49.37
515223,20.23,209.4,food,False,,46.88,46.87
515224,21.84,148.9,fragile,False,,64.23,64.21
515225,9.92,258.2,electronics,True,,73.49,73.48
515226,8.94,227.4,clothing,False,,29.25,29.23
515227,13.11,264.2,standard,False,,39.43,39.42
515228,10.37,217.3,clothing,False,,31.6,31.62
515229,22.06,151.8,electronics,False,,73.77,73.75
515230,13.52,240.7,clothing,False,,39.08,39.06
515231,7.02,294.0,food,False,,27.34,27.33
515232,0.64,133.7,food,False,,7.84,7.83
515233,23.67,209.0,books,False,,48.32,53.06
515234,8.77,177.4,electronics,False,,35.18,35.19
515235,23.58,295.6,clothing,True,,96.5,96.52
515236,22.23,180.8,food,False,,49.05,49.05
515237,10.95,123.7,clothing,False,,28.08,28.08
515238,6.12,202.5,standard,False,,22.36,22.37
515239,18.21,71.3,food,True,SAVE10,43.63,43.63
515240,2.82,144.8,clothing,False,,12.88,12.9
515241,2.03,14.5,food,True,,10.83,10.83
515242,1.21,107.8,books,False,,7.33,7.58
515243,14.4,278.3,books,False,,36.96,39.84
515244,19.62,298.6,food,False,SAVE10,45.22,45.23
515245,16.36,151.3,books,False,SAVE10,30.37,33.3
515246,23.21,65.8,books,False,SAVE10,36.38,40.58
515247,2.45,151.1,fragile,False,,13.92,13.93
515248,18.46,292.5,clothing,False,,51.54,51.54
515249,17.71,231.1,books,False,,39.89,43.44
515250,18.16,145.3,standard,False,,43.58,43.58
515251,13.08,218.3,books,False,,31.84,34.47
515252,3.82,80.4,electronics,False,SAVE10,13.93,13.95
515253,8.96,138.1,fragile,False,,30.2,30.21
515254,6.45,215.1,standard,False,SAVE10,21.29,21.27
515255,23.97,12.0,books,False,,38.95,43.75
515256,19.49,182.0,books,True,,63.48,67.39
515257,22.88,152.5,food,False,SAVE10,43.93,43.91
515258,14.62,64.9,books,False,,26.64,29.57
515259,1.92,158.6,food,True,,32.25,32.24
515260,18.78,53.2,fragile,False,,51.49,51.5
515261,9.38,65.7,food,False,SAVE10,18.15,18.13
515262,16.48,66.9,clothing,False,,36.3,36.29
515263,11.23,216.3,food,False,,31.03,31.04
515264,14.42,226.5,standard,False,,40.16,40.18
515265,4.45,156.3,clothing,True,SAVE10,33.61,33.61
515266,22.53,121.5,clothing,True,,68.28,68.28
515267,8.21,114.6,food,False,,20.51,20.49
515268,21.6,97.4,electronics,False,,69.67,69.68
515269,22.73,111.1,books,False,,41.92,46.49
515270,14.49,220.3,clothing,False,SAVE10,36.0,36.0
515271,4.45,92.7,food,False,SAVE10,11.38,11.4
515272,10.34,196.6,standard,False,,30.51,30.51
515273,12.93,24.9,books,False,,21.93,24.5
515274,7.62,158.3,food,False,,21.63,21.62
515275,2.35,25.8,food,False,SAVE10,4.97,4.98
515276,23.81,43.8,clothing,True,,59.19,59.2
515277,15.31,281.9,standard,True,SAVE10,70.11,70.1
515278,13.04,186.7,books,True,,53.87,56.49
515279,2.97,13.1,fragile,False,SAVE10,7.54,7.56
515280,13.27,161.3,standard,False,,34.61,34.62
515281,20.29,91.3,clothing,True,,59.28,59.28
515282,4.94,266.9,books,False,SAVE10,19.12,20.0
515283,22.93,93.5,clothing,False,,50.54,50.53
515284,5.47,125.0,clothing,False,,17.19,17.18
515285,3.74,277.4,food,True,SAVE10,48.01,48.0
515286,19.31,118.3,food,True,,57.5,57.49
515287,5.06,99.1,clothing,False,,15.08,15.07
515288,22.18,188.1,electronics,False,,75.94,75.94
515289,6.97,221.6,electronics,False,,31.99,31.98
515290,2.62,156.5,electronics,False,,15.68,15.67
515291,15.68,122.9,electronics,False,,53.18,53.2
515292,0.96,293.9,standard,False,,16.62,16.6
515293,3.18,152.6,food,False,,13.35,13.36
515294,14.85,152.7,books,False,,31.4,34.36
515295,18.69,88.3,food,True,SAVE10,46.7,46.71
515296,12.85,225.0,fragile,False,SAVE10,40.19,40.18
515297,20.88,190.3,books,False,,42.92,47.09
515298,4.64,166.8,electronics,False,,22.26,22.25
515299,20.13,138.0,food,False,,43.13,43.12
515300,11.51,264.2,standard,True,SAVE10,60.89,60.87
515301,21.51,225.4,books,True,,73.23,77.54
515302,3.9,139.2,clothing,True,,33.68,33.66
515303,13.7,289.7,books,False,,36.4,39.16
515304,2.79,207.1,food,True,,41.09,41.07
515305,4.65,200.3,clothing,False,,19.32,19.3
515306,9.14,185.6,standard,False,SAVE10,24.8,24.81
515307,14.04,11.5,fragile,True,SAVE10,38.91,44.44
515308,14.28,171.7,fragile,False,,45.71,45.73
515309,6.45,259.2,clothing,False,SAVE10,23.27,23.27
515310,7.96,246.3,electronics,False,,36.2,36.21
515311,24.19,234.2,electronics,False,SAVE10,75.85,75.86
515312,1.17,205.2,fragile,True,,38.82,64.34
515313,10.26,196.9,electronics,False,,40.62,40.61
515314,21.25,232.4,books,False,,45.62,49.88
515315,17.24,36.6,food,False,,32.86,32.87
515316,14.65,132.2,standard,True,,54.13,54.12
515317,4.33,124.4,electronics,False,,19.21,19.22
515318,6.71,222.5,clothing,False,SAVE10,22.09,22.09
515319,24.85,124.8,electronics,False,,80.79,80.8
515320,14.4,246.4,clothing,True,,70.76,70.76
515321,7.58,146.9,clothing,False,,22.51,22.49
515322,23.27,26.0,food,False,,43.19,43.19
515323,20.52,291.9,standard,False,,55.64,55.65
515324,19.03,294.5,standard,False,SAVE10,47.51,47.51
515325,6.19,284.3,fragile,False,,30.31,30.3
515326,10.41,12.3,books,False,,17.27,19.33
515327,21.18,250.4,fragile,True,SAVE10,87.87,114.89
515328,7.43,291.7,clothing,True,SAVE10,57.25,57.26
515329,24.12,10.1,standard,True,,54.76,54.77
515330,10.72,142.5,food,False,,26.42,26.42
515331,12.87,175.5,standard,False,,34.52,34.5
515332,19.26,75.8,electronics,True,,74.15,74.17
515333,2.9,112.9,food,False,SAVE10,9.78,9.77
515334,15.73,172.3,electronics,False,,55.8,55.81
515335,15.24,220.9,electronics,True,,83.86,83.85
515336,4.61,134.1,books,False,,14.08,15.01
515337,4.67,298.6,fragile,True,,61.93,96.79
515338,1.21,193.5,books,False,,11.61,11.87
515339,9.54,79.4,fragile,False,,28.77,28.76
515340,16.23,276.7,food,True,,75.72,75.71
515341,2.3,57.0,books,False,SAVE10,5.88,6.3
515342,13.14,87.5,fragile,False,,38.54,38.54
515343,4.76,11.6,standard,False,,10.1,10.08
515344,20.61,104.5,clothing,True,,61.9,61.89
515345,2.22,103.7,electronics,False,,11.84,11.83
515346,0.63,63.5,books,False,,4.18,4.3
515347,16.82,23.8,clothing,False,SAVE10,31.35,31.36
515348,9.16,150.2,fragile,False,SAVE10,28.19,28.2
515349,22.81,85.8,standard,False,,49.91,49.91
515350,10.01,290.7,food,False,SAVE10,29.3,29.3
515351,19.86,264.1,books,False,,44.98,48.96
515352,12.24,133.7,clothing,False,,31.16,31.18
515353,12.49,38.9,clothing,False,,26.92,26.93
515354,10.03,117.1,fragile,True,,48.64,65.37
515355,17.62,25.3,fragile,True,SAVE10,49.15,55.93
515356,1.3,293.9,food,True,,51.42,51.44
515357,20.39,78.8,electronics,True,,77.99,78.01
515358,16.69,220.8,books,False,SAVE10,33.97,36.99
515359,18.44,201.0,food,True,,68.34,68.33
515360,3.03,259.6,clothing,False,,19.04,19.03
515361,18.07,179.5,clothing,True,,68.06,68.08
515362,13.13,200.6,books,False,,31.04,33.67
515363,18.07,196.6,food,False,SAVE10,38.12,38.12
515364,13.36,192.6,food,True,,57.94,57.93
515365,22.31,164.8,standard,False,,52.86,52.85
515366,20.35,202.9,fragile,True,,88.35,113.63
515367,14.48,38.8,standard,False,,30.9,30.9
515368,24.69,191.9,fragile,False,,73.79,73.77
515369,13.24,142.1,standard,False,,33.58,33.59
515370,8.98,115.4,clothing,True,SAVE10,36.24,36.25
515371,21.65,126.6,books,False,,40.97,45.3
515372,5.07,251.3,electronics,False,,27.78,27.76
515373,19.32,277.1,standard,False,SAVE10,47.25,47.26
515374,13.94,195.4,standard,False,SAVE10,33.88,33.87
515375,24.59,114.1,clothing,False,SAVE10,49.4,49.42
515376,1.69,99.2,fragile,False,,9.35,9.36
515377,7.75,240.5,electronics,False,SAVE10,31.75,31.74
515378,23.14,139.8,books,True,SAVE10,56.69,60.88
515379,14.74,276.8,standard,False,SAVE10,38.99,38.97
515380,5.68,125.8,food,False,,16.51,16.51
515381,17.72,85.0,food,False,SAVE10,32.53,32.54
515382,12.59,270.1,electronics,True,,83.28,83.3
515383,14.5,113.9,clothing,False,,34.7,34.71
515384,4.75,292.2,electronics,False,,28.86,28.85
515385,1.25,123.8,standard,False,,8.69,8.67
515386,22.7,112.4,standard,False,,51.02,51.03
515387,16.8,228.1,clothing,False,,45.0,45.01
515388,24.25,122.1,books,False,,44.9,49.76
515389,12.68,57.4,books,False,SAVE10,20.84,23.13
515390,7.13,187.0,books,True,,44.46,45.88
515391,1.74,162.7,fragile,True,,33.93,55.18
515392,14.15,265.1,electronics,True,,87.22,87.21
515393,19.6,169.7,clothing,False,,47.68,47.69
515394,23.2,215.4,food,False,SAVE10,47.28,47.3
515395,9.76,112.8,fragile,False,,31.02,31.01
515396,7.12,198.3,electronics,True,,56.1,56.12
515397,6.33,194.3,clothing,False,SAVE10,20.14,20.13
515398,23.45,59.8,food,True,,56.18,56.17
515399,17.12,95.2,standard,False,,39.0,39.01
515400,13.55,43.0,clothing,False,,29.25,29.25
515401,23.04,286.2,standard,False,,60.39,60.38
515402,18.78,131.9,food,True,,58.59,58.58
515403,13.58,232.6,food,False,,36.07,36.08
515404,19.43,13.8,fragile,True,,57.59,63.97
515405,16.8,257.6,electronics,True,,94.04,94.06
515406,18.9,177.9,clothing,True,SAVE10,62.54,62.54
515407,8.71,13.8,standard,False,SAVE10,16.3,16.3
515408,17.75,23.6,books,False,,29.58,33.11
515409,4.47,213.4,electronics,False,,24.08,24.07
515410,1.6,87.4,clothing,False,,7.57,7.56
515411,12.77,43.3,food,True,,34.48,34.47
515412,19.2,143.1,standard,False,,45.56,45.56
515413,5.96,132.0,standard,False,,18.52,18.53
515414,22.27,78.2,books,False,,39.54,44.01
515415,11.94,299.5,fragile,False,SAVE10,41.42,41.42
515416,16.79,292.2,electronics,False,,64.98,64.97
515417,21.8,213.6,standard,False,,54.28,54.29
515418,20.06,15.9,fragile,False,,52.95,52.96
515419,16.48,253.3,standard,False,,45.62,45.64
515420,7.31,181.0,clothing,False,,23.67,23.67
515421,4.85,25.2,fragile,False,SAVE10,12.48,12.47
515422,14.5,31.0,fragile,False,,39.25,39.24
515423,14.98,131.5,food,False,,33.54,33.55
515424,15.17,182.4,standard,False,,39.46,39.47
515425,10.22,83.8,fragile,False,,30.76,30.74
515426,4.83,100.8,standard,False,,14.7,14.7
515427,23.2,111.1,books,True,,58.78,63.41
515428,17.09,8.9,fragile,True,,50.77,56.68
515429,17.43,284.9,standard,False,,49.1,49.12
515430,1.09,70.6,clothing,True,,17.77,17.77
515431,13.5,124.8,electronics,True,,64.22,64.23
515432,13.54,69.0,books,False,,25.11,27.83
515433,2.35,149.2,electronics,True,,34.43,34.42
515434,5.81,258.9,standard,False,,24.56,24.57
515435,4.35,266.1,clothing,False,,22.01,22.02
515436,15.65,49.8,fragile,True,,53.16,63.15
515437,21.85,72.1,food,False,,42.94,42.95
515438,15.95,85.2,electronics,False,SAVE10,46.9,46.89
515439,8.49,258.4,standard,False,,29.9,29.92
515440,21.25,251.3,standard,False,,55.06,55.07
515441,13.98,261.8,clothing,False,,41.05,41.03
515442,20.62,123.0,standard,False,,47.39,47.39
515443,14.76,296.5,fragile,False,SAVE10,47.88,47.87
515444,4.41,55.0,food,False,,10.69,10.71
515445,10.99,171.7,fragile,False,,37.16,37.16
515446,7.04,87.0,standard,True,,32.13,32.12
515447,8.19,153.9,food,True,,42.83,42.83
515448,1.87,269.7,food,False,SAVE10,15.17,15.15
515449,19.4,294.4,clothing,False,,53.52,53.53
515450,14.31,109.5,electronics,True,,64.36,64.37
515451,8.34,149.4,food,False,,22.48,22.48
515452,18.0,89.8,clothing,True,SAVE10,49.02,49.01
515453,12.07,248.1,fragile,False,,43.79,43.77
515454,2.29,48.5,food,False,SAVE10,5.89,5.88
515455,20.19,156.2,food,False,,44.15,44.16
515456,20.31,234.5,food,True,,76.73,76.75
515457,14.07,127.0,electronics,True,,66.26,66.26
515458,16.33,62.6,standard,True,,47.05,47.04
515459,14.24,151.5,food,False,,33.21,33.2
515460,7.59,226.6,standard,True,SAVE10,48.75,48.74
515461,1.88,138.5,electronics,True,SAVE10,28.27,28.28
515462,16.39,299.1,standard,True,,82.65,82.63
515463,7.41,218.0,standard,True,,52.52,52.5
515464,18.69,29.5,fragile,False,,50.07,50.08
515465,8.05,202.4,electronics,False,,34.27,34.29
515466,9.97,239.8,clothing,False,,31.93,31.93
515467,22.64,288.0,books,False,,50.62,55.17
515468,3.23,245.9,books,True,SAVE10,42.35,42.94
515469,6.99,246.7,books,False,SAVE10,21.17,22.44
515470,17.46,31.7,electronics,False,,53.96,53.98
515471,10.96,70.6,books,True,SAVE10,29.81,31.79
515472,21.76,147.4,food,False,,46.54,46.54
515473,3.53,136.3,electronics,False,SAVE10,15.66,15.64
515474,0.92,28.4,fragile,False,,3.81,3.8
515475,20.08,180.3,books,False,,41.14,45.17
515476,4.34,180.0,clothing,False,SAVE10,15.91,15.92
515477,7.46,59.4,clothing,False,,17.89,17.87
515478,5.31,164.1,clothing,False,,18.82,18.84
515479,11.15,206.1,books,False,,28.14,30.38
515480,22.71,66.0,fragile,True,SAVE10,66.55,76.98
515481,12.39,221.9,food,False,,33.4,33.41
515482,18.24,73.4,fragile,True,SAVE10,57.09,68.2
515483,4.32,274.6,standard,False,,22.37,22.37
515484,13.62,259.8,clothing,False,,40.23,40.23
515485,5.91,13.8,food,False,,11.33,11.34
515486,5.87,188.0,clothing,False,SAVE10,19.03,19.01
515487,8.04,204.4,food,True,SAVE10,45.12,45.11
515488,9.97,29.2,food,False,,19.41,19.39
515489,18.08,120.4,standard,False,,42.18,42.17
515490,2.99,86.5,electronics,True,SAVE10,24.25,24.25
515491,6.92,290.4,standard,False,,28.36,28.35
515492,24.28,8.9,books,True,,45.18,50.04
515493,9.34,121.2,food,False,,22.87,22.87
515494,1.01,115.7,electronics,False,,8.82,8.83
515495,21.81,87.1,clothing,False,,47.97,47.97
515496,0.65,257.6,electronics,True,,45.59,45.6
515497,9.77,29.2,fragile,False,,26.86,26.87
515498,17.96,89.5,fragile,True,,65.12,79.06
515499,23.57,93.7,electronics,False,,75.4,75.39
515500,22.35,273.1,books,True,,81.73,86.2
515501,23.44,93.1,standard,False,,51.54,51.53
515502,15.03,256.1,clothing,False,,42.86,42.88
515503,24.19,251.0,standard,False,,60.93,60.94
515504,6.21,269.9,fragile,False,SAVE10,26.68,26.67
515505,8.37,191.5,fragile,False,,31.34,31.35
515506,16.5,275.7,books,False,,40.18,43.5
515507,15.87,135.1,electronics,False,SAVE10,48.93,48.92
515508,20.6,20.6,food,False,SAVE10,34.3,34.28
515509,3.52,39.8,standard,True,,18.01,18.03
515510,9.63,134.9,food,True,SAVE10,38.31,38.3
515511,15.84,178.3,fragile,False,SAVE10,45.09,45.07
515512,2.63,11.0,books,False,,4.76,5.27
515513,12.86,249.8,fragile,True,,75.91,105.9
515514,22.0,157.9,standard,False,,51.9,51.9
515515,1.11,208.5,fragile,False,,13.31,13.31
515516,20.96,203.6,food,False,,47.91,47.89
515517,18.11,157.5,books,False,SAVE10,33.17,36.42
515518,11.02,25.6,standard,False,,23.32,23.33
515519,5.82,110.8,electronics,True,,39.08,39.07
515520,19.68,47.6,food,False,,37.8,37.79
515521,9.22,38.1,books,False,,16.66,18.48
515522,15.89,52.3,fragile,False,,43.93,43.91
515523,3.64,227.7,books,True,,44.98,45.69
515524,19.16,256.0,standard,False,,51.12,51.14
515525,22.98,103.1,clothing,False,SAVE10,46.0,46.01
515526,23.05,45.4,clothing,True,,57.91,57.92
515527,24.53,274.7,books,False,,52.98,57.89
515528,2.03,166.2,standard,False,,12.37,12.36
515529,20.38,165.9,electronics,False,,69.44,69.42
515530,6.45,95.9,electronics,False,SAVE10,21.73,21.75
515531,3.13,181.7,books,False,SAVE10,12.68,13.23
515532,19.97,129.6,clothing,False,SAVE10,41.78,41.79
515533,22.43,215.0,electronics,False,,78.04,78.02
515534,2.16,276.9,food,False,,17.73,17.72
515535,5.59,54.5,standard,False,SAVE10,12.51,12.52
515536,12.12,197.9,clothing,False,,34.14,34.12
515537,21.72,202.2,food,False,,49.21,49.2
515538,11.83,252.5,food,False,,33.92,33.91
515539,1.66,100.6,electronics,False,,10.01,10.0
515540,18.42,155.8,standard,True,,65.21,65.22
515541,23.86,141.3,books,True,,64.37,69.14
515542,4.4,237.2,electronics,False,,25.06,25.04
515543,20.69,177.2,food,True,,68.82,68.83
515544,23.94,217.7,clothing,False,,58.76,58.76
515545,10.74,191.8,fragile,False,,37.51,37.5
515546,20.92,250.0,food,True,,80.16,80.15
515547,16.05,228.1,clothing,False,SAVE10,39.15,39.14
515548,24.49,164.6,food,True,,73.77,73.79
515549,16.97,170.9,clothing,False,,42.48,42.47
515550,7.62,160.3,food,False,,21.73,21.73
515551,17.82,76.4,fragile,False,,50.15,50.14
515552,8.67,276.4,books,False,,27.69,29.41
515553,9.16,65.6,standard,False,,21.6,21.59
515554,0.59,146.2,books,False,SAVE10,7.43,7.53
515555,2.47,96.2,clothing,False,,9.75,9.75
515556,5.04,33.6,fragile,False,SAVE10,13.31,13.29
515557,16.88,243.5,electronics,False,SAVE10,56.53,56.53
515558,13.2,125.0,electronics,False,,45.85,45.84
515559,10.23,165.2,fragile,False,,34.86,34.85
515560,15.46,249.3,books,False,,37.2,40.28
515561,8.3,12.8,standard,False,,17.24,17.22
515562,8.55,95.2,books,False,,18.44,20.16
515563,15.44,224.0,electronics,True,,84.92,84.93
515564,18.83,100.5,food,False,SAVE10,35.03,35.02
515565,18.6,143.6,books,False,,36.94,40.65
515566,14.05,291.3,food,True,SAVE10,66.59,66.6
515567,24.48,141.4,books,True,SAVE10,58.84,63.24
515568,24.77,264.1,books,False,,52.84,57.78
515569,23.28,21.0,food,False,,42.95,42.94
515570,7.75,296.5,food,True,,63.43,63.41
515571,18.69,214.3,books,True,,67.05,70.78
515572,3.15,194.7,food,False,SAVE10,13.86,13.86
515573,24.8,194.5,books,False,,49.41,54.37
515574,14.48,144.1,clothing,False,SAVE10,32.55,32.55
515575,2.21,17.3,fragile,True,,13.34,20.09
515576,3.62,102.6,fragile,False,,14.54,14.55
515577,16.34,192.4,books,False,,35.76,39.03
515578,17.19,146.6,electronics,False,,58.9,58.91
515579,9.58,181.1,electronics,False,SAVE10,34.02,34.0
515580,11.43,170.4,clothing,True,,53.42,53.41
515581,20.35,112.6,electronics,False,,66.68,66.67
515582,19.68,140.5,standard,True,SAVE10,58.89,58.9
515583,19.03,67.5,standard,True,,53.18,53.19
515584,9.76,169.7,electronics,True,,59.74,59.72
515585,9.06,137.3,electronics,True,,52.78,52.79
515586,16.64,7.3,fragile,True,,49.36,55.09
515587,2.84,160.8,fragile,True,,36.5,57.6
515588,17.07,127.5,electronics,False,SAVE10,51.83,51.81
515589,17.36,153.5,standard,False,,42.4,42.41
515590,19.29,22.2,food,False,,35.83,35.82
515591,6.53,119.1,clothing,False,SAVE10,17.11,17.1
515592,8.89,46.1,food,False,,18.31,18.3
515593,6.44,41.7,fragile,False,,18.83,18.84
515594,11.29,27.3,books,False,,19.43,21.7
515595,16.11,10.0,fragile,True,,48.39,54.38
515596,11.66,267.6,books,False,,32.04,34.36
515597,22.06,180.8,electronics,True,,98.3,98.28
515598,14.84,251.7,electronics,False,SAVE10,51.39,51.38
515599,19.98,112.3,books,False,,37.58,41.56
515600,24.06,161.1,fragile,True,,91.72,112.83
515601,20.0,32.8,clothing,False,SAVE10,37.48,37.49
515602,5.8,104.9,electronics,False,,22.64,22.63
515603,8.86,76.6,electronics,False,,30.41,30.42
515604,1.67,217.6,food,False,,13.89,13.89
515605,10.38,224.3,books,False,,27.82,29.9
515606,11.38,262.3,books,False,SAVE10,28.19,30.23
515607,8.43,22.5,fragile,False,,23.04,23.05
515608,9.73,177.5,clothing,False,,28.34,28.32
515609,5.49,210.7,fragile,False,SAVE10,22.33,22.32
515610,20.63,13.3,clothing,False,,41.92,41.94
515611,10.15,261.1,electronics,False,,43.5,43.52
515612,0.98,118.8,standard,False,,7.9,7.89
515613,11.4,296.5,food,False,SAVE10,31.81,31.79
515614,9.49,78.1,standard,False,SAVE10,20.6,20.62
515615,4.92,193.2,clothing,True,,43.82,43.82
515616,17.67,200.1,electronics,True,,88.02,88.03
515617,10.67,89.2,clothing,False,,25.8,25.78
515618,19.63,103.5,standard,False,,44.44,44.44
515619,15.54,220.8,fragile,False,,51.44,51.46
515620,23.92,168.5,books,True,SAVE10,61.69,65.99
515621,8.76,268.9,standard,False,,30.96,30.97
515622,1.44,254.1,food,True,,45.71,45.72
515623,4.99,36.1,food,False,,10.79,10.8
515624,19.04,232.3,books,True,SAVE10,63.28,66.72
515625,5.27,246.9,fragile,False,SAVE10,23.44,23.46
515626,15.03,260.6,clothing,False,,43.09,43.08
515627,3.28,196.9,food,False,,15.75,15.73
515628,21.46,75.6,clothing,False,,46.7,46.69
515629,9.94,26.6,food,False,,19.22,19.23
515630,7.65,261.0,books,True,SAVE10,50.75,52.14
515631,22.29,237.0,clothing,False,,56.43,56.42
515632,17.74,128.6,electronics,False,,59.65,59.64
515633,15.26,253.9,electronics,False,,58.48,58.48
515634,22.68,25.7,books,False,,37.57,42.12
515635,20.28,271.7,electronics,True,,106.6,106.59
515636,0.7,174.4,electronics,False,,10.82,10.82
515637,22.79,178.8,standard,True,,77.4,77.42
515638,5.36,287.1,food,False,,24.0,23.99
515639,18.33,262.9,fragile,False,,60.8,60.81
515640,7.87,50.0,electronics,False,,26.11,26.12
515641,7.76,239.2,electronics,False,,35.24,35.24
515642,10.87,53.2,books,False,,20.05,22.24
515643,0.67,180.7,standard,False,,10.38,10.37
515644,21.19,136.1,food,True,SAVE10,57.2,57.19
515645,7.03,147.3,fragile,True,,45.37,65.09
515646,16.08,188.3,books,True,,58.97,62.17
515647,4.04,246.3,standard,False,,20.4,20.41
515648,2.88,125.4,electronics,False,,14.91,14.89
515649,0.95,274.8,fragile,True,,48.69,81.18
515650,12.42,30.2,clothing,False,,26.35,26.36
515651,10.71,49.3,fragile,False,,30.31,30.31
515652,18.14,250.4,clothing,True,,78.84,78.82
515653,11.09,193.6,food,False,,29.64,29.65
515654,12.93,279.0,food,False,,37.22,37.21
515655,14.44,187.4,books,False,,32.47,35.36
515656,4.06,58.6,books,False,,9.43,10.22
515657,9.7,142.7,clothing,False,,26.53,26.52
515658,20.92,6.8,clothing,False,,42.18,42.2
515659,24.71,286.0,clothing,False,SAVE10,57.35,57.36
515660,12.44,276.9,electronics,False,,51.16,51.15
515661,8.13,12.5,clothing,False,,16.89,16.9
515662,21.41,134.7,electronics,True,,89.44,89.42
515663,13.91,88.2,clothing,False,,32.23,32.22
515664,1.51,147.1,standard,False,SAVE10,9.34,9.34
515665,4.45,114.8,standard,False,,14.64,14.65
515666,16.19,258.0,standard,False,,45.28,45.27
515667,3.52,99.4,food,True,,26.25,26.24
515668,13.45,64.1,food,True,,38.83,38.84
515669,24.18,291.1,electronics,True,,121.2,121.19
515670,13.2,92.0,clothing,False,,31.0,30.99
515671,11.63,211.2,electronics,False,SAVE10,40.9,40.91
515672,20.13,156.1,fragile,False,SAVE10,54.13,54.13
515673,13.34,219.1,fragile,True,,72.55,99.46
515674,21.02,169.4,standard,False,SAVE10,45.46,45.46
515675,0.8,243.6,standard,False,,13.78,13.79
515676,21.16,51.8,standard,False,,44.91,44.91
515677,4.56,282.7,food,False,,22.34,22.35
515678,5.85,81.2,fragile,False,,19.27,19.27
515679,14.41,272.6,standard,False,,42.45,42.45
515680,17.24,7.5,fragile,True,,50.95,56.7
515681,4.48,162.5,standard,False,,17.08,17.07
515682,19.97,121.0,food,False,,42.0,41.99
515683,12.28,35.7,clothing,False,,26.34,26.34
515684,18.9,222.8,books,True,,68.66,72.44
515685,9.27,207.6,fragile,False,,34.48,34.49
515686,9.26,208.9,clothing,False,,28.96,28.96
515687,13.58,146.1,clothing,False,,34.47,34.46
515688,16.66,169.3,fragile,True,,73.71,95.62
515689,19.35,156.2,food,False,,42.64,42.64
515690,8.74,97.2,standard,True,SAVE10,33.35,33.37
515691,15.66,165.6,electronics,True,,76.82,76.84
515692,6.79,253.4,books,False,,23.53,24.88
515693,17.71,246.9,clothing,True,,77.46,77.44
515694,10.39,26.1,fragile,True,,35.93,43.55
515695,23.2,231.5,food,True,,81.48,81.47
515696,18.38,142.0,electronics,False,,62.24,62.25
515697,2.36,205.0,fragile,False,,16.39,16.4
515698,16.15,140.7,standard,False,,39.33,39.33
515699,9.82,82.2,electronics,False,,33.57,33.58
515700,8.44,291.6,electronics,False,,39.9,39.9
515701,5.64,288.4,fragile,True,,62.92,96.76
515702,17.69,211.8,books,False,,38.89,42.43
515703,21.4,52.7,electronics,False,,66.83,66.83
515704,11.4,20.2,clothing,False,,23.81,23.8
515705,12.7,201.6,food,False,SAVE10,29.65,29.65
515706,8.67,210.9,electronics,False,SAVE10,32.9,32.91
515707,20.38,35.4,books,False,,34.38,38.45
515708,24.66,131.5,standard,False,SAVE10,50.31,50.31
515709,11.57,216.6,clothing,False,,33.97,33.95
515710,11.52,288.6,fragile,True,SAVE10,70.42,100.9
515711,5.15,259.0,fragile,False,,26.34,26.36
515712,7.49,243.7,fragile,False,,31.66,31.66
515713,10.13,35.3,clothing,False,,22.02,22.02
515714,10.64,273.6,fragile,False,,41.34,41.34
515715,4.59,151.5,standard,True,,36.9,36.92
515716,9.3,136.3,books,False,,21.7,23.55
515717,1.98,170.8,fragile,False,SAVE10,12.32,12.33
515718,7.4,182.7,books,True,,44.24,45.73
515719,16.57,251.3,standard,False,SAVE10,41.13,41.15
515720,22.73,9.1,clothing,False,,45.92,45.92
515721,5.82,17.4,clothing,False,,12.51,12.5
515722,17.65,139.8,electronics,True,,78.92,78.92
515723,6.14,253.5,standard,False,,24.96,24.94
515724,23.76,34.8,food,False,SAVE10,40.06,40.05
515725,6.59,193.7,food,False,,21.55,21.56
515726,1.72,125.2,books,True,,26.53,26.87
515727,23.77,285.6,fragile,True,SAVE10,98.68,128.9
515728,8.98,234.5,food,True,,56.34,56.32
515729,5.58,65.0,books,False,,12.18,13.27
515730,11.64,298.8,standard,True,,73.1,73.12
515731,21.19,275.9,standard,False,SAVE10,50.56,50.56
515732,10.15,54.8,books,False,,18.98,21.01
515733,11.73,227.3,standard,False,,34.83,34.82
515734,16.46,161.5,standard,False,,41.0,41.0
515735,1.06,152.4,electronics,False,,10.8,10.81
515736,22.73,129.6,books,False,SAVE10,38.56,42.67
515737,17.96,134.5,clothing,True,,61.1,61.09
515738,14.98,177.3,books,False,,32.83,35.83
515739,9.25,296.9,electronics,False,,42.6,42.61
515740,24.27,273.2,fragile,False,,76.76,76.77
515741,2.32,110.6,standard,False,,10.17,10.18
515742,0.63,123.2,standard,True,,24.74,24.76
515743,15.05,252.7,food,False,,39.72,39.71
515744,17.08,98.8,books,False,SAVE10,29.04,32.13
515745,4.2,123.9,food,False,,13.76,13.75
515746,21.2,208.3,books,True,,70.17,74.39
515747,11.2,28.2,standard,False,,23.81,23.82
515748,8.72,241.4,food,True,,56.91,56.89
515749,18.03,67.3,electronics,True,,69.18,69.19
515750,10.49,154.4,books,False,,24.5,26.59
515751,4.49,85.6,electronics,False,,17.75,17.75
515752,11.03,165.1,fragile,True,,58.44,79.94
515753,1.45,92.1,books,False,SAVE10,6.23,6.49
515754,8.08,131.0,books,False,,19.48,21.09
515755,14.81,178.1,standard,True,,61.33,61.34
515756,2.47,271.6,clothing,False,,18.52,18.51
515757,11.19,96.6,food,True,,39.63,39.62
515758,12.29,274.8,books,False,,33.4,35.86
515759,1.37,295.0,fragile,True,,52.81,87.32
515760,5.66,259.6,fragile,False,,27.7,27.71
515761,1.63,101.3,fragile,True,,24.43,39.58
515762,13.25,183.3,food,True,SAVE10,50.71,50.71
515763,16.19,181.9,books,True,,58.19,61.43
515764,0.57,219.3,fragile,False,,12.45,12.45
515765,14.41,191.7,clothing,True,SAVE10,56.32,56.32
515766,21.64,72.3,fragile,True,,72.11,84.35
515767,1.59,97.7,electronics,False,SAVE10,8.69,8.7
515768,15.03,64.1,fragile,False,,42.28,42.27
515769,8.36,136.6,electronics,True,,50.57,50.58
515770,4.01,241.2,electronics,False,,24.09,24.09
515771,21.8,216.8,clothing,False,,54.44,54.45
515772,8.13,36.0,books,False,,14.81,16.43
515773,21.25,85.2,electronics,True,,81.53,81.52
515774,22.6,209.7,standard,False,SAVE10,50.12,50.12
515775,6.63,156.7,standard,False,,21.1,21.08
515776,21.88,182.2,books,False,SAVE10,39.71,43.64
515777,22.79,200.8,books,True,,71.58,76.13
515778,0.55,207.3,books,True,SAVE10,33.28,33.37
515779,22.15,74.8,electronics,False,,70.19,70.18
515780,16.07,215.4,fragile,True,SAVE10,71.18,95.08
515781,0.6,71.1,fragile,False,SAVE10,4.6,4.59
515782,13.43,120.1,standard,False,,32.86,32.86
515783,21.46,87.5,standard,False,,47.3,47.31
515784,21.33,59.7,books,False,,37.11,41.39
515785,22.29,90.6,electronics,False,,71.4,71.39
515786,13.13,24.3,electronics,True,,48.04,48.03
515787,3.03,280.7,books,True,,51.95,52.57
515788,8.92,118.2,clothing,False,,23.75,23.74
515789,7.8,286.8,food,False,,28.38,28.39
515790,15.78,70.5,fragile,True,SAVE10,50.94,61.8
515791,7.05,121.1,books,False,SAVE10,15.6,16.88
515792,14.16,281.9,books,False,,36.75,39.59
515793,8.07,81.9,electronics,False,SAVE10,25.47,25.48
515794,11.9,128.2,fragile,True,,55.17,73.01
515795,16.2,161.1,standard,False,,40.46,40.45
515796,20.51,53.0,standard,False,,43.67,43.68
515797,1.5,207.3,standard,False,SAVE10,12.03,12.03
515798,11.57,148.9,clothing,False,,30.58,30.57
515799,8.46,155.2,standard,True,,45.2,45.18
515800,15.93,243.2,food,False,,40.83,40.82
515801,18.12,25.7,fragile,False,,48.4,48.38
515802,17.96,284.2,fragile,False,,60.91,60.91
515803,4.34,110.9,standard,False,,14.23,14.22
515804,4.13,246.4,standard,True,,50.22,50.22
515805,21.68,204.1,books,False,,44.89,49.22
515806,8.14,228.3,fragile,False,,32.58,32.59
515807,17.57,195.0,food,False,SAVE10,37.24,37.25
515808,0.92,231.8,food,False,,13.25,13.25
515809,15.13,223.7,clothing,False,,41.44,41.44
515810,6.2,68.1,books,True,,25.14,26.39
515811,16.87,258.8,standard,False,,46.68,46.7
515812,2.52,48.7,standard,False,,7.48,7.48
515813,22.14,50.4,standard,True,,56.84,56.84
515814,17.34,65.6,electronics,False,,55.3,55.32
515815,15.77,142.5,books,False,,32.36,35.5
515816,12.1,279.4,clothing,False,SAVE10,34.35,34.34
515817,19.97,40.5,standard,False,,41.96,41.98
515818,11.24,295.0,books,False,,32.73,34.99
515819,16.16,38.9,food,True,,39.92,39.92
515820,10.17,148.5,electronics,False,,37.94,37.93
515821,0.82,107.9,books,False,,6.71,6.87
515822,11.79,208.6,fragile,False,,41.08,41.09
515823,20.16,178.2,food,False,,45.2,45.21
515824,16.21,78.7,food,True,,45.98,46.0
515825,2.66,160.0,books,False,,12.26,12.78
515826,1.31,137.3,electronics,True,,29.53,29.51
515827,4.77,80.2,clothing,False,,13.55,13.54
515828,15.84,70.7,clothing,False,SAVE10,31.69,31.69
515829,7.99,62.6,clothing,True,,30.37,30.38
515830,6.52,17.2,books,False,,11.29,12.6
515831,21.88,41.2,clothing,False,,45.82,45.81
515832,0.77,33.5,books,True,,11.26,11.39
515833,20.62,92.0,electronics,False,,66.46,66.44
515834,9.04,37.4,electronics,False,,28.99,29.0
515835,20.31,202.3,food,False,SAVE10,42.01,42.02
515836,7.6,217.9,electronics,False,,33.7,33.68
515837,13.18,295.8,fragile,False,,49.06,49.04
515838,3.97,264.9,fragile,False,SAVE10,21.21,21.21
515839,7.3,211.7,books,False,,22.26,23.71
515840,16.33,287.6,standard,False,,47.04,47.05
515841,17.12,260.6,books,False,,40.42,43.84
515842,4.66,265.9,books,False,,20.75,21.68
515843,16.17,12.9,books,False,SAVE10,23.87,26.79
515844,24.47,242.0,books,True,,80.45,85.35
515845,15.32,113.2,books,False,SAVE10,27.15,29.89
515846,7.36,97.0,electronics,False,,26.93,26.94
515847,17.2,266.2,clothing,False,,47.71,47.7
515848,14.84,204.9,electronics,False,,54.76,54.75
515849,16.64,220.0,food,False,,40.95,40.94
515850,21.0,278.5,fragile,False,,68.53,68.53
515851,23.41,129.0,fragile,False,,67.32,67.33
515852,4.25,235.6,food,False,,19.43,19.42
515853,6.51,27.7,food,True,,20.87,20.88
515854,3.74,21.1,clothing,True,,15.64,15.65
515855,24.91,68.5,fragile,False,,68.19,68.18
515856,24.59,88.9,standard,False,,53.62,53.63
515857,18.96,6.4,fragile,False,,49.62,49.61
515858,15.79,267.5,clothing,False,SAVE10,40.46,40.45
515859,4.37,174.5,standard,True,SAVE10,35.92,35.92
515860,7.96,155.1,electronics,True,,52.14,52.13
515861,3.73,51.0,clothing,False,,10.01,10.03
515862,9.34,245.7,clothing,False,,30.96,30.97
515863,2.87,214.0,books,False,SAVE10,13.76,14.28
515864,0.98,128.4,clothing,False,,8.38,8.38
515865,1.92,47.3,food,False,SAVE10,5.24,5.24
515866,11.34,292.9,standard,False,,37.33,37.33
515867,4.47,269.3,clothing,False,SAVE10,20.16,20.17
515868,1.92,38.2,fragile,True,,15.72,24.54
515869,18.96,125.1,food,True,,57.89,57.87
515870,19.21,153.3,electronics,False,,65.3,65.3
515871,23.62,190.3,food,False,,52.03,52.04
515872,20.17,209.0,electronics,False,,70.96,70.96
515873,23.74,219.7,food,False,,53.72,53.71
515874,16.5,108.0,standard,False,SAVE10,34.56,34.56
515875,13.49,133.4,clothing,False,,33.65,33.64
515876,10.65,42.1,books,True,,28.36,30.5
515877,8.67,155.6,standard,False,SAVE10,22.61,22.59
515878,0.89,245.2,clothing,True,,43.56,43.55
515879,17.9,52.2,standard,True,,48.63,48.64
515880,8.32,140.9,clothing,False,,23.68,23.68
515881,18.45,35.1,fragile,False,,49.72,49.74
515882,23.58,65.9,food,False,,45.74,45.72
515883,19.87,195.5,food,False,SAVE10,40.99,40.98
515884,12.93,27.4,fragile,False,,34.99,34.97
515885,14.16,185.8,food,False,SAVE10,31.3,31.29
515886,22.22,95.2,fragile,False,SAVE10,56.28,56.29
515887,6.37,95.8,books,False,SAVE10,13.48,14.64
515888,14.91,237.2,fragile,False,SAVE10,45.56,45.57
515889,15.12,157.7,standard,True,SAVE10,53.01,52.99
515890,15.28,171.6,fragile,False,,48.31,48.32
515891,7.61,257.6,clothing,False,,28.1,28.12
515892,11.7,228.0,clothing,False,,34.8,34.8
515893,12.89,11.4,fragile,False,,34.08,34.09
515894,19.91,156.5,fragile,False,,59.59,59.61
515895,24.14,109.3,clothing,False,,53.74,53.74
515896,1.79,160.3,electronics,True,,34.42,34.42
515897,20.03,52.2,fragile,False,,54.69,54.7
515898,12.41,121.2,fragile,False,,38.33,38.32
515899,16.3,45.9,standard,True,,44.48,44.49
515900,13.77,261.1,clothing,False,,40.6,40.59
515901,20.21,131.1,clothing,True,,65.09,65.1
515902,10.48,206.8,standard,False,,31.3,31.29
515903,10.22,145.6,clothing,True,,47.28,47.26
515904,13.98,222.2,electronics,True,SAVE10,72.24,72.24
515905,24.24,89.3,standard,False,SAVE10,47.65,47.65
515906,10.84,244.3,food,False,,31.73,31.74
515907,10.9,91.5,food,True,,38.34,38.35
515908,12.92,153.1,food,False,,30.91,30.92
515909,24.91,156.0,electronics,True,SAVE10,92.82,92.83
515910,4.44,69.8,electronics,True,,28.79,28.8
515911,15.19,145.7,food,False,,34.63,34.63
515912,15.44,15.8,standard,True,,38.25,38.24
515913,22.3,207.3,books,False,,46.04,50.51
515914,9.03,201.7,electronics,False,SAVE10,33.46,33.45
515915,15.59,12.9,clothing,False,,31.82,31.84
515916,6.7,109.7,books,False,,16.21,17.53
515917,10.02,100.0,food,False,,23.04,23.04
515918,2.35,18.7,standard,False,,5.64,5.63
515919,7.36,220.3,food,False,,24.26,24.27
515920,10.03,32.0,food,False,,19.65,19.64
515921,7.81,153.5,fragile,False,,27.98,27.97
515922,10.64,287.9,clothing,False,,35.67,35.68
515923,7.57,175.5,electronics,False,,31.48,31.48
515924,6.75,203.5,electronics,False,SAVE10,27.38,27.4
515925,8.9,144.2,clothing,False,,25.01,25.02
515926,16.94,245.0,electronics,False,,63.07,63.07
515927,15.76,214.5,standard,False,,42.24,42.25
515928,24.5,85.2,books,False,,43.46,48.38
515929,3.86,136.8,books,False,,13.02,13.78
515930,20.26,188.5,standard,True,,73.8,73.78
515931,2.46,36.9,standard,False,,6.76,6.78
515932,6.06,113.3,fragile,False,,21.42,21.44
515933,0.93,269.2,standard,False,SAVE10,13.79,13.79
515934,12.74,265.5,electronics,False,,51.5,51.5
515935,0.81,91.8,clothing,False,,6.21,6.21
515936,2.11,276.9,electronics,False,SAVE10,18.16,18.17
515937,16.33,201.9,standard,False,SAVE10,38.48,38.48
515938,16.4,247.5,books,False,SAVE10,34.75,37.71
515939,2.84,139.6,food,True,,31.05,31.04
515940,15.71,284.4,books,False,SAVE10,35.42,38.24
515941,10.97,156.9,electronics,True,,61.45,61.45
515942,21.78,94.1,books,False,SAVE10,35.6,39.51
515943,14.63,130.5,clothing,False,,35.79,35.79
515944,13.38,112.1,fragile,False,,40.39,40.37
515945,24.79,153.2,books,False,,47.32,52.3
515946,7.27,286.9,books,True,,59.67,61.11
515947,11.62,52.8,electronics,True,,47.78,47.76
515948,19.45,145.6,standard,True,,65.74,65.73
515949,18.24,282.7,electronics,False,,68.86,68.86
515950,1.51,282.1,standard,False,,17.13,17.12
515951,0.8,7.0,clothing,False,,1.95,1.95
515952,7.34,244.5,electronics,False,,34.25,34.23
515953,24.3,39.3,electronics,False,SAVE10,67.38,67.39
515954,2.11,63.6,books,False,,6.56,6.97
515955,1.02,9.9,electronics,True,,9.54,9.55
515956,23.06,81.5,electronics,False,,73.26,73.26
515957,3.95,217.8,clothing,False,,18.79,18.8
515958,8.26,228.4,fragile,False,,32.9,32.9
515959,21.63,205.1,books,False,,44.86,49.17
515960,10.26,180.7,electronics,True,,62.88,62.87
515961,1.6,169.3,books,False,,11.03,11.33
515962,10.7,16.7,fragile,False,,28.66,28.65
515963,18.37,36.1,food,False,SAVE10,31.38,31.37
515964,4.4,48.2,electronics,False,,15.61,15.6
515965,7.02,290.2,books,False,,25.74,27.15
515966,8.7,116.8,food,False,,21.5,21.52
515967,0.78,213.3,fragile,False,,12.69,12.68
515968,17.35,265.5,fragile,True,,89.94,121.5
515969,2.77,147.9,fragile,True,,34.39,54.19
515970,5.8,153.1,fragile,False,SAVE10,20.46,20.44
515971,11.44,100.9,fragile,False,SAVE10,31.31,31.32
515972,19.09,240.3,electronics,True,,98.32,98.33
515973,2.54,162.3,food,False,,12.69,12.7
515974,24.2,33.1,clothing,False,,50.06,50.07
515975,12.91,29.6,standard,False,SAVE10,24.57,24.57
515976,4.6,151.1,books,True,,35.02,35.94
515977,4.86,196.0,food,True,,43.15,43.14
515978,13.68,149.2,standard,False,,34.82,34.84
515979,2.72,260.2,food,False,,17.91,17.89
515980,4.5,234.7,electronics,False,SAVE10,22.71,22.7
515981,23.9,242.7,food,False,,55.15,55.15
515982,21.93,9.9,standard,False,,44.36,44.34
515983,15.59,282.1,standard,False,,45.28,45.3
515984,18.83,291.6,electronics,False,SAVE10,63.96,63.98
515985,3.21,220.6,standard,False,,17.45,17.44
515986,7.25,267.8,fragile,False,,32.24,32.24
515987,0.89,154.1,electronics,True,,30.78,30.8
515988,14.74,218.0,books,False,,34.48,37.44
515989,0.62,150.3,electronics,True,SAVE10,26.46,26.46
515990,3.08,24.2,fragile,True,,16.64,24.04
515991,24.9,174.1,clothing,False,SAVE10,52.65,52.66
515992,2.7,235.0,electronics,False,SAVE10,17.87,17.86
515993,24.63,117.2,food,False,,50.19,50.21
515994,13.72,53.6,food,True,,37.74,37.72
515995,12.45,262.9,standard,False,,38.04,38.06
515996,3.64,291.2,electronics,False,,25.48,25.49
515997,10.16,273.3,clothing,False,,33.98,33.97
515998,9.07,243.6,food,False,,28.51,28.52
515999,17.55,90.3,food,False,,36.11,36.09
516000,24.56,29.7,electronics,False,,75.16,75.17
516001,8.44,106.4,electronics,False,,30.64,30.65
516002,1.13,73.6,food,True,,18.07,18.07
516003,24.14,70.6,electronics,False,,75.95,75.94
516004,12.36,267.7,books,False,,33.16,35.62
516005,10.56,36.9,fragile,True,,37.99,46.68
516006,19.1,41.2,clothing,False,SAVE10,36.23,36.23
516007,16.22,108.2,books,False,,31.36,34.61
516008,13.71,37.2,electronics,True,,51.71,51.7
516009,3.94,122.7,standard,False,,14.02,14.03
516010,20.07,291.7,food,False,,50.71,50.69
516011,6.49,26.6,fragile,False,SAVE10,16.38,16.39
516012,15.38,71.9,books,True,SAVE10,36.35,39.12
516013,5.12,273.4,fragile,False,,26.98,26.98
516014,6.18,51.3,books,False,,12.45,13.7
516015,15.82,264.1,standard,True,,76.26,76.25
516016,18.76,123.5,food,False,,39.94,39.94
516017,24.31,236.4,books,True,SAVE10,71.42,75.79
516018,17.23,34.3,books,False,SAVE10,26.35,29.46
516019,16.11,215.7,food,False,,39.78,39.78
516020,15.2,97.9,electronics,True,,65.28,65.29
516021,7.59,226.9,books,False,,23.49,24.99
516022,22.92,10.0,standard,True,,52.34,52.33
516023,14.75,127.4,books,False,SAVE10,26.97,29.61
516024,1.82,142.7,electronics,True,,31.86,31.86
516025,12.18,116.7,food,False,,27.76,27.76
516026,8.84,297.5,electronics,True,,76.14,76.14
516027,4.35,231.9,fragile,False,,22.9,22.9
516028,17.43,83.4,electronics,False,,56.46,56.45
516029,20.29,203.5,books,False,,42.64,46.7
516030,22.48,95.2,books,False,,40.73,45.22
516031,21.9,259.7,fragile,True,,100.9,131.88
516032,24.66,132.6,books,False,SAVE10,41.48,45.92
516033,5.19,129.6,books,False,,14.78,15.82
516034,14.47,29.0,books,True,,32.5,35.41
516035,10.49,110.9,clothing,True,SAVE10,38.35,38.34
516036,18.3,70.4,clothing,False,SAVE10,36.11,36.11
516037,17.41,220.3,fragile,True,,83.31,110.34
516038,2.32,243.0,electronics,False,,19.11,19.09
516039,7.24,138.8,books,False,,18.52,19.98
516040,5.87,243.6,standard,False,,23.92,23.92
516041,2.26,262.5,food,True,SAVE10,43.6,43.62
516042,7.16,57.7,standard,False,,17.21,17.22
516043,12.27,222.9,standard,False,,35.68,35.7
516044,8.11,23.0,books,False,SAVE10,12.71,14.19
516045,4.18,84.9,electronics,False,SAVE10,15.11,15.11
516046,20.15,40.8,clothing,True,,51.42,51.4
516047,2.1,115.9,electronics,True,,28.69,28.7
516048,6.48,15.9,books,False,,11.16,12.46
516049,17.25,84.9,electronics,False,SAVE10,50.4,50.4
516050,10.43,208.7,standard,False,,31.3,31.28
516051,16.31,270.7,books,False,,39.63,42.9
516052,2.42,109.7,clothing,True,,26.3,26.29
516053,23.45,290.0,clothing,False,,61.4,61.39
516054,10.13,222.5,food,True,,56.61,56.61
516055,20.75,258.8,fragile,True,,97.77,128.63
516056,10.72,86.9,electronics,True,,50.2,50.2
516057,20.86,294.4,books,False,,48.1,52.28
516058,1.27,33.2,fragile,False,,4.96,4.96
516059,7.29,224.6,fragile,False,,30.18,30.2
516060,24.81,163.4,electronics,True,,103.94,103.94
516061,2.29,129.5,standard,False,SAVE10,9.95,9.94
516062,21.4,278.7,clothing,False,,56.74,56.74
516063,9.76,80.9,standard,False,,23.56,23.57
516064,12.32,254.0,food,True,SAVE10,58.75,58.73
516065,7.49,216.2,books,False,,22.79,24.31
516066,9.04,253.6,clothing,False,,30.76,30.78
516067,24.61,296.4,fragile,False,,78.81,78.79
516068,11.95,177.3,food,False,SAVE10,27.34,27.32
516069,3.94,244.3,books,False,,18.52,19.29
516070,19.14,213.9,food,True,,71.54,71.54
516071,5.71,159.6,clothing,True,,40.36,40.36
516072,13.6,220.7,clothing,False,,38.24,38.24
516073,19.72,175.9,standard,False,,48.24,48.22
516074,11.66,158.2,fragile,False,,38.23,38.22
516075,2.83,106.9,fragile,False,,12.7,12.71
516076,18.4,240.8,food,True,,74.24,74.25
516077,23.19,285.6,clothing,False,,60.66,60.67
516078,17.08,188.6,electronics,False,SAVE10,54.6,54.61
516079,23.35,70.1,food,True,SAVE10,51.79,51.77
516080,11.94,182.9,standard,False,,33.02,33.02
516081,5.49,95.8,food,False,,14.67,14.66
516082,8.67,295.3,standard,False,SAVE10,28.89,28.88
516083,20.01,275.1,books,False,,45.77,49.77
516084,23.42,114.5,fragile,False,,66.62,66.61
516085,7.06,94.5,food,True,,31.88,31.87
516086,20.66,194.7,food,False,,46.92,46.92
516087,19.12,70.5,standard,False,,41.76,41.78
516088,6.02,226.4,food,False,,22.16,22.14
516089,20.68,105.6,books,False,,38.37,42.5
516090,10.82,188.7,electronics,True,,65.76,65.76
516091,4.05,170.5,books,False,,15.0,15.8
516092,14.27,110.9,electronics,True,,64.45,64.43
516093,6.7,64.7,books,False,,13.96,15.28
516094,13.7,188.5,clothing,False,,36.83,36.82
516095,23.89,150.1,standard,False,,55.28,55.28
516096,5.39,246.1,fragile,False,,26.32,26.32
516097,14.03,236.6,fragile,False,,48.31,48.32
516098,13.07,155.8,electronics,True,,67.58,67.58
516099,4.65,261.4,food,False,,21.44,21.42
516100,15.42,96.0,electronics,False,,51.06,51.07
516101,6.59,228.0,fragile,False,,28.53,28.55
516102,22.72,200.0,food,False,,50.9,50.9
516103,21.48,88.9,fragile,False,,60.29,60.27
516104,13.48,28.4,electronics,False,,41.86,41.86
516105,6.5,19.9,fragile,False,,17.9,17.89
516106,4.01,52.4,electronics,True,SAVE10,22.4,22.4
516107,6.12,18.5,standard,True,,20.02,20.0
516108,13.41,57.6,fragile,False,,37.75,37.75
516109,14.84,191.5,food,False,SAVE10,32.66,32.66
516110,3.84,122.0,food,False,,13.01,13.02
516111,18.84,113.1,fragile,False,,54.64,54.63
516112,12.42,282.0,fragile,False,SAVE10,41.75,41.73
516113,24.38,136.5,standard,False,SAVE10,50.03,50.02
516114,10.19,236.9,electronics,True,SAVE10,63.99,63.99
516115,11.83,236.8,electronics,True,,76.01,76.02
516116,19.88,161.3,clothing,False,,47.82,47.84
516117,10.57,230.4,food,False,,30.55,30.56
516118,19.66,107.7,fragile,False,,56.5,56.52
516119,13.71,213.8,standard,False,,38.11,38.1
516120,3.38,67.5,electronics,False,,13.52,13.51
516121,22.66,215.6,electronics,False,,78.76,78.75
516122,22.53,109.4,standard,False,,50.53,50.54
516123,3.6,189.8,clothing,False,,16.69,16.69
516124,8.59,282.1,clothing,True,SAVE10,58.05,58.05
516125,14.39,39.9,clothing,True,,39.76,39.76
516126,3.08,21.5,books,False,SAVE10,5.4,5.97
516127,10.39,99.1,clothing,False,,25.74,25.75
516128,2.12,85.6,clothing,False,,8.52,8.51
516129,13.52,172.8,clothing,False,,35.68,35.67
516130,12.33,103.5,electronics,False,,42.17,42.18
516131,23.24,157.0,fragile,True,SAVE10,80.08,98.71
516132,20.21,283.5,food,True,,83.9,83.91
516133,7.11,59.4,fragile,False,,21.46,21.44
516134,17.18,11.8,fragile,False,,45.26,45.25
516135,23.96,203.6,standard,False,,58.1,58.1
516136,3.64,141.2,books,False,SAVE10,11.6,12.26
516137,13.53,287.0,electronics,False,,54.94,54.96
516138,4.04,47.9,food,False,,9.67,9.65
516139,6.71,207.9,clothing,False,SAVE10,21.43,21.42
516140,12.6,129.0,fragile,False,,39.21,39.2
516141,0.73,296.7,food,False,,16.15,16.16
516142,12.29,20.5,standard,True,,32.66,32.65
516143,7.76,61.1,clothing,False,,18.58,18.57
516144,2.04,75.0,fragile,False,,9.05,9.07
516145,13.52,216.3,food,True,,61.78,61.78
516146,5.41,246.9,electronics,True,,58.26,58.28
516147,5.41,176.0,electronics,True,,47.63,47.63
516148,23.56,81.6,books,True,SAVE10,49.44,53.69
516149,11.19,10.7,clothing,False,SAVE10,20.62,20.62
516150,13.89,78.9,electronics,False,,45.62,45.6
516151,3.01,286.5,books,False,,19.14,19.75
516152,23.82,216.2,clothing,True,,85.07,85.08
516153,14.87,23.9,clothing,False,,30.94,30.95
516154,7.72,286.6,electronics,True,,71.15,71.15
516155,16.74,181.1,books,True,,58.95,62.29
516156,16.28,80.0,electronics,False,,52.84,52.83
516157,12.4,226.0,food,False,,33.62,33.62
516158,10.95,84.9,food,False,SAVE10,21.56,21.56
516159,2.82,23.6,food,False,SAVE10,5.63,5.64
516160,19.12,215.5,fragile,True,,87.04,113.61
516161,1.45,279.8,standard,False,,16.89,16.88
516162,2.07,217.5,food,False,,14.6,14.61
516163,15.81,19.3,electronics,False,,48.4,48.41
516164,21.9,245.5,fragile,False,,69.22,69.23
516165,22.53,105.9,fragile,True,,79.46,95.04
516166,5.91,269.3,clothing,True,,57.22,57.23
516167,20.47,94.5,electronics,False,,66.13,66.15
516168,4.97,139.9,clothing,True,,35.93,35.94
516169,5.2,280.3,books,False,,22.34,23.36
516170,11.82,153.4,fragile,True,,58.74,79.07
516171,14.58,92.7,standard,False,,33.8,33.79
516172,13.51,72.3,books,False,,25.23,27.94
516173,22.91,126.3,books,False,,42.97,47.57
516174,12.69,39.1,fragile,False,,34.95,34.95
516175,9.37,200.2,clothing,False,,28.75,28.75
516176,11.84,254.5,standard,False,,36.4,36.42
516177,5.03,52.3,electronics,False,,17.7,17.72
516178,18.17,125.1,books,False,SAVE10,31.79,35.08
516179,4.83,63.1,clothing,False,,12.82,12.83
516180,12.32,255.2,food,False,SAVE10,31.44,31.45
516181,2.75,86.3,electronics,False,,12.57,12.55
516182,18.17,294.8,books,False,,43.81,47.45
516183,9.39,137.2,food,False,SAVE10,21.39,21.37
516184,19.74,65.0,clothing,False,SAVE10,38.46,38.44
516185,4.61,209.7,clothing,False,,19.7,19.69
516186,12.46,73.0,food,False,,26.08,26.06
516187,21.9,258.1,fragile,False,,69.84,69.84
516188,18.38,186.9,fragile,False,,57.13,57.14
516189,5.56,82.4,food,False,SAVE10,12.72,12.7
516190,2.9,243.7,food,False,,17.4,17.41
516191,15.12,50.7,fragile,False,,41.85,41.85
516192,24.49,241.3,clothing,False,,61.04,61.05
516193,10.42,83.0,electronics,False,SAVE10,31.87,31.85
516194,17.72,57.8,clothing,True,,49.11,49.12
516195,17.2,16.5,clothing,False,,35.22,35.21
516196,24.45,292.3,books,False,,53.74,58.63
516197,10.47,139.4,food,True,,44.76,44.77
516198,2.7,79.0,clothing,False,SAVE10,8.42,8.4
516199,2.92,83.4,books,False,,8.84,9.42
516200,22.79,277.7,standard,True,SAVE10,83.01,83.02
516201,5.76,153.1,books,True,SAVE10,33.46,34.49
516202,14.81,249.6,fragile,False,,50.99,50.97
516203,16.11,269.5,fragile,False,,55.36,55.35
516204,22.57,37.0,books,True,SAVE10,42.0,46.06
516205,10.91,149.9,standard,False,,29.32,29.33
516206,6.65,103.0,standard,False,,18.45,18.44
516207,22.73,126.5,fragile,False,,65.42,65.44
516208,15.53,207.2,fragile,False,,50.74,50.73
516209,24.81,67.9,food,False,,48.05,48.07
516210,19.57,247.2,books,True,,73.39,77.29
516211,16.77,237.1,books,False,,38.69,42.05
516212,12.1,96.6,clothing,False,,29.03,29.04
516213,0.53,117.2,standard,True,,23.64,23.62
516214,20.64,113.9,standard,False,,46.98,46.98
516215,9.25,136.4,food,False,,23.47,23.47
516216,1.9,240.3,fragile,False,,16.95,16.97
516217,18.61,134.2,food,False,,40.21,40.22
516218,24.65,190.9,electronics,False,,83.49,83.48
516219,18.53,135.8,clothing,False,SAVE10,39.47,39.47
516220,4.77,6.2,electronics,True,,20.24,20.25
516221,8.92,201.2,standard,True,SAVE10,47.72,47.73
516222,8.87,174.3,books,True,,45.34,47.1
516223,7.95,80.1,fragile,False,SAVE10,22.21,22.21
516224,17.23,199.9,food,True,,66.0,65.99
516225,18.19,190.0,clothing,False,,45.88,45.87
516226,7.33,196.2,fragile,True,,53.49,78.11
516227,10.07,187.5,fragile,False,SAVE10,32.0,32.01
516228,8.37,180.3,fragile,True,,53.81,76.83
516229,6.82,285.5,clothing,False,,27.92,27.92
516230,16.58,274.2,fragile,True,,89.24,121.67
516231,20.13,202.3,clothing,False,,50.38,50.37
516232,18.03,259.0,fragile,False,SAVE10,53.85,53.85
516233,24.07,136.6,books,True,,64.0,68.83
516234,23.57,90.8,food,False,,46.97,46.96
516235,24.1,208.8,clothing,False,SAVE10,52.78,52.76
516236,19.68,7.7,fragile,True,SAVE10,51.59,56.8
516237,9.55,197.7,food,False,,27.08,27.09
516238,18.78,254.4,standard,False,,50.28,50.27
516239,24.2,17.6,food,False,,44.44,44.45
516240,7.23,182.5,food,True,,45.39,45.38
516241,9.12,142.2,standard,False,,25.35,25.34
516242,1.08,164.7,fragile,False,SAVE10,9.94,9.95
516243,22.72,8.0,clothing,False,,45.84,45.86
516244,20.01,150.1,fragile,True,,79.54,99.55
516245,3.5,126.6,fragile,False,,15.43,15.41
516246,11.4,33.9,books,True,,28.33,30.62
516247,7.62,9.9,clothing,True,,21.72,21.72
516248,9.02,55.0,books,True,,27.68,29.47
516249,11.23,174.8,food,False,SAVE10,26.06,26.07
516250,23.58,153.9,food,False,,50.14,50.14
516251,8.15,197.1,electronics,False,,34.31,34.31
516252,14.63,7.4,fragile,False,,38.41,38.4
516253,18.74,102.2,fragile,True,,69.05,84.28
516254,17.84,46.3,food,False,,34.43,34.43
516255,1.41,222.8,clothing,True,,41.24,41.24
516256,8.99,16.6,standard,False,,18.81,18.79
516257,20.78,261.4,fragile,False,,67.1,67.09
516258,4.78,242.7,electronics,False,,26.48,26.48
516259,11.54,17.0,books,True,SAVE10,23.41,25.5
516260,19.81,187.2,fragile,False,,60.87,60.86
516261,5.54,273.9,books,True,,54.95,56.04
516262,12.48,62.2,electronics,False,,40.55,40.57
516263,23.82,298.4,books,False,,53.03,57.81
516264,2.88,247.0,standard,False,,18.11,18.1
516265,7.5,294.2,books,True,SAVE10,55.02,56.35
516266,1.13,130.5,electronics,True,,27.96,27.98
516267,1.92,148.7,electronics,True,,33.06,33.07
516268,20.21,238.8,books,False,,44.28,48.3
516269,13.5,83.7,standard,False,,31.18,31.18
516270,15.58,32.6,electronics,False,,48.37,48.38
516271,6.91,39.5,fragile,False,SAVE10,17.95,17.93
516272,17.78,95.5,standard,False,,40.34,40.32
516273,4.05,110.6,clothing,False,,13.63,13.63
516274,5.41,207.7,fragile,False,,24.45,24.45
516275,2.02,84.5,food,True,,21.31,21.32
516276,23.68,75.4,food,False,,46.39,46.4
516277,8.55,81.8,clothing,False,,21.19,21.19
516278,7.6,126.1,clothing,False,,21.5,21.49
516279,10.85,141.6,clothing,False,,28.78,28.78
516280,6.2,149.2,standard,False,,19.86,19.87
516281,22.82,198.8,books,True,SAVE10,64.2,68.32
516282,7.37,100.8,fragile,False,SAVE10,21.78,21.78
516283,1.61,298.0,clothing,False,SAVE10,16.31,16.3
516284,21.11,205.3,standard,False,,52.48,52.48
516285,18.31,173.2,standard,False,SAVE10,40.75,40.75
516286,4.98,251.5,standard,True,,52.68,52.7
516287,9.7,161.1,standard,True,,48.56,48.57
516288,4.4,282.1,standard,False,,22.9,22.9
516289,22.54,140.6,fragile,False,,65.63,65.65
516290,22.87,251.7,clothing,True,,88.5,88.49
516291,1.81,39.7,electronics,False,SAVE10,6.67,6.68
516292,5.83,284.1,books,True,,56.94,58.13
516293,10.57,295.1,books,False,,31.67,33.77
516294,15.68,95.7,electronics,False,,51.82,51.81
516295,20.84,148.1,clothing,False,,49.08,49.07
516296,22.5,237.3,standard,True,SAVE10,77.04,77.02
516297,23.35,67.9,electronics,False,,73.45,73.43
516298,14.58,256.5,food,False,,39.07,39.05
516299,18.68,152.1,food,True,,61.44,61.43
516300,22.4,222.2,standard,True,,83.13,83.13
516301,18.67,68.2,standard,False,,40.75,40.76
516302,11.87,62.2,standard,False,,26.85,26.87
516303,20.78,16.5,books,False,,34.07,38.22
516304,15.89,196.2,fragile,True,SAVE10,68.17,90.33
516305,7.52,159.0,fragile,False,,27.5,27.5
516306,1.23,197.3,clothing,False,,12.33,12.32
516307,19.21,65.7,clothing,True,,53.28,53.27
516308,1.0,73.6,food,False,,5.48,5.49
516309,19.84,141.6,standard,False,,46.76,46.77
516310,19.61,104.2,books,False,,36.59,40.49
516311,5.21,33.0,electronics,True,SAVE10,23.02,23.03
516312,21.47,251.0,books,False,,46.9,51.18
516313,14.15,281.4,food,True,,72.68,72.69
516314,23.84,292.4,electronics,False,,86.14,86.13
516315,23.36,269.8,food,True,,87.52,87.52
516316,1.07,91.6,clothing,False,,6.72,6.73
516317,6.26,213.8,fragile,True,,53.35,79.72
516318,20.45,201.6,food,False,,46.89,46.89
516319,13.42,179.4,standard,True,,58.75,58.73
516320,4.07,77.2,fragile,False,,14.44,14.43
516321,13.03,163.4,standard,False,,34.23,34.23
516322,9.02,14.3,standard,True,SAVE10,22.67,22.66
516323,9.94,219.4,food,False,,28.86,28.84
516324,3.2,6.5,electronics,False,,9.93,9.92
516325,15.37,194.1,books,True,,58.71,61.77
516326,20.8,280.1,fragile,False,,68.09,68.08
516327,9.95,79.8,books,False,,19.91,21.89
516328,8.25,79.8,standard,False,,20.49,20.5
516329,22.66,148.9,fragile,False,,66.36,66.35
516330,15.96,276.1,food,False,,42.53,42.53
516331,24.4,41.9,fragile,True,,74.72,83.92
516332,21.16,90.9,books,False,,38.4,42.65
516333,5.69,57.7,standard,False,SAVE10,12.84,12.84
516334,17.66,26.9,clothing,True,,44.36,44.36
516335,4.33,69.9,standard,False,,12.16,12.14
516336,4.53,245.1,clothing,True,,50.82,50.82
516337,16.13,124.2,standard,False,SAVE10,34.62,34.61
516338,1.23,130.7,standard,False,,9.0,9.0
516339,6.15,257.1,clothing,False,,25.16,25.17
516340,24.25,121.0,food,True,,66.8,66.79
516341,7.73,272.3,books,False,,25.98,27.51
516342,18.08,146.2,fragile,False,,54.32,54.31
516343,17.85,43.4,electronics,False,,55.72,55.72
516344,13.75,239.0,fragile,False,,47.7,47.68
516345,21.09,45.4,fragile,False,,57.1,57.1
516346,5.46,288.1,standard,False,,25.33,25.33
516347,3.91,223.4,electronics,False,,22.9,22.9
516348,19.94,57.3,books,False,SAVE10,31.29,34.87
516349,8.94,99.7,food,True,,36.05,36.07
516350,5.41,59.3,fragile,False,,17.03,17.03
516351,13.18,239.3,books,True,,61.98,64.64
516352,17.37,109.0,food,False,,36.72,36.7
516353,13.37,173.4,standard,True,,57.75,57.76
516354,20.32,172.1,books,True,,63.33,67.38
516355,9.01,221.4,fragile,True,,61.64,88.77
516356,20.13,270.2,books,True,SAVE10,69.96,73.59
516357,23.01,71.6,books,False,,40.4,45.0
516358,14.78,219.3,fragile,True,,76.32,103.25
516359,17.0,289.8,clothing,True,,82.47,82.47
516360,14.49,62.7,clothing,False,SAVE10,28.9,28.91
516361,7.83,187.8,clothing,True,SAVE10,43.95,43.96
516362,6.58,190.2,clothing,True,,46.69,46.69
516363,18.18,58.3,fragile,False,,50.18,50.18
516364,4.08,282.8,clothing,True,,55.58,55.59
516365,10.43,295.7,clothing,False,,35.64,35.63
516366,9.63,222.7,clothing,False,,30.4,30.4
516367,22.33,199.4,clothing,True,,79.57,79.58
516368,13.64,253.2,electronics,False,,53.58,53.59
516369,7.02,196.5,standard,True,,48.52,48.52
516370,11.21,176.3,books,False,,26.75,29.01
516371,1.98,220.6,fragile,False,SAVE10,14.56,14.55
516372,7.32,167.9,electronics,False,SAVE10,27.32,27.3
516373,17.23,35.3,electronics,False,,53.46,53.47
516374,6.51,77.7,fragile,False,,20.81,20.83
516375,7.84,260.2,food,False,SAVE10,24.41,24.42
516376,22.87,51.6,books,True,,49.33,53.91
516377,7.14,58.8,books,False,,14.36,15.79
516378,14.59,237.4,books,True,,63.95,66.87
516379,24.79,218.9,clothing,True,,87.42,87.42
516380,2.69,18.5,clothing,False,,6.3,6.29
516381,10.52,145.8,electronics,False,,38.85,38.86
516382,20.12,220.7,clothing,False,,51.28,51.26
516383,19.28,42.2,clothing,True,,49.89,49.9
516384,15.72,279.7,fragile,True,,87.83,120.79
516385,17.92,43.8,books,False,,30.86,34.46
516386,4.03,111.3,standard,False,,13.62,13.62
516387,1.99,84.0,fragile,False,,9.37,9.36
516388,3.55,161.3,clothing,False,SAVE10,13.65,13.65
516389,22.53,10.9,fragile,False,SAVE10,53.21,53.21
516390,4.87,177.0,fragile,False,,21.51,21.53
516391,17.43,221.3,electronics,True,SAVE10,81.44,81.45
516392,2.41,234.9,books,True,,44.09,44.59
516393,22.27,116.9,electronics,True,,89.34,89.34
516394,19.37,288.6,clothing,False,,53.17,53.16
516395,21.18,224.4,books,True,,72.55,76.78
516396,24.46,57.3,fragile,True,SAVE10,69.47,79.11
516397,16.4,68.7,clothing,False,,36.24,36.24
516398,22.16,263.5,books,False,,48.63,53.08
516399,24.93,26.7,food,True,,53.88,53.9
516400,2.75,119.6,standard,True,SAVE10,25.6,25.59
516401,1.65,103.3,food,False,,8.14,8.14
516402,18.71,112.6,standard,False,,43.05,43.04
516403,14.84,31.9,food,False,SAVE10,25.48,25.48
516404,6.5,60.2,standard,False,,16.01,16.02
516405,17.08,60.4,fragile,False,,47.43,47.44
516406,16.65,176.0,fragile,False,,52.09,52.09
516407,8.86,72.8,standard,True,,33.64,33.63
516408,1.76,142.8,food,False,,10.31,10.32
516409,24.66,93.9,fragile,False,,68.81,68.8
516410,13.79,18.2,food,False,,25.73,25.74
516411,2.86,103.0,electronics,True,,29.03,29.04
516412,20.05,209.1,standard,False,SAVE10,45.5,45.51
516413,21.98,148.1,fragile,False,,64.55,64.57
516414,9.65,208.8,fragile,False,,35.53,35.55
516415,19.98,46.4,food,False,SAVE10,34.46,34.44
516416,2.16,258.3,electronics,True,,50.23,50.24
516417,17.67,223.0,standard,True,,73.79,73.79
516418,24.41,28.9,electronics,False,,74.68,74.67
516419,18.84,125.0,clothing,False,,43.93,43.95
516420,7.08,193.7,clothing,False,,23.84,23.85
516421,10.17,271.6,electronics,False,,44.09,44.1
516422,16.93,194.4,fragile,False,,53.74,53.75
516423,11.21,285.6,standard,False,,36.7,36.71
516424,24.85,60.0,clothing,True,,63.7,63.69
516425,19.69,152.4,clothing,True,,67.24,67.23
516426,11.1,27.0,standard,True,SAVE10,28.12,28.14
516427,17.73,152.5,fragile,False,,53.72,53.72
516428,2.21,5.2,books,True,,9.32,9.77
516429,8.67,7.8,books,False,SAVE10,12.84,14.38
516430,1.46,46.7,books,False,,4.67,4.97
516431,8.85,108.2,electronics,True,SAVE10,43.0,43.0
516432,4.83,102.5,clothing,False,SAVE10,13.31,13.29
516433,12.41,299.0,electronics,True,,87.08,87.1
516434,8.59,36.5,clothing,False,,19.0,19.01
516435,1.95,60.4,books,False,,6.14,6.52
516436,4.41,254.7,standard,False,,21.56,21.57
516437,10.55,230.0,books,False,,28.38,30.48
516438,15.23,208.4,clothing,True,SAVE10,60.05,60.05
516439,7.0,10.3,electronics,False,,21.52,21.5
516440,10.33,48.8,books,False,,18.97,21.02
516441,23.67,240.2,books,True,,78.9,83.62
516442,10.53,24.5,fragile,True,,36.05,43.52
516443,12.32,182.6,books,False,,28.84,31.32
516444,12.68,104.4,fragile,True,,53.63,69.07
516445,23.18,116.1,clothing,False,,52.16,52.17
516446,4.6,153.8,fragile,False,,19.65,19.64
516447,11.94,242.2,fragile,False,,43.15,43.16
516448,20.35,299.7,food,True,SAVE10,77.93,77.94
516449,13.51,245.6,fragile,True,,76.97,106.51
516450,8.69,198.3,standard,True,,52.12,52.12
516451,9.73,254.1,fragile,True,,68.41,98.84
516452,5.3,40.1,books,True,SAVE10,17.55,18.5
516453,16.92,140.5,clothing,False,,40.86,40.87
516454,21.18,294.6,fragile,False,,69.8,69.79
516455,18.33,114.9,standard,False,,42.4,42.4
516456,1.72,35.1,clothing,False,,5.2,5.18
516457,19.75,198.8,electronics,False,,69.19,69.2
516458,18.81,73.1,fragile,False,,52.56,52.55
516459,9.77,278.3,books,False,,29.55,31.52
516460,7.47,83.4,food,False,,17.62,17.6
516461,24.05,211.5,fragile,True,,99.26,125.39
516462,3.9,256.2,clothing,False,,20.61,20.62
516463,19.86,27.6,books,False,,33.16,37.11
516464,7.11,292.6,books,False,,26.01,27.41
516465,13.81,137.1,standard,False,SAVE10,31.03,31.02
516466,17.71,164.6,clothing,False,,43.65,43.67
516467,22.92,120.9,fragile,False,SAVE10,59.07,59.08
516468,19.44,9.7,electronics,False,SAVE10,52.92,52.93
516469,2.47,278.6,books,False,,17.88,18.37
516470,21.73,53.2,books,False,,37.43,41.78
516471,24.32,141.5,clothing,False,SAVE10,50.14,50.14
516472,1.4,117.9,clothing,True,,25.48,25.5
516473,7.76,147.9,electronics,False,,30.68,30.69
516474,22.13,157.6,standard,False,SAVE10,46.93,46.91
516475,13.52,298.4,clothing,False,,41.96,41.95
516476,0.72,50.4,books,False,,3.67,3.83
516477,19.32,120.2,standard,False,,44.65,44.67
516478,24.68,259.8,food,True,,88.39,88.39
516479,4.15,225.8,clothing,False,,19.59,19.58
516480,21.74,248.1,clothing,False,,55.88,55.88
516481,15.7,143.3,clothing,False,SAVE10,34.71,34.72
516482,15.44,127.2,food,False,,34.15,34.17
516483,1.64,100.1,clothing,False,,8.28,8.3
516484,24.33,105.1,standard,False,,53.92,53.93
516485,24.95,31.7,food,False,,46.5,46.49
516486,3.67,237.1,fragile,True,SAVE10,45.1,70.95
516487,20.53,96.1,clothing,False,SAVE10,41.28,41.3
516488,9.08,115.4,food,True,,38.65,38.67
516489,1.22,76.9,fragile,False,,7.02,7.03
516490,13.28,212.7,fragile,False,,45.16,45.15
516491,21.15,93.8,standard,True,,61.37,61.37
516492,14.76,141.8,food,True,,52.84,52.82
516493,1.89,89.7,standard,False,,8.26,8.27
516494,21.65,240.4,clothing,False,,55.32,55.3
516495,11.02,95.7,standard,True,,41.4,41.38
516496,14.21,174.0,fragile,False,,45.65,45.63
516497,10.47,157.4,fragile,False,,35.09,35.11
516498,24.16,11.8,electronics,False,SAVE10,65.76,65.78
516499,13.74,290.1,food,True,,73.25,73.25
516500,20.53,258.6,clothing,True,,84.85,84.84
516501,23.72,224.7,electronics,True,,109.86,109.86
516502,15.05,54.7,clothing,False,,32.84,32.84
516503,21.32,257.2,electronics,True,,107.54,107.55
516504,5.66,290.9,electronics,True,,65.62,65.61
516505,5.21,260.7,electronics,True,,59.74,59.73
516506,18.64,191.3,food,False,,43.12,43.11
516507,17.08,246.5,fragile,True,SAVE10,77.74,104.42
516508,23.87,82.8,books,True,,55.61,60.4
516509,9.29,229.5,standard,False,,30.06,30.05
516510,4.92,102.5,clothing,False,,14.96,14.97
516511,10.74,109.7,fragile,False,SAVE10,30.07,30.05
516512,22.34,247.4,books,False,,48.11,52.57
516513,13.9,32.2,fragile,True,,45.97,54.17
516514,8.19,15.6,food,False,SAVE10,13.97,13.95
516515,12.76,202.0,fragile,True,SAVE10,61.63,84.32
516516,18.42,261.7,fragile,True,,92.15,123.31
516517,3.08,175.8,food,True,,36.91,36.92
516518,17.69,182.3,standard,False,,44.5,44.48
516519,11.19,30.2,books,False,,19.41,21.65
516520,21.99,159.6,standard,False,,51.96,51.96
516521,20.2,284.0,fragile,True,,100.12,133.52
516522,19.31,143.1,clothing,False,,45.78,45.76
516523,1.67,169.6,food,True,,33.45,33.46
516524,13.61,73.5,food,True,,40.52,40.51
516525,1.83,46.6,electronics,True,,17.48,17.47
516526,9.18,270.0,fragile,False,,37.37,37.36
516527,4.7,62.4,food,False,,11.58,11.59
516528,12.52,286.3,clothing,False,SAVE10,35.42,35.4
516529,5.76,268.9,electronics,False,,30.72,30.71
516530,8.25,33.9,food,False,,16.54,16.54
516531,18.92,244.9,fragile,False,SAVE10,55.29,55.28
516532,19.47,14.4,food,False,,35.77,35.75
516533,18.99,276.8,food,False,,48.02,48.02
516534,18.42,248.6,books,False,SAVE10,37.71,41.04
516535,9.2,6.3,books,False,,15.03,16.88
516536,1.45,221.5,fragile,False,,14.84,14.83
516537,2.0,127.8,food,False,,9.99,10.0
516538,14.7,54.3,standard,True,SAVE10,38.29,38.3
516539,24.14,127.9,clothing,False,SAVE10,49.21,49.2
516540,13.03,129.2,books,True,SAVE10,40.71,43.03
516541,11.89,272.7,standard,True,,69.68,69.7
516542,21.59,164.1,standard,True,,72.8,72.79
516543,9.64,270.9,fragile,False,,38.61,38.6
516544,5.99,178.7,fragile,False,SAVE10,22.06,22.05
516545,23.79,125.4,fragile,False,,68.12,68.13
516546,0.55,62.5,books,False,SAVE10,3.6,3.7
516547,13.56,225.5,food,False,,35.68,35.69
516548,4.82,179.4,books,False,,16.68,17.66
516549,6.58,12.5,clothing,False,,13.78,13.8
516550,23.53,70.7,clothing,False,SAVE10,45.54,45.54
516551,16.98,127.5,clothing,False,,40.34,40.35
516552,13.95,73.5,books,False,,26.0,28.8
516553,3.12,8.5,clothing,False,SAVE10,6.0,5.99
516554,23.19,297.6,fragile,True,,109.93,144.68
516555,11.18,228.4,electronics,True,,72.8,72.8
516556,2.96,208.9,food,False,,15.77,15.78
516557,13.91,176.2,food,False,,33.85,33.86
516558,2.56,191.8,electronics,True,,41.45,41.45
516559,21.38,61.0,electronics,False,,67.19,67.2
516560,10.45,105.6,electronics,False,,36.63,36.65
516561,7.63,147.8,food,False,SAVE10,19.01,19.0
516562,6.69,261.0,books,False,,23.75,25.1
516563,5.6,96.1,fragile,False,SAVE10,17.43,17.45
516564,5.23,225.9,standard,False,,21.76,21.74
516565,15.26,27.3,standard,False,,31.88,31.88
516566,4.63,206.5,electronics,True,,49.87,49.87
516567,13.88,20.9,electronics,True,,49.78,49.77
516568,21.97,136.2,fragile,True,SAVE10,74.3,91.04
516569,18.59,33.2,food,False,,35.12,35.12
516570,13.73,100.0,fragile,False,,40.7,40.68
516571,11.02,271.1,food,False,,33.39,33.4
516572,8.98,228.6,books,True,,53.66,55.44
516573,6.68,281.7,food,False,,26.11,26.12
516574,10.74,221.7,fragile,False,,39.01,39.03
516575,24.69,146.6,food,False,,51.77,51.77
516576,13.97,73.6,fragile,True,,52.36,64.72
516577,7.64,250.7,clothing,False,,27.82,27.82
516578,7.16,60.7,electronics,True,SAVE10,32.03,32.03
516579,11.4,83.6,standard,False,,26.98,26.98
516580,11.58,176.8,standard,False,SAVE10,28.8,28.78
516581,9.0,67.3,fragile,False,,26.76,26.78
516582,13.97,221.6,books,False,SAVE10,30.09,32.59
516583,18.66,29.7,electronics,False,SAVE10,51.72,51.73
516584,17.67,32.8,food,True,,41.73,41.71
516585,18.3,86.1,books,False,,33.58,37.25
516586,13.33,126.7,food,False,,30.33,30.33
516587,20.86,69.1,books,False,,36.83,40.99
516588,2.53,38.1,standard,True,,15.78,15.77
516589,14.7,139.9,electronics,False,,51.1,51.1
516590,20.9,293.7,standard,False,,56.48,56.49
516591,18.48,264.7,electronics,False,,68.68,68.68
516592,23.95,255.5,clothing,True,,91.22,91.23
516593,3.97,208.7,clothing,True,,44.24,44.25
516594,16.65,97.4,clothing,False,,38.17,38.19
516595,19.81,128.1,clothing,False,,46.02,46.02
516596,10.34,234.4,standard,False,,32.4,32.42
516597,6.65,187.6,standard,False,,22.68,22.69
516598,11.37,51.8,clothing,True,,35.51,35.5
516599,20.69,86.2,fragile,False,,58.1,58.09
516600,6.0,221.3,fragile,False,,26.67,26.65
516601,19.75,216.2,clothing,False,,50.31,50.31
516602,18.8,100.7,fragile,False,,53.92,53.91
516603,13.96,208.7,clothing,False,,38.36,38.36
516604,13.16,28.0,books,True,,30.26,32.89
516605,23.65,123.9,electronics,False,,77.14,77.13
516606,3.74,18.9,electronics,False,,12.16,12.16
516607,2.08,20.6,fragile,True,,13.5,20.56
516608,13.26,297.4,fragile,False,,49.35,49.33
516609,2.57,79.3,standard,False,,9.1,9.1
516610,6.77,187.0,electronics,False,,29.66,29.65
516611,3.74,231.4,electronics,True,,50.93,50.95
516612,23.68,57.3,electronics,True,,84.64,84.63
516613,12.91,171.7,standard,False,,34.4,34.42
516614,6.84,268.5,food,False,,25.74,25.73
516615,8.48,166.6,electronics,False,,33.77,33.77
516616,5.03,256.7,electronics,False,,27.92,27.93
516617,9.53,228.5,standard,True,,58.34,58.32
516618,4.95,108.6,books,False,,13.35,14.33
516619,21.09,100.6,food,False,SAVE10,38.69,38.7
516620,14.21,284.0,fragile,True,,84.55,117.94
516621,3.12,139.5,fragile,False,,15.09,15.1
516622,21.34,281.9,standard,True,,89.96,89.96
516623,11.56,52.0,food,True,,33.61,33.6
516624,1.31,77.7,fragile,False,,7.29,7.3
516625,19.07,66.0,books,True,,45.41,49.21
516626,16.71,229.7,electronics,False,,61.62,61.6
516627,12.8,107.7,fragile,False,,38.66,38.66
516628,10.67,39.5,fragile,False,,29.72,29.72
516629,18.38,285.1,clothing,True,SAVE10,76.07,76.07
516630,24.38,230.5,standard,True,,88.34,88.35
516631,12.76,162.9,fragile,False,,41.32,41.3
516632,22.46,23.5,food,False,SAVE10,37.44,37.43
516633,13.93,94.6,standard,False,SAVE10,29.33,29.33
516634,6.37,143.8,clothing,True,,39.31,39.31
516635,18.0,162.6,food,False,SAVE10,36.48,36.46
516636,19.77,123.2,fragile,True,,74.88,92.18
516637,3.58,245.4,books,False,SAVE10,16.2,16.83
516638,5.76,28.9,books,False,,10.66,11.81
516639,3.35,120.4,clothing,False,,12.72,12.71
516640,1.41,204.7,standard,True,,38.52,38.54
516641,8.75,90.5,fragile,False,,27.28,27.28
516642,12.56,29.0,food,True,,31.96,31.95
516643,14.7,157.8,food,False,,34.35,34.33
516644,12.64,232.9,books,False,,31.87,34.38
516645,20.76,200.8,fragile,True,,89.1,114.18
516646,4.83,223.8,fragile,True,,51.13,78.51
516647,23.92,12.9,fragile,True,SAVE10,62.21,67.87
516648,19.05,235.5,standard,False,,49.88,49.87
516649,1.75,197.6,electronics,False,,15.13,15.11
516650,1.9,170.0,food,True,,33.92,33.9
516651,3.17,245.1,books,False,SAVE10,15.59,16.16
516652,15.54,32.8,clothing,False,SAVE10,29.45,29.45
516653,14.33,132.4,standard,False,,35.28,35.28
516654,6.77,219.5,electronics,True,,58.24,58.25
516655,17.03,259.2,electronics,False,,64.05,64.06
516656,8.82,119.7,clothing,True,,40.6,40.6
516657,19.81,10.8,food,True,,42.28,42.29
516658,18.43,165.9,standard,True,,66.74,66.73
516659,6.24,188.7,books,True,,43.29,44.54
516660,2.21,88.5,standard,False,,8.84,8.86
516661,15.53,292.9,clothing,True,SAVE10,72.0,72.01
516662,2.57,146.5,books,False,SAVE10,10.29,10.77
516663,14.43,153.4,standard,False,,36.53,36.55
516664,16.88,263.6,electronics,False,,63.82,63.83
516665,4.16,78.7,food,True,SAVE10,21.86,21.86
516666,19.35,31.2,fragile,False,,51.87,51.86
516667,10.34,100.1,standard,False,,25.68,25.68
516668,15.93,246.8,standard,False,,44.2,44.18
516669,13.18,211.4,clothing,True,,63.07,63.05
516670,17.98,231.3,food,True,,72.06,72.06
516671,12.58,126.8,electronics,True,,61.76,61.75
516672,13.29,48.9,electronics,False,,42.32,42.33
516673,12.03,117.6,food,False,,27.53,27.52
516674,4.37,135.3,electronics,True,SAVE10,34.56,34.57
516675,15.94,44.6,books,True,,37.19,40.38
516676,1.09,159.2,fragile,True,,31.71,52.64
516677,10.73,194.3,clothing,False,,31.18,31.19
516678,19.56,89.4,books,False,,35.77,39.66
516679,21.47,204.4,fragile,True,,91.48,116.91
516680,21.18,49.9,books,False,,36.38,40.6
516681,18.67,199.7,standard,False,,47.32,47.32
516682,24.24,16.7,books,False,,39.62,44.47
516683,24.73,176.4,clothing,False,,58.28,58.29
516684,10.37,64.5,electronics,False,,34.34,34.33
516685,17.03,221.5,books,False,,38.32,41.72
516686,4.34,276.8,food,False,,21.65,21.66
516687,15.94,106.6,fragile,False,,46.77,46.77
516688,8.57,55.0,fragile,True,,35.53,46.03
516689,21.92,169.0,standard,False,,52.29,52.29
516690,3.8,15.2,food,False,,7.6,7.59
516691,4.47,199.2,food,True,,42.93,42.94
516692,16.31,32.6,standard,True,SAVE10,38.26,38.27
516693,14.2,209.8,books,False,,33.21,36.04
516694,15.72,240.2,clothing,True,,72.47,72.47
516695,15.06,141.8,electronics,True,,71.45,71.43
516696,1.64,182.8,standard,True,,35.7,35.69
516697,15.16,231.4,clothing,False,SAVE10,37.7,37.69
516698,11.25,238.1,clothing,False,,34.4,34.42
516699,5.31,26.1,standard,False,,11.92,11.91
516700,20.74,82.1,food,False,,41.44,41.44
516701,18.49,220.8,clothing,False,,48.02,48.01
516702,16.54,144.1,clothing,False,,40.28,40.28
516703,10.64,218.7,books,False,,27.96,30.1
516704,4.4,167.0,electronics,False,,21.55,21.55
516705,0.5,171.3,clothing,False,,9.57,9.57
516706,21.82,175.2,food,False,,48.04,48.02
516707,12.01,89.6,fragile,False,,35.71,35.7
516708,12.36,213.2,electronics,False,,47.74,47.75
516709,7.73,210.2,fragile,False,,30.61,30.63
516710,10.73,233.4,standard,False,,33.13,33.12
516711,15.83,207.7,fragile,False,SAVE10,46.39,46.37
516712,11.33,86.0,clothing,False,,26.96,26.94
516713,20.59,181.7,clothing,False,,50.26,50.27
516714,5.21,95.9,food,False,,14.17,14.17
516715,3.51,133.9,clothing,False,,13.72,13.7
516716,21.4,226.8,food,False,,49.86,49.85
516717,5.34,92.7,clothing,False,,15.32,15.3
516718,8.05,286.1,books,True,,60.8,62.41
516719,18.6,244.1,books,False,,41.96,45.7
516720,1.2,224.6,fragile,False,,14.35,14.34
516721,13.22,57.5,books,False,,24.03,26.67
516722,8.4,192.9,electronics,False,,34.85,34.83
516723,23.47,68.0,food,True,SAVE10,51.7,51.68
516724,13.41,19.5,fragile,False,,35.84,35.85
516725,13.1,129.3,clothing,False,SAVE10,29.4,29.39
516726,16.29,60.2,standard,False,SAVE10,32.03,32.04
516727,20.11,226.2,fragile,False,,63.6,63.6
516728,7.65,214.6,standard,False,,26.03,26.05
516729,1.1,221.5,food,True,SAVE10,36.18,36.2
516730,14.94,287.3,books,False,,38.27,41.26
516731,11.45,34.5,books,False,,20.05,22.33
516732,5.69,174.9,electronics,False,,25.82,25.82
516733,18.12,128.8,electronics,True,SAVE10,70.81,70.82
516734,18.49,15.0,fragile,True,SAVE10,49.79,55.63
516735,24.5,47.1,clothing,True,SAVE10,54.96,54.94
516736,23.69,296.0,fragile,True,,110.99,145.59
516737,6.26,289.3,electronics,False,,33.25,33.23
516738,9.93,24.4,books,True,SAVE10,22.09,23.88
516739,18.79,80.4,food,False,,37.84,37.84
516740,0.95,49.4,electronics,False,,5.32,5.3
516741,20.66,16.6,electronics,False,,62.81,62.83
516742,16.57,30.0,books,True,,36.01,39.33
516743,8.04,5.8,food,False,,14.76,14.76
516744,22.02,18.1,electronics,False,,66.96,66.97
516745,11.92,245.6,fragile,False,,43.27,43.26
516746,6.32,154.7,food,False,,19.11,19.11
516747,20.39,232.3,standard,True,,80.62,80.62
516748,22.94,11.4,electronics,False,,69.39,69.4
516749,4.07,101.4,food,False,,12.4,12.39
516750,23.67,46.2,electronics,False,,73.32,73.32
516751,4.62,61.9,books,True,,21.68,22.61
516752,17.32,247.9,clothing,False,SAVE10,42.33,42.34
516753,12.54,237.1,fragile,False,SAVE10,40.01,40.03
516754,21.85,187.1,clothing,False,,53.06,53.07
516755,24.78,231.1,books,False,SAVE10,46.08,50.54
516756,2.99,195.6,fragile,False,,17.55,17.55
516757,11.65,63.4,food,False,,24.14,24.14
516758,21.69,30.5,electronics,False,,66.6,66.61
516759,10.42,281.7,clothing,False,,34.92,34.91
516760,4.71,231.1,electronics,True,,53.8,53.79
516761,12.35,201.0,electronics,True,,72.2,72.2
516762,1.58,173.1,food,False,,11.5,11.49
516763,4.85,166.6,standard,False,,18.03,18.03
516764,21.4,286.9,books,False,,48.58,52.87
516765,20.96,109.0,clothing,False,SAVE10,42.63,42.63
516766,20.24,280.7,fragile,False,SAVE10,59.99,59.98
516767,1.97,162.6,food,True,,32.94,32.95
516768,16.48,161.2,fragile,False,,50.91,50.91
516769,11.61,250.5,standard,False,,35.74,35.74
516770,16.85,108.2,fragile,False,,49.22,49.22
516771,8.84,178.4,standard,False,,26.6,26.6
516772,7.75,232.1,books,False,,24.01,25.55
516773,23.22,119.0,standard,True,SAVE10,62.36,62.36
516774,17.41,203.3,clothing,False,,44.98,44.99
516775,15.98,60.1,food,False,,31.77,31.77
516776,13.02,85.6,books,True,,38.67,41.29
516777,7.75,186.9,standard,False,SAVE10,22.36,22.36
516778,11.28,54.4,books,False,,20.77,23.03
516779,22.33,200.0,fragile,False,,68.06,68.07
516780,21.33,208.3,clothing,True,,78.9,78.9
516781,2.94,173.7,standard,False,SAVE10,13.11,13.11
516782,19.77,15.1,food,False,,36.34,36.34
516783,16.91,58.4,standard,False,,36.74,36.74
516784,16.53,157.7,clothing,False,,40.94,40.96
516785,8.35,134.6,clothing,False,,23.43,23.42
516786,23.53,42.7,fragile,False,,63.31,63.3
516787,14.35,227.9,books,False,,34.36,37.22
516788,21.18,56.1,electronics,False,,66.34,66.36
516789,2.53,209.0,fragile,False,,17.03,17.03
516790,12.87,86.3,electronics,False,,42.92,42.92
516791,6.39,40.7,electronics,False,,21.2,21.21
516792,10.58,299.7,fragile,False,SAVE10,38.24,38.24
516793,8.63,103.5,electronics,True,,46.42,46.43
516794,14.16,161.8,clothing,False,,36.41,36.43
516795,3.75,199.4,standard,False,,17.47,17.49
516796,11.44,171.9,books,False,,26.9,29.19
516797,8.41,297.1,electronics,True,,74.8,74.8
516798,17.24,120.6,fragile,False,,50.85,50.85
516799,6.58,87.2,electronics,False,SAVE10,21.69,21.69
516800,8.92,204.9,clothing,False,SAVE10,25.28,25.29
516801,6.86,122.2,books,False,SAVE10,15.38,16.62
516802,23.51,93.1,clothing,True,SAVE10,59.39,59.39
516803,2.85,164.7,standard,False,,13.93,13.93
516804,5.1,200.0,books,False,,18.16,19.17
516805,21.97,172.5,food,True,SAVE10,63.38,63.38
516806,9.68,189.9,books,False,SAVE10,22.48,24.21
516807,18.88,164.4,fragile,False,,57.31,57.3
516808,2.44,37.4,clothing,False,,6.75,6.74
516809,3.96,129.5,books,False,,12.81,13.62
516810,15.28,21.5,electronics,False,,46.92,46.92
516811,4.55,291.3,books,False,SAVE10,19.66,20.46
516812,6.43,237.1,clothing,True,SAVE10,48.08,48.06
516813,9.44,42.4,food,False,,19.11,19.11
516814,15.77,151.5,standard,False,,39.12,39.13
516815,4.55,134.3,electronics,False,,20.36,20.37
516816,2.1,155.4,books,True,,31.67,32.1
516817,10.08,257.4,clothing,False,SAVE10,29.73,29.72
516818,17.02,160.5,electronics,False,,59.08,59.07
516819,20.28,261.5,electronics,False,,73.92,73.9
516820,14.4,76.5,books,False,SAVE10,24.18,26.75
516821,8.4,78.3,electronics,False,SAVE10,26.2,26.21
516822,23.18,161.1,electronics,True,,98.7,98.7
516823,8.17,105.6,electronics,True,,45.35,45.36
516824,19.31,61.1,standard,False,SAVE10,37.51,37.52
516825,19.16,216.9,books,False,,41.5,45.33
516826,16.69,12.8,electronics,False,,50.71,50.72
516827,13.48,116.5,clothing,False,,32.79,32.78
516828,5.62,125.9,books,False,,15.29,16.42
516829,14.4,264.7,fragile,False,,50.68,50.69
516830,0.72,142.4,clothing,False,,8.56,8.55
516831,23.78,135.6,clothing,False,,54.34,54.34
516832,13.36,181.6,clothing,True,,58.96,58.97
516833,12.23,68.7,standard,False,,27.9,27.88
516834,23.76,271.0,electronics,True,,116.93,116.94
516835,21.45,81.6,books,False,,38.4,42.7
516836,7.73,291.7,electronics,False,,37.78,37.76
516837,23.4,195.5,electronics,True,,104.52,104.51
516838,22.86,50.3,clothing,False,,48.24,48.22
516839,4.63,201.5,clothing,False,,19.34,19.34
516840,11.04,227.9,books,False,,29.06,31.25
516841,9.96,132.4,electronics,False,,36.5,36.51
516842,14.16,198.3,electronics,False,SAVE10,47.16,47.14
516843,16.48,236.2,books,True,,66.8,70.07
516844,10.42,296.5,standard,False,SAVE10,32.1,32.11
516845,16.75,52.0,clothing,False,SAVE10,32.49,32.49
516846,15.74,167.6,fragile,False,,49.3,49.32
516847,12.75,71.2,electronics,True,,53.93,53.95
516848,1.17,223.3,clothing,False,,13.5,13.5
516849,6.95,183.9,standard,False,SAVE10,20.79,20.77
516850,9.76,193.9,clothing,False,,29.22,29.21
516851,18.01,233.9,books,True,,68.9,72.5
516852,9.36,6.9,standard,True,,24.76,24.75
516853,6.72,96.5,fragile,True,,36.95,51.6
516854,1.51,284.9,food,False,,16.96,16.98
516855,17.87,250.3,books,False,,41.11,44.7
516856,9.56,39.3,standard,False,,21.08,21.08
516857,13.37,63.6,books,True,,35.93,38.62
516858,22.02,75.9,electronics,True,,82.44,82.43
516859,16.61,9.4,fragile,False,SAVE10,39.29,39.29
516860,6.51,25.8,books,True,,19.29,20.58
516861,7.35,121.9,fragile,False,,25.2,25.2
516862,15.76,100.7,electronics,False,,52.32,52.33
516863,20.82,262.9,standard,False,,54.78,54.78
516864,4.93,175.5,fragile,True,SAVE10,39.73,60.04
516865,10.72,160.2,books,True,,46.18,48.33
516866,5.56,195.9,clothing,False,,20.92,20.9
516867,3.41,174.8,standard,False,,15.56,15.57
516868,17.48,210.6,electronics,True,,89.03,89.02
516869,10.38,239.0,electronics,False,,43.09,43.08
516870,10.57,294.3,clothing,True,,70.29,70.29
516871,21.15,59.5,food,False,,41.04,41.06
516872,0.84,45.2,food,False,,3.77,3.76
516873,6.1,298.4,standard,False,,27.12,27.11
516874,1.82,14.0,electronics,False,,6.16,6.18
516875,0.99,42.3,standard,False,,4.1,4.08
516876,13.5,291.0,fragile,True,,83.75,117.87
516877,8.42,154.4,standard,False,,24.56,24.56
516878,17.15,78.3,standard,False,,38.21,38.22
516879,5.21,44.0,books,False,SAVE10,9.48,10.41
516880,3.67,138.6,electronics,False,,17.94,17.93
516881,18.49,132.1,standard,False,SAVE10,39.23,39.21
516882,1.75,110.5,books,True,,24.38,24.72
516883,14.0,26.9,standard,False,,29.34,29.35
516884,1.78,111.5,standard,False,SAVE10,8.22,8.24
516885,23.38,133.7,electronics,True,,95.2,95.2
516886,22.35,263.2,food,True,SAVE10,76.24,76.23
516887,1.88,211.3,food,False,,13.95,13.97
516888,23.6,296.0,standard,True,,96.6,96.61
516889,14.1,183.5,standard,False,,37.38,37.36
516890,18.62,247.6,clothing,True,,79.38,79.39
516891,21.16,246.2,food,False,,50.4,50.38
516892,11.6,97.2,clothing,False,,28.06,28.05
516893,11.73,192.6,books,True,,52.66,54.99
516894,8.69,247.2,food,True,,57.72,57.73
516895,15.54,215.7,clothing,True,,68.44,68.44
516896,1.27,25.9,fragile,False,,4.6,4.58
516897,17.25,131.5,food,False,,37.62,37.64
516898,18.45,22.3,food,True,,41.56,41.54
516899,17.44,214.6,books,False,,38.63,42.12
516900,15.68,285.7,food,False,,42.51,42.5
516901,8.39,296.3,fragile,True,SAVE10,64.13,95.3
516902,17.22,253.1,standard,False,,47.1,47.11
516903,9.95,235.1,food,True,SAVE10,52.36,52.37
516904,16.26,255.9,books,False,,38.81,42.06
516905,6.66,149.1,standard,False,,20.78,20.78
516906,6.99,180.5,books,False,,20.21,21.59
516907,16.45,174.0,food,False,,38.31,38.32
516908,4.71,121.3,clothing,False,,15.48,15.5
516909,20.93,110.9,fragile,False,,59.96,59.96
516910,20.6,292.6,books,False,,47.59,51.73
516911,14.03,252.7,electronics,True,SAVE10,76.5,76.51
516912,6.86,22.4,books,True,,19.34,20.72
516913,8.92,58.4,fragile,True,SAVE10,33.26,42.99
516914,4.14,279.6,electronics,False,,26.4,26.41
516915,18.77,118.6,electronics,True,,79.1,79.1
516916,23.93,238.8,clothing,False,SAVE10,53.82,53.83
516917,3.38,139.4,electronics,False,SAVE10,15.4,15.4
516918,2.26,123.6,books,False,,9.8,10.24
516919,11.13,98.5,fragile,False,,33.86,33.88
516920,24.31,23.7,fragile,False,,64.39,64.38
516921,5.58,245.7,food,True,,51.9,51.91
516922,5.52,83.8,fragile,True,SAVE10,28.73,40.78
516923,10.32,67.4,electronics,False,,34.33,34.31
516924,8.71,292.0,standard,False,,32.02,32.02
516925,7.01,162.5,food,False,,20.74,20.74
516926,14.58,279.9,clothing,True,,76.14,76.14
516927,3.15,137.5,books,False,,11.92,12.56
516928,2.7,60.8,books,False,,7.36,7.91
516929,12.56,237.6,books,False,SAVE10,28.78,31.03
516930,23.72,92.0,clothing,False,,52.04,52.05
516931,5.31,261.0,clothing,False,,23.67,23.69
516932,6.1,111.5,standard,False,,17.77,17.76
516933,6.04,98.7,fragile,False,,20.64,20.62
516934,2.57,121.1,electronics,False,,13.76,13.77
516935,2.89,157.1,books,True,,33.19,33.77
516936,8.31,153.2,food,False,,22.62,22.62
516937,7.5,127.7,fragile,True,,43.66,61.41
516938,14.9,189.8,electronics,False,,54.19,54.17
516939,4.51,55.7,clothing,True,,22.38,22.37
516940,22.79,291.5,clothing,False,,60.16,60.17
516941,14.45,114.0,clothing,False,SAVE10,31.14,31.15
516942,20.19,190.5,standard,False,,49.9,49.89
516943,3.61,277.4,clothing,True,SAVE10,48.45,48.46
516944,20.51,107.6,food,True,,58.06,58.04
516945,10.49,36.0,fragile,True,,37.67,46.29
516946,8.61,11.6,clothing,True,,23.96,23.96
516947,22.03,293.1,electronics,False,,80.74,80.76
516948,11.28,81.8,food,False,,24.39,24.4
516949,7.69,212.1,standard,False,,25.98,26.0
516950,10.31,235.4,electronics,False,,42.7,42.7
516951,14.97,29.9,standard,True,,39.43,39.44
516952,6.44,29.1,electronics,True,,28.68,28.68
516953,12.81,211.2,fragile,False,SAVE10,39.48,39.48
516954,8.54,131.4,food,False,,21.94,21.95
516955,3.62,105.8,electronics,False,,16.15,16.14
516956,1.2,29.7,electronics,False,,5.08,5.08
516957,20.68,256.8,clothing,False,SAVE10,48.78,48.8
516958,22.5,155.0,food,True,,68.75,68.73
516959,7.47,144.3,fragile,False,,26.64,26.63
516960,19.21,267.1,standard,False,,51.78,51.76
516961,10.48,244.7,clothing,False,SAVE10,29.88,29.89
516962,9.09,133.7,food,False,,23.05,23.04
516963,7.53,108.7,standard,False,,20.5,20.5
516964,8.58,96.3,fragile,False,,27.12,27.11
516965,9.19,164.4,books,True,,44.36,46.21
516966,3.4,90.9,food,False,,10.66,10.68
516967,20.66,87.2,fragile,False,,58.08,58.06
516968,10.89,35.1,standard,True,,32.04,32.04
516969,5.22,109.2,food,False,,14.86,14.87
516970,10.6,251.1,electronics,False,,44.36,44.34
516971,12.18,34.7,standard,False,,26.1,26.11
516972,18.87,230.1,food,False,,45.47,45.47
516973,4.47,204.3,standard,True,,44.59,44.59
516974,12.74,279.9,standard,False,,39.48,39.46
516975,19.23,36.2,books,True,,41.2,45.03
516976,20.45,226.6,food,False,,48.14,48.16
516977,4.2,84.0,fragile,True,,28.52,41.94
516978,9.44,193.8,fragile,False,,34.23,34.22
516979,17.71,223.4,food,False,,43.05,43.06
516980,8.79,20.5,electronics,False,SAVE10,24.66,24.66
516981,16.68,69.2,clothing,False,,36.82,36.81
516982,6.93,46.3,clothing,False,,16.18,16.18
516983,8.43,45.6,standard,False,,19.14,19.15
516984,2.33,188.2,clothing,False,,14.07,14.06
516985,16.25,76.8,electronics,False,SAVE10,47.33,47.33
516986,7.69,190.3,standard,False,SAVE10,22.41,22.41
516987,2.63,31.0,clothing,False,,6.81,6.8
516988,6.93,37.1,food,False,,14.33,14.33
516989,4.91,67.0,food,False,,12.19,12.2
516990,9.66,297.0,food,True,,66.94,66.94
516991,23.88,263.7,fragile,False,,75.27,75.27
516992,23.01,58.8,clothing,True,,59.84,59.85
516993,21.04,120.9,clothing,True,,65.22,65.23
516994,20.11,177.9,books,True,SAVE10,57.47,61.1
516995,22.68,86.4,food,True,,58.78,58.79
516996,4.64,108.3,electronics,True,SAVE10,31.65,31.63
516997,12.71,156.9,food,True,,51.41,51.41
516998,19.74,195.8,food,False,,45.32,45.34
516999,23.53,142.0,electronics,True,SAVE10,87.2,87.2
517000,15.46,52.0,clothing,False,,33.52,33.52
517001,3.81,154.2,fragile,False,,17.62,17.6
517002,9.02,262.8,electronics,False,,40.2,40.19
517003,5.11,97.3,fragile,False,,18.15,18.15
517004,19.27,86.0,electronics,False,SAVE10,55.9,55.88
517005,20.2,46.3,food,True,SAVE10,43.47,43.47
517006,10.2,173.7,clothing,False,SAVE10,26.18,26.19
517007,0.52,56.7,fragile,False,,4.19,4.2
517008,23.12,275.1,books,False,,50.75,55.38
517009,22.06,234.8,food,False,,51.45,51.44
517010,23.27,210.2,fragile,False,,71.01,71.01
517011,18.8,60.3,food,True,,47.89,47.87
517012,24.74,57.7,books,True,,53.24,58.19
517013,7.19,277.4,clothing,False,,28.25,28.26
517014,3.59,17.9,fragile,False,SAVE10,9.21,9.22
517015,20.91,93.1,standard,False,,46.48,46.49
517016,20.45,234.0,food,False,,48.51,48.52
517017,7.03,129.8,books,False,SAVE10,15.96,17.23
517018,15.2,231.7,books,False,,35.9,38.93
517019,2.77,97.9,books,False,,9.33,9.87
517020,4.11,274.0,books,False,,20.28,21.09
517021,24.29,85.8,standard,False,SAVE10,47.58,47.57
517022,21.87,94.3,books,False,,39.71,44.09
517023,4.75,37.1,food,False,,10.4,10.41
517024,16.5,13.8,electronics,False,,50.19,50.2
517025,17.92,98.7,electronics,True,,73.57,73.56
517026,13.49,17.2,electronics,False,,41.33,41.34
517027,12.78,240.6,clothing,False,,37.59,37.59
517028,17.18,300.0,standard,False,,49.36,49.38
517029,1.15,117.2,standard,True,SAVE10,22.39,22.4
517030,24.13,234.0,books,False,,50.31,55.13
517031,15.44,200.0,books,True,,59.7,62.81
517032,12.19,27.9,books,True,SAVE10,25.82,28.02
517033,7.38,25.3,food,True,,22.08,22.07
517034,7.2,174.0,standard,False,,23.1,23.09
517035,15.61,29.5,fragile,False,SAVE10,37.85,37.84
517036,5.22,221.9,food,False,,20.49,20.49
517037,17.67,258.8,electronics,False,SAVE10,59.36,59.37
517038,2.6,290.8,clothing,False,,19.74,19.74
517039,9.96,43.2,food,False,,20.09,20.1
517040,7.43,196.3,electronics,True,,56.74,56.74
517041,0.55,253.0,fragile,True,,44.38,74.68
517042,17.55,199.3,electronics,True,,87.55,87.53
517043,22.27,49.0,electronics,True,SAVE10,71.24,71.24
517044,10.01,88.5,books,False,,20.44,22.46
517045,6.4,67.7,fragile,True,,31.8,43.55
517046,16.59,222.4,clothing,True,SAVE10,64.39,64.39
517047,3.28,227.9,standard,False,,17.96,17.94
517048,21.36,109.1,electronics,False,SAVE10,62.58,62.57
517049,12.89,103.0,fragile,True,SAVE10,48.57,62.32
517050,17.18,283.3,standard,False,,48.52,48.51
517051,8.0,288.6,clothing,False,SAVE10,27.39,27.37
517052,13.41,249.5,standard,True,,69.24,69.25
517053,14.37,124.3,books,False,,29.21,32.09
517054,15.72,189.8,clothing,False,,40.93,40.92
517055,19.88,25.4,clothing,False,,41.03,41.02
517056,11.06,231.9,fragile,False,,40.35,40.34
517057,11.07,101.1,books,False,,22.77,24.97
517058,10.99,35.7,fragile,False,,30.36,30.37
517059,1.47,166.5,fragile,True,SAVE10,30.42,49.89
517060,9.58,128.7,food,False,,23.68,23.66
517061,23.22,36.4,fragile,True,,70.83,79.46
517062,17.16,42.0,books,False,,29.56,32.97
517063,9.66,265.4,standard,True,SAVE10,57.72,57.72
517064,20.58,150.8,food,False,,44.58,44.57
517065,7.21,72.6,fragile,False,SAVE10,20.14,20.14
517066,10.7,75.3,electronics,False,SAVE10,32.28,32.29
517067,7.6,199.3,fragile,True,,54.66,79.57
517068,10.49,221.9,electronics,True,SAVE10,62.78,62.78
517069,3.92,23.1,clothing,True,,16.3,16.3
517070,14.54,22.6,food,False,,27.3,27.28
517071,3.95,112.8,electronics,True,,33.77,33.77
517072,11.59,133.7,books,False,,25.23,27.56
517073,19.15,105.4,electronics,False,,62.72,62.71
517074,22.46,256.2,books,False,,48.75,53.22
517075,16.68,27.4,fragile,False,,44.74,44.74
517076,9.85,144.5,fragile,False,,32.84,32.83
517077,5.48,221.1,books,False,,19.82,20.91
517078,7.36,5.9,food,False,,13.54,13.56
517079,7.15,181.8,standard,False,,23.39,23.4
517080,16.79,164.9,standard,False,,41.82,41.81
517081,19.31,60.2,standard,False,,41.63,41.62
517082,4.0,184.4,standard,False,,17.22,17.23
517083,11.63,70.0,books,False,,22.11,24.44
517084,19.07,260.0,fragile,True,,93.58,124.57
517085,17.6,225.9,electronics,False,,64.1,64.11
517086,3.16,84.3,fragile,True,,25.86,39.31
517087,14.56,226.2,clothing,False,SAVE10,36.39,36.37
517088,23.4,257.9,clothing,False,,59.69,59.71
517089,21.51,39.0,standard,True,,53.87,53.88
517090,6.3,211.6,food,False,,21.92,21.93
517091,21.1,140.4,fragile,True,,80.92,99.95
517092,24.61,269.5,food,False,SAVE10,52.0,51.99
517093,23.39,237.9,electronics,False,,82.06,82.07
517094,21.78,260.2,electronics,False,,78.35,78.36
517095,3.46,47.6,electronics,False,,12.76,12.75
517096,11.15,108.6,books,False,,23.27,25.52
517097,16.63,230.5,books,True,,66.18,69.51
517098,21.78,209.2,electronics,False,,75.8,75.79
517099,20.85,62.7,standard,False,,44.84,44.85
517100,10.62,100.3,food,False,,24.13,24.14
517101,9.22,32.1,books,False,SAVE10,14.72,16.38
517102,17.65,76.2,clothing,False,,39.11,39.11
517103,7.26,128.2,standard,False,,20.93,20.95
517104,10.8,112.8,food,False,SAVE10,22.57,22.58
517105,21.39,33.1,books,True,,44.19,48.48
517106,7.37,84.7,fragile,True,,36.87,50.32
517107,21.29,197.7,clothing,True,,77.24,77.22
517108,1.91,68.2,food,False,SAVE10,6.16,6.15
517109,2.62,193.4,standard,False,SAVE10,13.42,13.44
517110,9.41,280.3,clothing,False,,32.84,32.84
517111,17.15,201.3,food,True,SAVE10,59.46,59.45
517112,5.96,218.4,books,False,,20.46,21.66
517113,24.05,291.9,books,True,SAVE10,78.54,82.85
517114,15.15,259.2,standard,False,,43.26,43.27
517115,2.43,126.6,fragile,False,,12.65,12.65
517116,6.26,62.2,electronics,False,,21.89,21.91
517117,21.56,266.3,standard,False,,56.44,56.43
517118,3.25,86.2,standard,True,,24.43,24.44
517119,1.1,123.6,fragile,False,,9.04,9.04
517120,6.56,93.6,standard,False,,17.8,17.8
517121,1.18,140.8,electronics,True,,29.66,29.64
517122,5.44,244.7,clothing,True,SAVE10,47.33,47.31
517123,12.5,145.9,food,True,,49.39,49.37
517124,20.83,271.4,electronics,True,,108.2,108.19
517125,11.71,170.5,clothing,True,,54.0,53.99
517126,14.1,139.7,food,False,,32.36,32.37
517127,3.32,215.8,electronics,True,,47.33,47.33
517128,8.96,38.3,electronics,True,,37.62,37.63
517129,16.44,264.7,standard,True,,77.59,77.57
517130,12.3,212.4,fragile,True,,68.84,95.09
517131,23.51,288.6,food,True,,90.61,90.59
517132,10.75,66.3,books,True,,32.14,34.31
517133,23.13,23.3,fragile,False,,61.3,61.32
517134,5.65,104.1,standard,False,SAVE10,14.85,14.85
517135,17.11,14.0,fragile,False,,45.19,45.17
517136,19.35,164.7,standard,False,,46.94,46.92
517137,24.16,38.8,books,True,,49.48,54.32
517138,4.71,146.9,electronics,False,,21.48,21.48
517139,15.66,13.8,fragile,True,,47.79,54.18
517140,23.29,188.4,food,True,,75.18,75.19
517141,12.72,159.4,electronics,True,,67.07,67.08
517142,24.59,198.9,food,False,SAVE10,48.79,48.77
517143,22.69,210.1,electronics,False,,78.58,78.58
517144,7.75,265.4,food,False,,27.22,27.23
517145,12.43,246.4,books,False,,32.21,34.7
517146,8.45,275.7,electronics,False,,39.14,39.13
517147,20.25,132.2,electronics,False,,67.36,67.34
517148,1.84,214.4,clothing,True,SAVE10,36.76,36.74
517149,17.36,114.9,books,True,SAVE10,45.01,48.14
517150,0.61,227.9,electronics,False,,13.23,13.23
517151,1.87,12.2,electronics,True,SAVE10,11.2,11.19
517152,19.57,162.5,clothing,False,,47.26,47.26
517153,5.72,91.9,books,False,,13.75,14.87
517154,14.47,68.9,fragile,False,SAVE10,36.96,36.97
517155,22.86,250.4,electronics,False,,81.1,81.09
517156,4.84,147.8,fragile,True,SAVE10,35.78,53.6
517157,10.15,42.0,standard,False,SAVE10,20.16,20.18
517158,19.55,71.1,electronics,True,SAVE10,66.88,66.87
517159,15.58,233.9,clothing,True,SAVE10,64.12,64.11
517160,15.82,298.5,clothing,False,,46.56,46.58
517161,5.2,164.8,electronics,True,,45.32,45.34
517162,13.36,257.1,food,False,,36.9,36.89
517163,21.07,256.5,fragile,False,SAVE10,60.85,60.83
517164,13.39,276.9,standard,False,SAVE10,36.56,36.55
517165,16.17,298.9,standard,True,,82.18,82.19
517166,17.61,173.0,clothing,False,,43.87,43.87
517167,9.46,70.8,fragile,False,,28.14,28.15
517168,13.14,102.7,books,False,,26.16,28.78
517169,9.23,255.3,clothing,False,,31.22,31.21
517170,7.26,170.1,books,False,SAVE10,18.11,19.41
517171,2.34,146.4,clothing,False,,12.0,11.99
517172,22.23,154.1,clothing,True,SAVE10,65.32,65.31
517173,8.91,246.2,books,True,,56.19,57.97
517174,17.94,59.5,fragile,True,,60.57,71.53
517175,5.55,198.9,clothing,False,,21.04,21.05
517176,15.11,52.0,fragile,False,,41.89,41.88
517177,18.68,147.7,standard,False,SAVE10,40.27,40.25
517178,17.59,254.4,clothing,False,,47.9,47.92
517179,12.16,226.1,clothing,False,SAVE10,32.06,32.06
517180,24.7,200.9,books,False,SAVE10,44.61,49.04
517181,4.23,58.8,clothing,False,,11.4,11.39
517182,18.71,177.9,standard,False,,46.32,46.32
517183,3.47,212.8,clothing,False,,17.58,17.57
517184,12.79,264.3,food,False,,36.24,36.25
517185,0.65,13.4,electronics,True,,8.96,8.96
517186,2.02,55.4,books,False,,6.0,6.39
517187,22.58,26.0,electronics,True,,76.64,76.63
517188,18.67,84.2,standard,False,,41.55,41.53
517189,1.43,100.6,standard,True,SAVE10,20.66,20.65
517190,2.55,132.9,food,True,,29.52,29.51
517191,3.1,167.4,clothing,False,SAVE10,13.11,13.1
517192,21.14,94.9,clothing,False,,47.02,47.01
517193,12.22,43.8,fragile,False,,33.96,33.98
517194,20.93,156.4,standard,False,,49.68,49.7
517195,15.25,291.5,books,False,SAVE10,35.08,37.84
517196,19.31,93.6,standard,False,,43.3,43.31
517197,3.71,24.9,clothing,False,SAVE10,7.8,7.78
517198,18.16,195.4,fragile,False,,56.99,56.97
517199,7.75,26.6,clothing,False,,16.83,16.84
517200,16.1,111.0,fragile,True,,63.51,79.61
517201,4.23,101.0,standard,True,,28.61,28.61
517202,8.56,297.2,clothing,False,,31.98,31.98
517203,20.13,124.8,clothing,True,,63.98,63.99
517204,2.35,17.5,clothing,False,SAVE10,5.02,5.01
517205,4.28,82.7,standard,False,,12.7,12.7
517206,7.5,130.8,standard,True,,39.62,39.61
517207,5.65,299.3,fragile,False,,29.66,29.64
517208,20.84,282.4,food,True,SAVE10,76.38,76.38
517209,22.01,243.0,electronics,False,,78.18,78.16
517210,20.82,216.3,food,False,,48.29,48.3
517211,11.21,182.1,electronics,False,,42.74,42.72
517212,15.99,80.9,electronics,False,,52.02,52.03
517213,14.49,275.1,fragile,False,SAVE10,46.29,46.29
517214,16.22,87.2,fragile,False,,46.53,46.51
517215,15.55,86.0,food,False,,32.29,32.3
517216,23.11,219.6,fragile,False,,71.07,71.07
517217,16.42,150.9,food,False,SAVE10,33.39,33.39
517218,1.28,24.1,standard,False,,3.76,3.75
517219,18.9,138.9,books,False,,37.18,40.97
517220,14.14,215.0,food,False,,36.2,36.19
517221,19.77,7.6,clothing,False,,39.92,39.94
517222,8.75,188.7,clothing,False,,26.94,26.93
517223,5.59,235.7,clothing,False,SAVE10,20.67,20.67
517224,12.91,19.0,standard,True,,33.67,33.66
517225,6.06,277.2,fragile,True,,62.34,95.06
517226,14.94,149.7,food,False,,34.38,34.39
517227,13.83,57.9,electronics,True,,55.18,55.18
517228,17.42,19.4,fragile,False,SAVE10,41.64,41.64
517229,1.11,13.7,fragile,True,,9.94,16.33
517230,19.79,295.7,food,False,,50.41,50.4
517231,3.47,115.1,electronics,False,,16.16,16.18
517232,12.14,229.0,clothing,True,,63.63,63.64
517233,10.74,277.3,fragile,True,,74.52,107.26
517234,24.52,93.3,food,False,,48.8,48.82
517235,20.03,110.7,electronics,False,SAVE10,59.06,59.06
517236,22.87,113.9,fragile,False,,65.16,65.17
517237,7.06,119.4,clothing,False,,20.09,20.07
517238,12.78,290.5,clothing,True,,74.13,74.15
517239,21.93,205.5,electronics,False,SAVE10,68.46,68.48
517240,21.49,193.2,electronics,True,SAVE10,88.6,88.6
517241,15.02,228.7,electronics,False,,56.5,56.49
517242,12.82,222.9,books,False,,31.66,34.23
517243,6.68,162.7,food,False,,20.16,20.17
517244,13.46,87.4,standard,False,,31.29,31.28
517245,21.7,72.7,standard,False,,47.04,47.02
517246,18.12,112.4,standard,False,,41.86,41.86
517247,20.62,152.5,standard,False,,48.86,48.87
517248,15.31,122.9,electronics,False,,52.08,52.06
517249,2.87,74.2,books,False,,8.3,8.89
517250,5.07,299.6,fragile,False,,28.16,28.18
517251,10.81,295.6,food,False,,34.24,34.26
517252,22.28,17.2,electronics,False,,67.7,67.69
517253,12.19,70.9,books,False,,23.05,25.47
517254,23.47,138.0,fragile,True,,86.72,105.53
517255,12.2,177.3,food,True,,53.56,53.54
517256,18.45,268.1,fragile,False,SAVE10,55.24,55.25
517257,17.47,21.7,books,False,,29.04,32.52
517258,0.8,72.7,clothing,True,,17.5,17.5
517259,11.12,117.0,fragile,False,,34.76,34.75
517260,14.53,170.8,clothing,False,,37.6,37.6
517261,24.59,246.4,standard,False,,61.5,61.49
517262,20.5,98.7,clothing,False,,45.94,45.92
517263,6.33,69.3,books,True,SAVE10,22.97,24.1
517264,7.73,35.1,fragile,False,,21.85,21.87
517265,12.46,220.8,electronics,False,,48.42,48.41
517266,9.33,280.7,standard,True,,65.76,65.75
517267,9.45,191.0,fragile,True,,58.22,82.31
517268,14.38,124.6,food,False,,32.11,32.11
517269,1.66,14.1,standard,True,,10.44,10.45
517270,11.0,234.6,fragile,True,,68.79,97.24
517271,2.27,220.9,clothing,True,,42.68,42.66
517272,0.89,46.1,electronics,True,,14.58,14.59
517273,21.36,154.0,standard,False,,50.42,50.41
517274,1.99,129.2,books,True,,27.56,27.97
517275,16.6,160.4,fragile,False,,51.18,51.19
517276,19.41,236.1,standard,False,SAVE10,45.56,45.55
517277,2.51,281.5,clothing,False,SAVE10,17.19,17.19
517278,2.43,240.3,books,False,,15.9,16.37
517279,1.22,218.5,standard,True,,40.22,40.22
517280,21.94,191.6,electronics,False,,75.4,75.39
517281,12.2,132.8,books,False,,26.16,28.62
517282,4.16,81.6,clothing,False,,12.4,12.42
517283,24.48,229.5,books,True,,78.59,83.5
517284,15.56,266.6,electronics,True,,91.67,91.68
517285,22.16,163.8,clothing,False,,52.51,52.5
517286,2.9,161.7,fragile,True,SAVE10,33.12,52.17
517287,14.79,289.3,books,True,,72.06,75.04
517288,19.05,146.2,electronics,False,,64.46,64.46
517289,11.39,134.2,clothing,False,,29.49,29.48
517290,12.63,117.8,food,True,,45.4,45.39
517291,1.77,27.6,fragile,False,SAVE10,5.38,5.39
517292,5.74,207.5,books,False,,19.56,20.7
517293,6.79,66.2,electronics,False,SAVE10,21.31,21.31
517294,11.33,132.6,clothing,False,,29.29,29.28
517295,0.87,252.1,books,False,,14.0,14.18
517296,2.64,31.2,food,True,,14.43,14.42
517297,14.93,150.3,electronics,False,,52.3,52.3
517298,24.64,85.6,books,False,SAVE10,39.33,43.75
517299,6.8,255.9,food,False,,25.04,25.03
517300,13.43,79.9,standard,False,,30.86,30.85
517301,12.67,261.4,electronics,False,,51.08,51.08
517302,19.42,22.0,clothing,False,,39.94,39.96
517303,13.55,169.0,books,True,,52.03,54.73
517304,13.02,275.4,books,True,,67.14,69.75
517305,1.51,217.8,books,False,,13.31,13.62
517306,0.87,292.1,fragile,True,,51.08,85.29
517307,11.37,58.2,clothing,False,SAVE10,23.08,23.08
517308,3.52,60.9,clothing,True,SAVE10,19.06,19.05
517309,8.33,118.8,standard,False,,22.6,22.59
517310,4.16,202.3,electronics,True,,47.82,47.82
517311,19.92,284.2,books,False,,46.08,50.09
517312,7.67,210.3,clothing,False,,25.86,25.86
517313,16.4,241.7,standard,False,,44.88,44.9
517314,15.01,180.4,food,True,,59.08,59.08
517315,17.64,285.2,books,False,,42.48,46.03
517316,7.17,56.1,fragile,False,,21.45,21.46
517317,4.45,98.9,standard,True,,28.74,28.75
517318,21.82,66.1,books,False,,38.22,42.56
517319,12.58,91.5,standard,True,,43.88,43.87
517320,18.05,158.5,electronics,False,SAVE10,55.87,55.89
517321,11.37,162.0,books,False,,26.29,28.58
517322,1.15,298.7,standard,False,,17.24,17.24
517323,3.51,150.1,clothing,False,,14.52,14.53
517324,4.11,30.8,books,False,,8.12,8.94
517325,1.28,144.7,standard,True,,29.26,29.26
517326,18.04,240.1,food,False,,44.48,44.48
517327,24.02,233.2,standard,False,,59.7,59.69
517328,10.38,30.8,standard,False,,22.3,22.29
517329,24.28,14.3,food,True,SAVE10,45.76,45.77
517330,3.24,33.1,standard,True,,16.44,16.44
517331,9.05,243.6,fragile,True,SAVE10,58.56,84.98
517332,15.24,56.9,books,False,,27.23,30.27
517333,16.32,10.3,clothing,False,,33.16,33.17
517334,1.2,76.0,clothing,True,,18.8,18.81
517335,22.42,278.0,fragile,False,,72.19,72.21
517336,24.87,64.3,electronics,False,SAVE10,70.04,70.05
517337,7.73,195.4,fragile,True,,54.41,78.95
517338,7.75,287.1,electronics,False,,37.61,37.61
517339,15.97,164.3,food,True,,58.39,58.39
517340,10.75,99.1,food,False,,24.3,24.3
517341,13.26,253.7,standard,False,,39.2,39.2
517342,21.66,115.9,electronics,False,,70.78,70.77
517343,16.25,177.5,electronics,False,,57.62,57.63
517344,3.39,175.4,standard,True,,38.09,38.1
517345,8.58,287.1,standard,False,SAVE10,28.36,28.37
517346,21.68,282.0,standard,False,,57.46,57.47
517347,23.36,84.6,books,False,,41.61,46.29
517348,8.03,48.7,books,True,SAVE10,22.64,24.08
517349,2.4,252.4,electronics,False,SAVE10,17.84,17.83
517350,19.66,34.5,fragile,True,SAVE10,55.16,62.75
517351,5.84,43.7,electronics,True,,29.08,29.08
517352,6.03,16.9,clothing,False,,12.9,12.91
517353,10.59,290.0,food,False,SAVE10,30.21,30.22
517354,2.53,266.9,books,False,SAVE10,15.65,16.09
517355,17.11,25.0,fragile,False,,45.74,45.72
517356,21.51,78.6,electronics,False,SAVE10,61.61,61.62
517357,8.75,132.7,food,False,,22.38,22.39
517358,16.99,253.1,food,False,,43.24,43.24
517359,3.76,254.7,books,False,,18.75,19.52
517360,9.3,95.2,fragile,False,,28.94,28.95
517361,4.3,124.0,books,False,,13.08,13.93
517362,3.06,144.9,electronics,False,SAVE10,14.78,14.8
517363,7.24,30.4,fragile,False,,20.34,20.34
517364,9.52,271.9,standard,False,SAVE10,29.37,29.39
517365,1.07,67.3,books,False,,5.08,5.3
517366,16.22,110.5,standard,False,,37.96,37.95
517367,16.27,88.1,clothing,False,,36.94,36.96
517368,7.55,248.0,electronics,False,SAVE10,31.54,31.55
517369,11.13,152.1,fragile,False,,36.54,36.53
517370,7.17,277.6,standard,False,,28.22,28.21
517371,2.99,69.3,food,False,SAVE10,7.96,7.95
517372,23.86,28.8,fragile,True,,71.36,79.24
517373,23.33,203.6,fragile,False,,70.84,70.83
517374,11.77,296.3,food,False,,36.0,35.99
517375,20.58,155.0,standard,False,,48.91,48.9
517376,12.93,249.5,fragile,False,,46.09,46.09
517377,23.96,199.5,fragile,True,,97.22,122.16
517378,15.51,5.1,standard,False,SAVE10,28.15,28.14
517379,21.56,175.4,fragile,False,SAVE10,58.34,58.35
517380,14.22,131.5,fragile,False,,43.55,43.54
517381,14.21,148.6,books,False,,30.17,32.99
517382,15.85,42.7,fragile,False,SAVE10,39.01,39.0
517383,21.08,20.6,fragile,False,,55.84,55.83
517384,3.52,115.5,books,False,,11.41,12.12
517385,18.02,22.9,books,False,,29.98,33.59
517386,18.01,14.3,books,False,SAVE10,26.58,29.81
517387,24.97,140.9,fragile,True,,91.06,110.13
517388,9.14,73.9,clothing,False,,21.98,21.99
517389,17.36,46.0,food,True,,43.15,43.16
517390,9.57,270.8,clothing,False,,32.68,32.67
517391,15.04,17.8,fragile,False,SAVE10,35.99,35.98
517392,0.69,164.1,food,True,,30.86,30.86
517393,20.62,188.2,clothing,False,,50.65,50.65
517394,5.15,37.2,books,True,SAVE10,16.94,17.87
517395,12.46,130.1,books,False,,26.44,28.95
517396,4.48,197.9,food,False,,17.96,17.94
517397,23.64,164.2,standard,True,,76.91,76.92
517398,18.24,82.8,standard,False,,40.62,40.63
517399,21.61,40.3,fragile,False,SAVE10,52.38,52.37
517400,19.06,241.2,food,False,SAVE10,41.73,41.73
517401,22.5,260.8,electronics,False,,80.54,80.53
517402,16.55,93.0,fragile,False,,47.68,47.7
517403,2.54,11.2,books,False,,4.62,5.14
517404,2.24,91.2,food,True,,22.71,22.72
517405,18.87,109.5,fragile,False,SAVE10,49.08,49.09
517406,7.56,290.9,standard,False,,29.66,29.67
517407,18.02,57.4,food,False,,35.31,35.29
517408,11.16,142.2,clothing,True,,48.65,48.64
517409,21.4,21.6,clothing,False,,43.88,43.9
517410,8.81,82.7,food,True,,33.26,33.25
517411,2.73,157.2,standard,False,,13.32,13.31
517412,21.02,246.9,books,True,,75.67,79.88
517413,7.88,250.3,fragile,False,,33.0,33.02
517414,10.22,298.7,food,False,,33.33,33.35
517415,19.51,38.2,electronics,False,SAVE10,54.4,54.4
517416,6.65,86.4,clothing,False,,17.62,17.64
517417,23.51,258.4,electronics,False,,83.45,83.45
517418,1.2,40.5,standard,False,,4.42,4.44
517419,19.14,110.6,books,False,SAVE10,32.54,35.98
517420,21.4,285.6,clothing,False,,57.08,57.07
517421,15.76,292.1,standard,True,,80.34,80.32
517422,5.27,17.6,standard,False,,11.42,11.42
517423,3.07,225.9,electronics,False,,20.51,20.51
517424,19.39,207.7,clothing,True,,74.94,74.93
517425,18.39,263.5,fragile,False,SAVE10,54.89,54.88
517426,19.62,68.4,clothing,True,,54.5,54.51
517427,24.44,17.6,fragile,False,,64.42,64.41
517428,15.32,237.3,electronics,False,,57.82,57.82
517429,23.71,279.4,books,False,,51.91,56.64
517430,24.64,19.0,food,True,SAVE10,46.98,47.0
517431,14.92,230.2,food,False,,38.37,38.37
517432,19.44,247.6,food,True,,77.13,77.11
517433,4.52,286.5,fragile,False,SAVE10,23.47,23.46
517434,24.97,171.9,fragile,False,,73.52,73.53
517435,12.66,11.2,electronics,True,SAVE10,40.19,40.19
517436,12.79,123.3,food,False,,29.19,29.18
517437,17.3,284.0,books,False,,41.88,45.33
517438,21.47,224.9,clothing,False,,54.18,54.2
517439,7.29,58.4,books,False,SAVE10,13.13,14.44
517440,18.93,205.2,standard,False,,48.12,48.14
517441,20.89,298.8,standard,True,,91.6,91.58
517442,10.21,43.1,fragile,False,,28.7,28.71
517443,11.26,26.1,fragile,True,SAVE10,34.37,41.22
517444,22.11,194.0,food,True,,73.9,73.89
517445,8.69,177.2,food,False,,24.5,24.5
517446,20.25,152.8,fragile,False,,60.29,60.3
517447,22.31,129.0,standard,False,,51.07,51.06
517448,9.42,8.3,clothing,True,,25.08,25.08
517449,8.24,150.8,fragile,False,,28.96,28.98
517450,5.09,203.3,fragile,True,SAVE10,43.86,66.65
517451,5.44,234.2,books,False,SAVE10,18.37,19.37
517452,21.6,23.3,books,False,SAVE10,32.15,36.06
517453,7.34,150.5,food,True,SAVE10,36.71,36.71
517454,7.11,127.0,clothing,False,,20.57,20.56
517455,16.45,47.7,electronics,False,,51.73,51.74
517456,7.44,152.5,food,False,,21.02,21.04
517457,7.42,275.8,books,False,SAVE10,23.1,24.42
517458,23.31,147.8,books,False,,44.69,49.34
517459,24.75,70.6,clothing,False,,53.03,53.04
517460,19.2,205.3,fragile,False,,60.18,60.17
517461,19.73,8.6,fragile,True,,57.59,63.45
517462,9.65,224.3,standard,True,,57.95,57.94
517463,9.06,137.7,standard,False,,25.01,25.0
517464,20.55,58.0,books,True,,46.58,50.69
517465,13.39,170.6,food,False,SAVE10,29.37,29.35
517466,5.64,259.7,food,False,,23.14,23.15
517467,8.48,206.1,books,True,,49.48,51.17
517468,18.32,251.5,standard,True,,79.37,79.37
517469,9.99,94.2,food,False,,22.69,22.71
517470,20.34,240.9,food,False,,48.66,48.66
517471,5.96,43.4,fragile,False,,17.67,17.65
517472,0.55,50.3,clothing,False,,3.62,3.63
517473,4.01,56.2,fragile,True,,23.86,34.46
517474,3.12,70.4,food,True,,21.18,21.16
517475,5.12,170.2,fragile,False,SAVE10,19.64,19.62
517476,24.45,72.9,standard,True,,64.84,64.83
517477,16.48,284.5,standard,True,,80.64,80.64
517478,11.12,152.8,food,True,,47.94,47.93
517479,3.99,55.4,electronics,False,,14.74,14.75
517480,20.34,176.9,fragile,False,,61.73,61.72
517481,16.15,72.7,electronics,False,,52.08,52.07
517482,6.93,209.3,food,False,SAVE10,20.65,20.63
517483,12.24,203.0,food,False,,32.18,32.2
517484,21.27,238.8,electronics,False,SAVE10,68.18,68.19
517485,24.05,53.3,electronics,True,,85.15,85.14
517486,23.8,122.3,books,False,,44.2,48.95
517487,14.84,171.0,clothing,True,SAVE10,54.3,54.3
517488,13.48,26.2,standard,False,,28.27,28.27
517489,10.78,180.2,clothing,False,,30.57,30.58
517490,0.69,55.2,electronics,True,,15.35,15.34
517491,7.73,148.5,clothing,True,,42.74,42.73
517492,20.73,165.8,clothing,True,,71.33,71.34
517493,9.32,34.3,books,False,,16.63,18.5
517494,16.6,35.8,standard,False,SAVE10,31.49,31.51
517495,24.54,59.1,standard,False,,52.04,52.04
517496,19.93,122.4,fragile,False,SAVE10,52.14,52.14
517497,8.27,152.0,standard,False,SAVE10,21.73,21.74
517498,6.31,221.9,fragile,False,,27.5,27.5
517499,23.17,74.7,books,False,,40.81,45.45
517500,5.68,184.4,fragile,True,,47.43,70.87
517501,17.99,158.3,fragile,False,,54.69,54.68
517502,16.14,150.8,books,False,,33.36,36.6
517503,14.3,64.9,food,False,SAVE10,26.09,26.08
517504,8.12,200.1,clothing,False,,26.24,26.24
517505,24.37,129.0,books,False,,45.44,50.32
517506,19.37,201.6,standard,True,SAVE10,66.58,66.56
517507,10.6,253.4,clothing,True,,64.21,64.21
517508,4.54,99.6,food,False,,13.15,13.16
517509,10.5,165.1,electronics,False,,39.76,39.75
517510,1.6,236.4,clothing,False,,15.02,15.0
517511,5.05,233.7,books,False,,19.76,20.78
517512,6.33,228.0,food,True,,50.59,50.59
517513,4.33,80.4,fragile,True,,28.32,41.37
517514,13.64,285.2,clothing,False,SAVE10,37.39,37.38
517515,4.05,192.3,electronics,False,,21.76,21.77
517516,2.71,130.2,standard,False,,11.93,11.92
517517,2.2,230.3,clothing,False,,15.92,15.93
517518,22.17,193.2,electronics,False,,76.17,76.15
517519,2.45,138.9,standard,False,,11.84,11.83
517520,24.01,70.2,clothing,False,,51.53,51.55
517521,23.27,156.3,fragile,False,,68.32,68.31
517522,13.01,130.4,books,False,SAVE10,24.6,26.94
517523,22.2,225.7,books,True,SAVE10,66.94,70.95
517524,1.06,212.1,fragile,False,,13.36,13.36
517525,18.97,171.2,fragile,False,,57.88,57.89
517526,13.5,68.2,clothing,True,,42.23,42.22
517527,15.49,22.8,books,False,SAVE10,23.33,26.13
517528,25.0,231.2,books,False,,51.56,56.57
517529,4.43,60.6,clothing,True,,22.95,22.96
517530,8.06,234.0,standard,False,SAVE10,25.04,25.06
517531,17.33,66.4,food,True,SAVE10,41.54,41.52
517532,4.92,109.7,books,False,,13.36,14.33
517533,23.05,119.3,books,False,,42.84,47.44
517534,4.49,12.9,standard,False,,9.62,9.62
517535,10.13,53.2,standard,False,,22.92,22.91
517536,18.84,206.0,food,True,,69.81,69.82
517537,21.76,65.4,food,True,SAVE10,48.58,48.57
517538,19.81,93.4,standard,False,,44.29,44.27
517539,20.56,76.2,fragile,False,,57.27,57.27
517540,10.48,31.1,clothing,False,,22.52,22.51
517541,9.72,123.5,clothing,True,SAVE10,38.67,38.66
517542,13.88,213.7,fragile,True,,73.14,99.52
517543,4.78,235.3,clothing,False,SAVE10,19.19,19.19
517544,13.64,31.6,clothing,False,,28.86,28.88
517545,14.06,294.3,standard,True,,77.27,77.27
517546,8.34,84.7,clothing,True,,34.38,34.37
517547,4.06,248.7,books,False,,18.93,19.74
517548,2.71,61.1,electronics,True,,22.3,22.31
517549,9.27,179.2,electronics,True,,59.69,59.69
517550,13.74,203.6,clothing,False,,37.66,37.65
517551,24.62,144.3,clothing,True,,75.89,75.89
517552,5.31,132.4,electronics,False,,22.55,22.54
517553,0.99,168.0,food,False,,10.18,10.2
517554,7.84,96.6,fragile,False,SAVE10,22.69,22.7
517555,11.99,156.6,food,False,,29.41,29.4
517556,14.69,54.5,food,False,,29.17,29.18
517557,8.78,190.8,electronics,False,,35.88,35.89
517558,22.89,271.3,food,True,SAVE10,78.21,78.2
517559,5.77,262.4,fragile,False,,28.12,28.12
517560,6.95,15.6,electronics,False,,21.63,21.63
517561,6.81,282.4,books,True,,58.26,59.6
517562,24.21,63.6,books,False,,41.92,46.75
517563,12.22,102.4,food,True,,42.36,42.36
517564,9.12,201.2,fragile,False,,33.77,33.78
517565,1.74,208.6,standard,False,,13.91,13.91
517566,9.95,84.5,food,False,,22.14,22.13
517567,20.2,248.6,fragile,False,,64.95,64.94
517568,21.05,292.7,electronics,False,,77.79,77.8
517569,23.81,299.1,fragile,False,SAVE10,69.17,69.16
517570,5.37,190.8,standard,False,,20.28,20.29
517571,1.45,291.0,food,True,,51.26,51.26
517572,4.86,232.2,books,False,,19.39,20.35
517573,2.2,41.6,fragile,False,,7.8,7.8
517574,21.68,115.7,food,False,,44.81,44.82
517575,7.54,134.1,food,True,SAVE10,34.82,34.81
517576,20.98,143.8,food,True,,64.33,64.33
517577,7.59,61.6,food,False,,16.74,16.75
517578,3.04,119.1,standard,False,,12.04,12.05
517579,7.15,162.5,clothing,False,SAVE10,20.18,20.18
517580,15.5,215.9,food,False,,38.7,38.69
517581,24.32,169.4,books,True,,69.32,74.18
517582,16.1,15.6,standard,True,,39.54,39.55
517583,20.18,173.0,electronics,False,,69.19,69.18
517584,13.06,231.1,clothing,False,,37.67,37.69
517585,23.13,294.2,fragile,False,,74.85,74.83
517586,21.52,67.6,food,True,,53.88,53.89
517587,24.71,118.9,clothing,False,,55.36,55.38
517588,21.18,47.0,fragile,False,SAVE10,51.68,51.67
517589,17.6,286.5,fragile,True,,93.74,127.39
517590,20.88,196.9,standard,False,,51.6,51.62
517591,22.4,179.2,books,True,,67.72,72.21
517592,17.1,112.1,fragile,False,,50.07,50.07
517593,2.43,99.2,food,True,,24.25,24.24
517594,11.23,229.9,electronics,False,,45.18,45.2
517595,24.21,112.8,fragile,True,,84.87,101.16
517596,17.45,290.4,electronics,False,,66.87,66.85
517597,10.28,250.0,clothing,False,,33.06,33.06
517598,22.23,241.2,electronics,False,,78.75,78.76
517599,9.31,211.6,electronics,False,,38.51,38.52
517600,10.11,54.7,fragile,False,,29.02,29.03
517601,13.65,171.9,books,True,SAVE10,47.36,49.82
517602,17.08,163.6,electronics,False,,59.42,59.43
517603,14.48,69.9,fragile,False,,41.14,41.14
517604,8.67,254.4,food,False,,28.33,28.34
517605,14.28,104.4,food,False,,30.92,30.92
517606,9.13,295.5,standard,False,,33.04,33.02
517607,16.91,190.2,standard,False,,43.33,43.32
517608,14.16,136.1,clothing,False,,35.12,35.13
517609,3.13,231.6,electronics,False,,20.97,20.99
517610,15.95,134.0,clothing,False,,38.6,38.6
517611,23.53,291.4,fragile,False,,75.75,75.74
517612,15.76,101.6,fragile,False,,46.06,46.05
517613,2.3,184.5,electronics,True,,39.58,39.58
517614,14.03,43.5,books,False,SAVE10,22.16,24.7
517615,4.5,168.9,fragile,True,,42.04,63.93
517616,10.73,76.5,books,False,,20.99,23.15
517617,4.54,162.4,food,False,,16.29,16.28
517618,22.99,134.3,standard,False,SAVE10,47.43,47.44
517619,19.45,12.5,standard,True,,45.78,45.79
517620,14.49,209.6,clothing,False,,39.46,39.46
517621,7.79,78.5,electronics,True,,40.15,40.15
517622,3.03,17.0,standard,False,,6.91,6.92
517623,17.89,145.7,fragile,False,,53.8,53.79
517624,6.42,88.4,food,True,,29.82,29.8
517625,22.76,283.8,fragile,False,SAVE10,66.03,66.03
517626,22.01,220.4,standard,False,SAVE10,49.54,49.52
517627,4.48,278.5,clothing,False,,22.88,22.89
517628,24.93,188.5,fragile,True,,98.09,121.93
517629,24.24,118.9,standard,True,,71.32,71.32
517630,2.43,58.8,clothing,False,,7.8,7.81
517631,13.01,267.7,electronics,True,,84.18,84.17
517632,7.64,103.3,clothing,False,,20.44,20.45
517633,15.91,5.4,books,False,,25.73,28.91
517634,21.09,262.6,electronics,True,,107.66,107.65
517635,6.99,174.6,standard,True,,45.17,45.16
517636,2.23,135.8,books,True,,28.94,29.38
517637,9.48,256.2,food,False,,29.87,29.86
517638,5.36,276.3,clothing,False,,24.54,24.53
517639,17.88,76.9,fragile,True,,63.02,75.71
517640,7.73,208.3,clothing,False,,25.88,25.86
517641,15.17,91.3,fragile,False,SAVE10,39.61,39.6
517642,3.21,150.7,clothing,True,,34.02,34.02
517643,7.11,111.2,standard,False,,19.78,19.77
517644,19.31,206.9,electronics,False,,68.27,68.29
517645,20.87,293.3,food,False,,52.23,52.23
517646,14.03,256.1,standard,True,SAVE10,64.33,64.32
517647,14.62,90.0,electronics,False,,48.36,48.36
517648,1.88,176.8,fragile,False,,13.73,13.73
517649,14.99,103.1,fragile,False,,44.13,44.15
517650,14.82,243.6,standard,True,,71.18,71.2
517651,5.91,80.8,food,True,,27.76,27.77
517652,18.25,76.3,books,False,,33.02,36.66
517653,3.58,139.2,electronics,False,,17.7,17.69
517654,13.54,174.8,standard,False,SAVE10,32.24,32.24
517655,2.77,196.4,clothing,False,,15.36,15.34
517656,21.23,18.7,standard,False,,43.4,43.39
517657,10.36,124.7,fragile,False,,33.17,33.19
517658,24.09,129.8,clothing,True,,72.65,72.64
517659,11.52,123.6,electronics,False,,40.74,40.74
517660,19.48,223.3,clothing,False,SAVE10,45.11,45.11
517661,12.82,7.2,clothing,False,,26.0,25.99
517662,1.71,296.2,fragile,False,,19.26,19.26
517663,8.29,111.3,books,False,,18.83,20.5
517664,14.89,47.7,food,True,,38.96,38.97
517665,19.93,87.7,food,True,,54.03,54.04
517666,2.07,19.1,clothing,True,,12.0,11.99
517667,12.96,83.7,standard,False,SAVE10,27.09,27.11
517668,19.46,157.7,books,True,SAVE10,53.81,57.32
517669,5.82,5.2,books,False,,9.57,10.74
517670,8.96,285.5,electronics,False,SAVE10,37.04,37.03
517671,7.54,174.0,fragile,False,SAVE10,25.47,25.47
517672,18.65,104.2,electronics,False,,61.16,61.17
517673,7.53,157.5,standard,False,,22.94,22.92
517674,22.75,45.8,food,False,,43.24,43.24
517675,20.87,152.2,standard,True,SAVE10,62.61,62.62
517676,13.94,71.1,fragile,False,,39.8,39.82
517677,24.46,17.5,electronics,False,SAVE10,66.83,66.82
517678,8.31,34.8,standard,False,,18.36,18.35
517679,0.81,248.0,fragile,False,,14.51,14.51
517680,17.18,65.0,books,False,,30.74,34.16
517681,20.42,225.9,food,False,,48.05,48.06
517682,23.57,104.9,standard,False,,52.39,52.4
517683,4.64,125.0,fragile,False,,18.31,18.29
517684,1.35,194.0,food,False,,12.13,12.14
517685,14.97,53.5,food,False,,29.62,29.61
517686,10.25,97.2,electronics,False,,35.61,35.61
517687,6.15,118.3,standard,True,SAVE10,31.54,31.54
517688,16.88,63.6,standard,False,SAVE10,33.25,33.26
517689,13.33,186.8,fragile,True,SAVE10,60.91,82.23
517690,15.52,258.4,books,False,,37.75,40.87
517691,23.1,195.6,electronics,False,SAVE10,71.17,71.16
517692,21.56,247.0,standard,True,,85.17,85.17
517693,4.84,70.1,electronics,False,,18.02,18.01
517694,2.07,168.3,clothing,True,,34.39,34.38
517695,16.34,56.7,standard,False,,35.52,35.53
517696,0.75,246.6,clothing,False,,13.83,13.83
517697,5.63,92.3,books,False,,13.62,14.74
517698,22.98,217.4,books,False,,47.64,52.22
517699,10.07,59.2,food,False,,21.09,21.09
517700,18.43,83.7,fragile,False,,52.1,52.12
517701,16.63,26.9,books,False,,27.95,31.27
517702,3.24,164.2,fragile,False,,16.63,16.63
517703,18.74,155.0,electronics,False,,63.97,63.96
517704,18.94,43.8,clothing,False,,40.07,40.09
517705,0.85,90.8,fragile,False,,6.75,6.75
517706,23.95,280.8,fragile,False,,76.31,76.3
517707,3.02,180.7,fragile,False,,16.89,16.9
517708,12.14,286.3,electronics,False,,50.74,50.73
517709,12.3,63.5,food,False,,25.32,25.3
517710,12.03,185.7,clothing,True,,56.92,56.91
517711,24.83,55.7,electronics,False,,77.27,77.27
517712,4.76,245.5,electronics,False,SAVE10,23.9,23.91
517713,20.29,47.4,standard,False,,42.95,42.97
517714,22.03,140.6,fragile,False,,64.31,64.3
517715,4.04,81.7,electronics,False,SAVE10,14.58,14.57
517716,0.56,66.3,clothing,True,,16.06,16.06
517717,6.83,216.2,fragile,False,SAVE10,25.71,25.73
517718,1.58,222.9,clothing,False,,14.31,14.31
517719,2.16,122.5,standard,True,,27.7,27.71
517720,20.79,224.0,books,True,,71.86,76.03
517721,1.13,9.2,food,False,,2.49,2.5
517722,7.0,67.1,electronics,False,,24.36,24.34
517723,2.39,236.6,electronics,True,SAVE10,42.89,42.91
517724,3.97,259.6,books,False,,19.33,20.14
517725,13.77,9.5,food,False,SAVE10,22.73,22.72
517726,22.76,274.2,standard,True,,91.65,91.65
517727,21.85,26.8,books,False,,36.3,40.67
517728,3.28,174.7,electronics,True,,41.04,41.03
517729,20.89,115.2,standard,False,SAVE10,42.79,42.78
517730,21.78,132.7,food,False,SAVE10,41.26,41.27
517731,6.6,123.4,standard,True,,36.71,36.7
517732,5.58,162.7,electronics,True,,46.14,46.14
517733,9.45,192.6,standard,False,,28.53,28.54
517734,19.59,142.8,clothing,True,SAVE10,59.04,59.05
517735,24.79,50.6,clothing,False,,52.11,52.12
517736,13.72,76.3,standard,False,,31.26,31.25
517737,10.43,94.6,standard,False,,25.59,25.58
517738,9.36,162.0,electronics,False,,36.18,36.19
517739,11.5,123.4,books,False,,24.57,26.86
517740,6.48,77.4,food,False,,15.53,15.55
517741,17.78,174.1,food,False,,40.71,40.72
517742,14.77,132.0,standard,False,SAVE10,32.53,32.52
517743,9.03,5.7,food,False,,16.54,16.56
517744,17.77,113.6,electronics,True,,75.35,75.36
517745,19.63,259.4,food,True,SAVE10,71.32,71.3
517746,5.07,240.6,standard,False,,22.17,22.18
517747,10.05,93.4,books,False,,20.75,22.75
517748,15.78,162.8,food,False,,36.54,36.54
517749,18.78,285.2,books,False,,44.31,48.07
517750,2.12,127.5,standard,False,,10.62,10.62
517751,3.1,71.8,food,False,,9.17,9.16
517752,19.56,264.4,food,False,,48.43,48.43
517753,19.1,201.9,electronics,False,,67.4,67.39
517754,5.66,208.2,food,False,,20.6,20.59
517755,10.03,147.6,books,False,,23.43,25.43
517756,17.2,163.8,electronics,False,,59.79,59.79
517757,12.96,176.9,food,False,,32.17,32.17
517758,19.64,91.6,electronics,False,,63.5,63.52
517759,5.55,285.6,fragile,False,,28.71,28.69
517760,10.8,223.3,electronics,False,,43.57,43.58
517761,8.56,67.2,clothing,True,SAVE10,28.98,29.0
517762,21.01,38.6,electronics,False,,64.96,64.97
517763,8.59,189.5,electronics,False,,35.24,35.25
517764,18.31,292.0,standard,True,,85.42,85.43
517765,11.18,287.2,food,False,,34.48,34.48
517766,4.93,142.2,electronics,False,,21.9,21.91
517767,15.88,113.7,food,False,,34.27,34.27
517768,4.41,29.5,clothing,True,SAVE10,16.42,16.4
517769,3.39,22.7,electronics,True,,18.58,18.58
517770,21.54,13.7,books,False,,35.15,39.45
517771,22.46,102.5,fragile,True,,78.77,94.03
517772,9.03,237.8,books,False,SAVE10,23.7,25.34
517773,9.44,186.8,fragile,True,,57.56,81.23
517774,15.29,67.1,clothing,True,,45.64,45.65
517775,15.64,70.2,food,False,SAVE10,28.5,28.51
517776,14.84,247.9,fragile,True,,80.77,110.57
517777,7.03,280.3,food,True,,59.7,59.72
517778,19.84,20.3,standard,True,,47.72,47.74
517779,7.89,268.3,standard,False,,29.2,29.21
517780,21.86,169.1,standard,True,,74.08,74.08
517781,23.61,59.4,books,False,SAVE10,36.67,40.94
517782,7.16,166.9,books,False,,19.8,21.24
517783,15.33,106.5,standard,False,SAVE10,32.39,32.37
517784,17.78,209.4,standard,False,,46.03,46.04
517785,6.1,83.9,electronics,False,,22.49,22.5
517786,24.14,26.7,electronics,False,,73.76,73.75
517787,11.44,189.3,standard,False,SAVE10,29.11,29.11
517788,13.04,262.1,books,False,,33.97,36.58
517789,9.09,229.1,standard,True,,57.54,57.54
517790,10.23,142.5,fragile,True,,52.97,72.22
517791,2.66,121.1,food,False,,10.84,10.86
517792,23.48,166.3,food,True,,72.21,72.19
517793,22.0,10.5,food,True,SAVE10,41.56,41.56
517794,19.34,230.6,books,True,SAVE10,63.48,66.97
517795,24.96,66.0,standard,True,,64.82,64.8
517796,21.75,189.9,standard,False,SAVE10,47.7,47.69
517797,15.6,47.1,food,False,,30.44,30.42
517798,1.1,28.8,standard,False,,3.64,3.65
517799,24.0,223.1,books,False,,49.56,54.37
517800,19.6,162.1,fragile,False,SAVE10,53.16,53.16
517801,13.5,269.6,clothing,False,,40.48,40.49
517802,12.8,29.7,food,True,,32.5,32.49
517803,15.93,205.6,food,False,,38.95,38.95
517804,18.31,151.8,fragile,False,SAVE10,49.68,49.69
517805,13.94,149.6,books,False,,29.78,32.57
517806,9.15,291.4,fragile,False,,38.36,38.38
517807,2.42,130.7,food,True,,28.96,28.96
517808,10.25,70.4,fragile,False,,30.17,30.18
517809,2.82,236.2,electronics,False,,20.27,20.26
517810,9.83,180.2,fragile,False,,34.57,34.58
517811,21.9,191.6,electronics,False,,75.28,75.28
517812,20.11,164.1,clothing,True,SAVE10,62.85,62.84
517813,12.96,182.5,books,False,,29.86,32.46
517814,17.45,178.9,books,True,SAVE10,53.78,56.91
517815,10.99,195.9,fragile,False,,38.37,38.36
517816,14.24,64.9,books,False,,26.03,28.87
517817,22.24,135.9,electronics,False,,73.52,73.52
517818,23.92,242.9,books,False,,50.42,55.21
517819,7.36,261.9,food,False,SAVE10,23.71,23.7
517820,19.3,246.4,standard,False,,50.92,50.94
517821,9.85,8.8,standard,False,,20.14,20.12
517822,11.59,89.2,fragile,False,,34.59,34.6
517823,10.32,86.6,food,False,,22.91,22.89
517824,4.47,50.5,standard,True,,21.52,21.52
517825,6.06,10.1,fragile,False,,16.26,16.24
517826,21.98,175.5,food,True,,70.89,70.89
517827,14.58,30.5,electronics,False,SAVE10,40.74,40.74
517828,4.35,69.8,books,False,SAVE10,9.4,10.17
517829,24.64,217.1,standard,True,,86.84,86.84
517830,19.56,287.7,books,True,,79.45,83.37
517831,19.2,5.5,standard,True,,44.22,44.21
517832,13.81,45.0,standard,False,,29.87,29.88
517833,15.21,234.0,fragile,False,,51.25,51.25
517834,4.06,158.2,fragile,False,,18.47,18.48
517835,4.92,146.2,books,False,,15.18,16.16
517836,16.78,150.9,food,False,,37.75,37.74
517837,16.86,186.1,clothing,True,,66.63,66.63
517838,10.21,153.2,fragile,False,,34.21,34.2
517839,20.48,14.7,electronics,False,,62.18,62.18
517840,6.03,154.9,books,True,,37.88,39.1
517841,4.37,294.7,clothing,False,,23.48,23.48
517842,1.98,33.3,books,False,,4.83,5.24
517843,23.37,271.1,food,True,,87.73,87.72
517844,13.46,58.3,food,True,,37.97,37.96
517845,14.64,53.0,fragile,True,,51.01,61.32
517846,16.5,88.4,books,False,,30.82,34.13
517847,3.42,173.9,food,False,,14.85,14.87
517848,22.06,294.2,books,False,,50.01,54.44
517849,24.44,258.7,electronics,False,,86.26,86.26
517850,6.34,112.3,fragile,True,,38.33,54.55
517851,6.26,134.8,electronics,False,,25.52,25.51
517852,21.37,167.2,standard,False,,51.1,51.11
517853,12.96,145.8,food,False,,30.62,30.6
517854,5.25,198.2,food,False,,19.36,19.34
517855,24.31,6.0,food,False,,44.06,44.04
517856,21.02,123.0,books,False,,39.78,43.99
517857,9.63,25.2,fragile,False,SAVE10,23.67,23.67
517858,15.92,43.3,food,False,,30.82,30.82
517859,18.35,181.9,fragile,False,,56.81,56.79
517860,9.27,191.8,standard,False,,28.13,28.14
517861,14.85,146.8,fragile,False,,45.95,45.95
517862,9.78,107.3,standard,False,,24.92,24.93
517863,21.18,235.1,fragile,False,SAVE10,60.14,60.14
517864,6.08,149.0,clothing,False,,19.61,19.62
517865,11.54,207.4,electronics,False,SAVE10,40.49,40.48
517866,1.88,15.9,fragile,False,SAVE10,5.11,5.11
517867,15.16,177.7,clothing,False,,39.2,39.21
517868,1.96,196.1,standard,True,,38.34,38.35
517869,8.86,257.0,electronics,False,,39.43,39.44
517870,19.11,118.7,clothing,True,,61.03,61.02
517871,13.83,161.0,books,False,,30.18,32.95
517872,8.91,78.4,books,False,,18.18,19.97
517873,12.47,220.4,standard,False,SAVE10,32.36,32.36
517874,3.36,143.4,electronics,True,,36.59,36.58
517875,6.69,53.6,clothing,False,SAVE10,14.45,14.47
517876,23.01,152.0,food,True,,69.22,69.22
517877,3.96,220.5,food,True,SAVE10,40.68,40.68
517878,19.74,215.5,standard,True,,76.8,76.8
517879,18.62,154.8,books,False,,37.53,41.25
517880,16.08,235.8,standard,True,,72.53,72.52
517881,19.57,217.9,standard,True,SAVE10,69.14,69.14
517882,3.78,248.3,clothing,True,,49.81,49.82
517883,9.3,157.1,books,False,,22.74,24.6
517884,8.91,97.1,clothing,False,,22.68,22.68
517885,5.96,67.2,clothing,False,,15.28,15.26
517886,6.24,111.0,fragile,True,,37.87,53.98
517887,7.99,72.9,standard,False,,19.62,19.64
517888,24.09,207.3,electronics,False,,82.64,82.62
517889,9.87,10.2,fragile,False,SAVE10,23.55,23.56
517890,19.89,50.2,food,True,,48.33,48.32
517891,18.85,49.4,fragile,False,,51.48,51.46
517892,18.67,288.6,electronics,False,,70.44,70.45
517893,12.52,253.7,standard,True,SAVE10,61.29,61.3
517894,12.95,8.2,clothing,True,SAVE10,28.92,28.92
517895,4.95,65.0,electronics,False,,18.1,18.12
517896,22.17,202.6,food,True,,75.3,75.3
517897,9.68,126.9,food,True,,41.46,41.46
517898,17.96,206.8,books,False,SAVE10,35.17,38.39
517899,21.79,192.5,clothing,False,,53.2,53.22
517900,14.5,242.8,fragile,True,,79.12,108.39
517901,9.42,23.3,books,False,,16.24,18.12
517902,21.92,127.1,clothing,True,,67.9,67.91
517903,2.9,146.7,standard,False,,13.14,13.12
517904,19.01,141.2,standard,False,,45.08,45.1
517905,7.6,252.2,fragile,True,SAVE10,56.33,83.52
517906,17.67,200.0,food,False,,41.81,41.82
517907,5.86,57.0,fragile,False,,18.09,18.11
517908,22.26,124.1,clothing,False,,50.72,50.72
517909,12.1,257.1,clothing,False,,37.06,37.07
517910,3.31,233.5,standard,False,,18.3,18.3
517911,20.19,11.7,food,False,SAVE10,33.23,33.25
517912,8.94,11.8,food,False,SAVE10,15.01,15.01
517913,2.86,182.3,standard,False,,14.84,14.85
517914,21.17,272.2,books,False,,47.48,51.71
517915,2.57,106.0,electronics,False,,13.01,13.02
517916,5.56,50.6,books,False,SAVE10,10.28,11.28
517917,5.21,149.3,fragile,True,,40.94,60.86
517918,10.45,178.4,fragile,True,,58.93,81.76
517919,24.37,247.5,standard,False,,61.12,61.1
517920,2.28,41.6,clothing,False,,6.64,6.63
517921,24.67,26.5,electronics,False,,75.34,75.33
517922,7.28,274.6,food,True,,59.29,59.31
517923,10.74,291.7,standard,True,SAVE10,63.21,63.21
517924,19.86,216.5,clothing,True,SAVE10,69.48,69.48
517925,21.39,48.5,electronics,False,,66.6,66.6
517926,3.67,95.6,books,False,,10.65,11.39
517927,17.43,167.2,clothing,True,SAVE10,58.45,58.46
517928,11.56,7.8,fragile,False,,30.45,30.43
517929,2.55,46.6,electronics,True,,19.64,19.65
517930,24.95,124.8,standard,False,SAVE10,50.53,50.51
517931,10.58,250.0,food,True,,61.54,61.56
517932,17.54,192.3,standard,True,SAVE10,62.03,62.04
517933,18.8,174.8,food,False,,42.58,42.59
517934,6.42,274.7,electronics,False,SAVE10,29.7,29.71
517935,7.47,77.9,standard,True,SAVE10,28.46,28.47
517936,10.09,208.2,electronics,False,,40.68,40.68
517937,22.14,232.1,electronics,False,,78.03,78.04
517938,21.01,234.5,food,True,,77.99,77.98
517939,16.52,53.4,standard,True,,46.05,46.05
517940,8.96,100.4,standard,False,,22.94,22.95
517941,8.17,274.0,electronics,False,SAVE10,34.39,34.39
517942,9.23,132.4,food,False,,23.23,23.22
517943,9.97,124.1,clothing,False,,26.15,26.16
517944,11.87,287.4,food,False,,35.74,35.75
517945,10.42,163.4,food,False,,26.93,26.91
517946,8.83,271.6,books,False,,27.71,29.47
517947,18.94,138.9,books,False,SAVE10,33.52,36.92
517948,22.02,207.3,standard,True,,80.14,80.13
517949,21.92,107.4,standard,False,,49.21,49.21
517950,4.26,115.5,fragile,False,SAVE10,15.17,15.17
517951,14.72,176.3,electronics,True,,75.61,75.61
517952,4.76,291.9,clothing,False,SAVE10,21.7,21.72
517953,22.02,220.4,fragile,False,,68.27,68.28
517954,12.99,189.6,electronics,False,SAVE10,43.6,43.61
517955,0.84,101.9,food,False,,6.61,6.6
517956,20.41,262.9,clothing,False,,53.96,53.98
517957,16.97,72.2,electronics,False,,54.52,54.5
517958,3.37,190.5,fragile,False,,18.29,18.3
517959,21.55,253.1,standard,True,,86.06,86.08
517960,2.0,54.6,books,True,,16.39,16.77
517961,22.43,256.6,food,False,,53.2,53.21
517962,24.96,191.4,fragile,False,,74.47,74.48
517963,11.37,135.3,clothing,False,,29.5,29.52
517964,15.2,50.2,electronics,True,,58.13,58.12
517965,10.09,64.8,standard,False,,23.42,23.42
517966,12.24,293.0,standard,False,,39.13,39.15
517967,20.8,16.3,books,False,SAVE10,30.69,34.44
517968,19.87,223.5,food,False,,46.94,46.92
517969,10.62,217.8,electronics,True,,69.53,69.53
517970,20.94,76.9,books,False,,37.35,41.55
517971,8.37,121.8,books,True,,36.66,38.32
517972,19.76,102.8,clothing,False,,44.66,44.68
517973,8.23,184.7,standard,True,,49.16,49.17
517974,20.9,260.7,clothing,False,,54.83,54.83
517975,7.0,217.1,fragile,True,,55.76,82.47
517976,13.13,153.5,standard,False,,33.94,33.93
517977,4.93,104.4,food,True,,29.53,29.54
517978,2.21,253.4,standard,True,,47.43,47.45
517979,10.6,235.6,food,True,,59.42,59.41
517980,2.46,174.4,electronics,False,SAVE10,14.49,14.47
517981,3.95,125.5,food,True,,30.94,30.94
517982,9.76,58.1,standard,True,,33.24,33.25
517983,19.21,23.5,clothing,True,SAVE10,42.25,42.27
517984,9.5,215.3,books,False,,25.97,27.88
517985,1.47,141.5,clothing,True,,29.16,29.15
517986,10.91,288.7,electronics,False,,47.17,47.17
517987,10.85,66.1,electronics,True,,47.46,47.48
517988,6.61,5.7,clothing,True,,19.08,19.07
517989,8.78,234.9,standard,False,SAVE10,26.37,26.37
517990,12.15,226.0,electronics,False,SAVE10,42.98,42.99
517991,13.12,89.2,clothing,False,,30.7,30.71
517992,15.39,255.8,standard,False,,43.57,43.56
517993,23.64,43.0,fragile,False,SAVE10,57.25,57.26
517994,23.7,240.3,food,True,,83.7,83.72
517995,17.26,52.9,food,False,SAVE10,30.34,30.33
517996,9.53,24.9,electronics,False,,29.83,29.83
517997,0.88,160.5,standard,False,,9.78,9.78
517998,11.25,257.2,books,True,,61.58,63.82
517999,7.25,212.2,electronics,False,SAVE10,29.12,29.11
518000,15.71,151.3,clothing,True,,59.12,59.13
518001,5.68,286.9,electronics,True,,65.07,65.09
518002,15.3,99.2,electronics,False,,50.86,50.87
518003,6.96,59.7,clothing,False,,16.9,16.89
518004,4.61,151.0,clothing,True,,36.87,36.87
518005,1.86,296.7,food,True,,52.85,52.86
518006,12.26,295.1,fragile,True,,81.14,115.67
518007,3.56,136.1,clothing,False,,13.92,13.93
518008,5.22,156.0,clothing,False,,18.24,18.25
518009,7.18,198.7,food,True,SAVE10,42.96,42.95
518010,4.36,94.5,books,False,SAVE10,10.53,11.33
518011,0.82,99.5,standard,False,,6.62,6.6
518012,3.52,280.8,electronics,True,SAVE10,51.91,51.9
518013,18.37,18.7,clothing,True,,44.54,44.56
518014,10.82,237.1,food,False,,31.33,31.32
518015,17.01,114.3,electronics,True,,73.18,73.19
518016,17.51,115.6,food,False,,37.3,37.28
518017,15.3,179.6,books,False,SAVE10,30.11,32.86
518018,14.42,129.1,electronics,True,,67.62,67.63
518019,21.26,246.4,fragile,False,,67.6,67.58
518020,2.47,163.2,books,False,,12.11,12.59
518021,8.2,231.6,food,False,,26.34,26.34
518022,0.62,20.9,clothing,False,,2.28,2.29
518023,11.51,298.4,clothing,False,,37.94,37.93
518024,21.74,72.9,food,False,,42.78,42.8
518025,13.28,288.4,standard,True,,74.82,74.82
518026,21.41,159.1,clothing,False,,50.78,50.79
518027,15.52,219.9,clothing,False,,42.04,42.04
518028,1.62,96.5,electronics,True,,24.34,24.35
518029,2.62,46.0,clothing,True,,17.14,17.16
518030,16.91,206.8,standard,False,,44.16,44.15
518031,23.89,232.9,electronics,True,,111.6,111.59
518032,4.36,26.4,clothing,True,,17.68,17.67
518033,23.18,299.2,fragile,False,,75.23,75.22
518034,17.44,8.0,food,False,SAVE10,28.61,28.63
518035,3.89,235.7,standard,False,SAVE10,17.61,17.59
518036,7.8,257.4,food,False,,26.91,26.91
518037,21.25,298.0,food,True,,87.95,87.97
518038,21.6,93.5,fragile,False,,60.84,60.84
518039,17.37,5.8,electronics,False,,52.4,52.41
518040,23.77,48.1,clothing,False,SAVE10,44.95,44.96
518041,19.65,31.6,standard,False,SAVE10,36.79,36.79
518042,23.26,191.9,clothing,False,,56.12,56.11
518043,10.06,168.5,standard,True,,50.4,50.39
518044,11.28,20.8,fragile,False,SAVE10,27.33,27.35
518045,8.45,183.5,books,True,,46.04,47.75
518046,5.8,213.9,fragile,False,,25.78,25.76
518047,7.95,28.0,electronics,False,,25.25,25.24
518048,4.03,210.2,food,False,,17.76,17.77
518049,23.71,155.1,fragile,False,,69.4,69.39
518050,15.74,185.7,fragile,False,,50.21,50.22
518051,23.89,281.2,books,False,SAVE10,47.06,51.35
518052,3.91,295.4,clothing,True,,57.13,57.14
518053,15.85,112.4,food,False,,34.15,34.14
518054,11.45,48.6,clothing,False,,25.33,25.33
518055,22.83,111.9,fragile,False,,64.95,64.97
518056,0.95,23.9,books,False,,2.72,2.92
518057,15.34,89.2,fragile,False,SAVE10,39.91,39.91
518058,13.34,8.0,fragile,True,SAVE10,36.8,42.02
518059,1.84,253.5,fragile,False,,17.46,17.47
518060,12.11,84.4,fragile,True,,49.15,62.58
518061,7.58,40.7,books,False,,14.16,15.69
518062,7.68,190.8,electronics,True,SAVE10,50.99,51.0
518063,1.52,142.2,fragile,True,,30.28,49.5
518064,20.78,212.1,electronics,True,,99.16,99.16
518065,5.28,160.9,standard,True,,39.7,39.69
518066,22.81,135.2,food,True,,66.34,66.32
518067,3.9,222.5,food,True,,45.4,45.38
518068,22.0,196.5,electronics,False,,75.82,75.81
518069,24.08,113.2,clothing,True,,70.14,70.12
518070,12.37,281.4,clothing,True,,71.95,71.93
518071,21.53,19.0,electronics,False,SAVE10,58.99,59.0
518072,6.83,250.3,clothing,True,,56.2,56.2
518073,3.92,63.3,clothing,True,,22.34,22.35
518074,18.57,159.8,fragile,False,,56.27,56.29
518075,14.43,243.4,standard,False,,41.03,41.03
518076,21.38,168.0,electronics,True,,94.34,94.35
518077,14.02,175.0,books,False,,31.18,33.99
518078,24.66,74.7,clothing,False,,53.06,53.04
518079,10.84,97.8,electronics,False,,37.41,37.41
518080,10.48,283.9,food,False,,33.06,33.08
518081,19.3,24.8,electronics,False,,59.14,59.15
518082,24.84,263.0,clothing,True,,94.13,94.12
518083,8.5,281.9,food,True,,62.58,62.6
518084,6.57,50.6,food,False,SAVE10,12.92,12.93
518085,20.44,289.3,standard,False,SAVE10,49.81,49.81
518086,7.55,8.2,books,False,,12.49,13.98
518087,4.34,18.2,electronics,True,SAVE10,18.68,18.68
518088,14.31,141.4,food,True,,51.97,51.98
518089,7.74,109.4,fragile,True,,41.53,57.46
518090,3.12,221.8,books,False,,16.08,16.72
518091,15.7,282.6,fragile,True,,88.21,121.46
518092,10.13,19.6,clothing,False,SAVE10,19.12,19.12
518093,3.06,203.1,clothing,False,,16.28,16.26
518094,8.05,91.2,food,True,SAVE10,29.85,29.84
518095,10.73,221.5,books,True,,55.39,57.55
518096,4.08,177.8,electronics,False,,21.13,21.12
518097,17.53,71.1,standard,True,,50.72,50.71
518098,1.71,236.5,fragile,True,,44.92,73.57
518099,10.83,56.0,clothing,True,,35.06,35.06
518100,8.2,72.0,fragile,False,,24.92,24.92
518101,22.95,273.6,fragile,False,,73.35,73.36
518102,3.51,51.5,clothing,False,,9.59,9.58
518103,2.38,127.9,books,False,,10.2,10.68
518104,8.48,18.7,clothing,True,,24.76,24.76
518105,23.98,252.2,standard,True,,90.79,90.78
518106,12.22,143.4,books,False,,26.72,29.19
518107,21.9,108.4,books,False,,40.46,44.83
518108,1.54,10.2,books,False,,2.97,3.27
518109,19.83,96.4,books,False,SAVE10,32.89,36.47
518110,17.95,86.0,clothing,False,,40.2,40.21
518111,24.42,211.8,electronics,False,,83.85,83.86
518112,5.03,83.1,food,False,SAVE10,11.89,11.9
518113,3.25,99.1,books,False,SAVE10,9.14,9.72
518114,24.39,23.1,fragile,False,,64.57,64.56
518115,23.39,55.0,books,False,,40.17,44.84
518116,13.1,68.7,electronics,False,SAVE10,38.46,38.47
518117,22.58,69.1,electronics,True,SAVE10,74.79,74.8
518118,20.64,220.8,standard,True,SAVE10,71.46,71.46
518119,14.66,5.2,food,False,,26.65,26.65
518120,11.92,168.9,standard,False,,32.28,32.28
518121,1.12,74.8,fragile,True,SAVE10,17.22,28.44
518122,17.03,205.8,food,False,,40.94,40.95
518123,18.8,258.9,books,False,,43.03,46.79
518124,14.9,156.5,standard,True,,58.28,58.26
518125,19.07,164.7,books,False,,38.75,42.57
518126,12.28,273.0,fragile,True,,77.88,110.18
518127,6.28,7.1,clothing,True,SAVE10,16.76,16.77
518128,23.77,37.3,books,False,,39.9,44.66
518129,2.47,22.2,clothing,False,,6.05,6.06
518130,7.12,146.9,clothing,True,SAVE10,37.15,37.13
518131,5.53,244.1,food,False,,22.16,22.18
518132,15.43,112.0,standard,True,,52.66,52.66
518133,11.85,147.5,fragile,False,,38.18,38.18
518134,14.52,270.3,fragile,False,,51.27,51.27
518135,11.95,221.0,fragile,True,SAVE10,62.3,86.7
518136,15.48,210.7,standard,False,,41.5,41.51
518137,3.11,105.4,books,False,,10.25,10.86
518138,9.58,279.4,electronics,False,,42.71,42.7
518139,13.92,27.1,books,False,,23.63,26.41
518140,15.39,19.9,electronics,True,,54.16,54.14
518141,11.22,236.6,electronics,False,,45.49,45.5
518142,1.77,269.5,standard,False,,17.02,17.02
518143,17.65,130.6,fragile,False,,52.42,52.43
518144,12.78,284.5,electronics,False,,52.56,52.58
518145,24.12,233.8,standard,False,SAVE10,53.94,53.92
518146,8.92,271.5,clothing,False,,31.42,31.4
518147,17.16,238.2,standard,True,,75.05,75.06
518148,1.54,222.1,books,False,,13.57,13.88
518149,17.31,36.4,fragile,False,,46.83,46.84
518150,2.15,83.8,food,False,,8.06,8.06
518151,15.54,79.9,clothing,False,,35.07,35.06
518152,16.06,147.7,food,False,SAVE10,32.66,32.67
518153,17.97,156.7,books,False,,36.59,40.16
518154,12.77,276.9,clothing,False,,39.38,39.38
518155,12.37,36.4,standard,False,SAVE10,23.9,23.88
518156,3.41,291.9,fragile,False,,23.46,23.47
518157,6.68,146.3,fragile,False,,24.68,24.7
518158,20.26,289.6,clothing,False,,55.0,55.01
518159,23.93,79.5,food,False,,47.05,47.05
518160,8.7,193.2,clothing,False,SAVE10,24.35,24.34
518161,13.68,196.6,books,True,,56.38,59.11
518162,7.46,142.8,fragile,True,,45.82,65.11
518163,7.41,219.4,fragile,False,SAVE10,27.21,27.22
518164,19.93,198.3,books,False,,41.8,45.81
518165,20.95,117.3,standard,True,,64.5,64.49
518166,15.63,22.9,books,False,,26.15,29.27
518167,21.8,80.4,electronics,True,SAVE10,74.21,74.23
518168,0.62,228.7,electronics,False,,13.3,13.29
518169,22.74,22.1,standard,False,,46.58,46.57
518170,3.03,128.3,books,False,,11.26,11.87
518171,1.04,121.7,fragile,False,,8.79,8.81
518172,3.33,141.8,standard,False,,13.75,13.75
518173,6.7,156.7,clothing,True,,41.9,41.9
518174,13.74,136.5,clothing,False,,34.3,34.31
518175,1.93,140.1,standard,False,,10.86,10.88
518176,22.86,189.4,books,False,,46.05,50.6
518177,11.2,288.6,standard,False,,36.83,36.85
518178,24.58,257.1,books,False,,52.18,57.12
518179,17.93,5.8,electronics,False,,54.08,54.06
518180,6.79,32.9,books,False,,12.51,13.85
518181,5.46,268.8,electronics,False,,29.82,29.84
518182,20.52,198.9,electronics,False,,71.5,71.52
518183,14.59,20.1,fragile,False,SAVE10,35.05,35.06
518184,2.81,59.6,fragile,True,,21.25,32.22
518185,7.1,113.7,standard,True,,36.25,36.25
518186,3.54,60.5,standard,True,SAVE10,19.04,19.02
518187,15.03,125.5,fragile,False,,45.35,45.34
518188,22.34,95.3,food,False,,44.98,44.96
518189,9.51,269.1,fragile,False,SAVE10,34.36,34.37
518190,1.16,68.2,books,True,,17.09,17.33
518191,23.49,50.4,clothing,False,,49.5,49.51
518192,20.85,53.2,standard,False,,44.36,44.36
518193,1.34,216.2,standard,False,,13.49,13.47
518194,7.38,181.7,electronics,False,,31.22,31.21
518195,9.88,291.5,books,False,,30.38,32.37
518196,24.63,149.4,food,False,,51.8,51.78
518197,1.29,26.1,books,False,,3.37,3.63
518198,24.89,226.2,electronics,False,SAVE10,77.38,77.39
518199,15.73,77.5,clothing,False,SAVE10,31.8,31.8
518200,10.3,225.1,electronics,True,,69.67,69.66
518201,10.44,250.8,food,False,,31.33,31.33
518202,16.78,20.5,standard,False,,34.58,34.6
518203,8.13,17.5,fragile,False,,22.01,22.03
518204,7.84,296.2,clothing,False,,30.49,30.48
518205,19.9,256.2,fragile,True,,95.17,125.79
518206,8.43,243.0,electronics,False,,37.44,37.45
518207,20.35,164.8,food,True,,66.35,66.37
518208,8.82,172.6,electronics,False,,35.09,35.08
518209,17.22,249.7,food,False,SAVE10,39.13,39.12
518210,0.52,54.1,books,True,SAVE10,12.55,12.63
518211,13.74,238.4,fragile,False,,47.64,47.64
518212,11.31,225.1,fragile,False,,40.66,40.68
518213,19.69,96.6,electronics,False,,63.9,63.9
518214,15.42,15.9,clothing,False,,31.64,31.65
518215,16.56,236.7,clothing,False,,44.96,44.97
518216,4.74,55.8,books,True,SAVE10,18.86,19.72
518217,21.56,287.6,books,True,,82.64,86.94
518218,20.72,84.1,fragile,False,SAVE10,52.27,52.27
518219,13.19,159.7,clothing,False,,34.36,34.35
518220,16.6,293.4,food,False,,44.55,44.56
518221,7.12,23.6,books,False,SAVE10,11.31,12.6
518222,7.23,268.6,electronics,False,SAVE10,31.61,31.6
518223,14.0,274.1,clothing,True,,74.12,74.12
518224,11.32,28.1,standard,True,,31.86,31.87
518225,3.59,182.6,clothing,False,,16.31,16.3
518226,21.96,224.7,standard,False,,55.16,55.14
518227,18.04,203.0,standard,False,,46.23,46.22
518228,5.22,19.7,food,False,,10.38,10.39
518229,23.34,64.6,food,True,,56.7,56.7
518230,14.51,107.7,electronics,False,,48.92,48.9
518231,12.01,278.1,electronics,False,,49.94,49.92
518232,21.67,30.2,books,False,SAVE10,32.56,36.47
518233,3.03,290.3,electronics,False,,23.6,23.59
518234,2.74,41.2,fragile,False,,9.18,9.17
518235,24.43,10.2,books,True,,45.62,50.5
518236,3.48,69.8,food,False,,9.75,9.77
518237,11.49,54.7,books,False,,21.12,23.42
518238,24.42,184.7,fragile,False,,72.73,72.75
518239,8.22,259.4,fragile,False,,34.34,34.32
518240,23.21,88.5,clothing,True,,64.69,64.69
518241,4.49,221.3,electronics,True,,51.67,51.65
518242,22.17,14.6,food,False,,40.64,40.63
518243,0.53,7.2,books,True,,6.93,7.02
518244,12.89,147.7,standard,False,SAVE10,29.85,29.83
518245,23.41,25.1,food,False,,43.39,43.4
518246,19.6,103.4,fragile,True,,71.47,86.83
518247,17.19,65.8,clothing,True,SAVE10,44.32,44.31
518248,12.18,77.0,fragile,False,SAVE10,31.97,31.95
518249,19.48,51.2,fragile,False,,53.21,53.21
518250,18.04,284.7,fragile,False,SAVE10,55.03,55.04
518251,4.43,88.5,books,True,,25.36,26.23
518252,18.07,86.6,food,False,SAVE10,33.17,33.16
518253,20.36,160.6,electronics,False,,69.11,69.1
518254,17.04,179.6,clothing,False,SAVE10,38.75,38.74
518255,6.28,140.0,food,False,,18.3,18.31
518256,10.08,66.2,electronics,False,,33.55,33.56
518257,5.69,55.2,food,True,SAVE10,21.17,21.16
518258,9.64,43.5,standard,False,,21.46,21.47
518259,10.47,13.9,books,False,,17.45,19.55
518260,20.2,254.4,clothing,False,,53.12,53.11
518261,18.82,24.9,books,False,,31.36,35.11
518262,4.82,285.1,clothing,False,,23.9,23.9
518263,20.29,245.2,food,False,,48.78,48.79
518264,17.67,244.5,fragile,False,,58.17,58.15
518265,8.65,119.7,food,False,,21.56,21.54
518266,14.79,32.9,clothing,False,SAVE10,28.1,28.11
518267,3.16,223.5,clothing,True,,44.84,44.84
518268,4.56,103.6,standard,True,,29.66,29.66
518269,6.99,253.9,books,False,,23.88,25.26
518270,19.49,101.6,electronics,False,,63.55,63.55
518271,5.02,79.3,food,False,,13.0,13.02
518272,7.26,75.0,electronics,False,,25.53,25.54
518273,13.11,31.3,clothing,True,,35.92,35.92
518274,10.68,287.6,fragile,True,,75.91,109.67
518275,5.6,41.8,books,True,,20.23,21.34
518276,13.33,30.4,food,False,SAVE10,22.96,22.98
518277,24.95,104.6,fragile,True,SAVE10,77.0,90.91
518278,12.93,209.0,clothing,False,,36.31,36.32
518279,21.64,279.7,electronics,False,,78.9,78.92
518280,21.06,286.2,books,False,,48.01,52.22
518281,4.24,86.8,clothing,True,,26.5,26.5
518282,12.67,148.9,food,True,SAVE10,45.13,45.12
518283,11.21,174.1,electronics,True,,64.74,64.74
518284,20.51,252.7,books,True,,75.72,79.81
518285,17.68,193.5,clothing,False,,45.04,45.02
518286,15.94,196.1,electronics,False,,57.62,57.62
518287,22.46,256.2,standard,False,,57.73,57.74
518288,3.18,166.3,books,False,,13.4,14.06
518289,3.41,108.0,fragile,False,SAVE10,12.84,12.84
518290,12.39,276.8,books,True,,66.34,68.81
518291,16.55,208.9,books,True,SAVE10,56.53,59.5
518292,16.83,294.9,fragile,False,,58.5,58.5
518293,21.57,295.0,standard,False,,57.89,57.89
518294,4.81,131.4,standard,True,SAVE10,30.9,30.88
518295,3.07,271.8,electronics,False,,22.8,22.78
518296,9.05,8.4,standard,False,,18.52,18.51
518297,17.49,191.1,clothing,False,SAVE10,40.08,40.09
518298,7.86,297.9,clothing,True,,65.4,65.42
518299,18.27,195.8,food,False,,42.68,42.67
518300,13.86,84.5,fragile,False,,40.26,40.27
518301,7.58,73.4,fragile,False,,23.38,23.37
518302,14.19,155.5,clothing,False,,36.16,36.14
518303,11.86,28.2,standard,True,,32.95,32.96
518304,21.21,8.8,electronics,False,,64.07,64.06
518305,20.17,129.4,books,False,,38.74,42.76
518306,6.16,105.0,fragile,False,,21.27,21.27
518307,5.82,167.8,standard,False,,20.03,20.05
518308,21.22,117.1,electronics,False,,69.52,69.52
518309,21.29,78.1,books,False,SAVE10,34.17,38.0
518310,21.65,278.5,books,False,,48.56,52.89
518311,9.63,28.1,standard,True,,28.48,28.47
518312,3.62,61.9,food,False,,9.61,9.62
518313,13.87,29.7,clothing,False,,29.22,29.22
518314,23.84,290.6,food,False,,57.44,57.46
518315,14.87,160.4,fragile,False,SAVE10,42.01,42.02
518316,17.26,192.5,food,True,,64.94,64.95
518317,1.23,85.4,books,False,,6.24,6.49
518318,10.55,113.4,books,False,,22.55,24.65
518319,4.82,237.1,standard,False,,21.5,21.49
518320,2.49,199.4,clothing,False,SAVE10,13.46,13.47
518321,5.87,60.5,clothing,False,SAVE10,13.29,13.28
518322,7.55,218.8,electronics,False,,33.59,33.57
518323,12.76,31.0,fragile,True,,42.83,50.94
518324,15.51,19.2,books,False,SAVE10,23.2,25.99
518325,13.76,8.3,standard,False,SAVE10,25.14,25.13
518326,9.26,123.3,electronics,False,,33.94,33.96
518327,4.24,266.0,standard,False,SAVE10,19.6,19.6
518328,12.64,269.9,electronics,True,,83.4,83.4
518329,22.51,41.9,books,False,,38.11,42.63
518330,22.52,143.4,electronics,True,,94.07,94.08
518331,22.91,276.6,books,True,,83.15,87.75
518332,22.33,54.0,books,True,,48.83,53.3
518333,14.55,52.1,standard,False,,31.7,31.72
518334,13.2,269.9,fragile,True,SAVE10,71.82,100.63
518335,5.92,128.4,standard,True,,36.1,36.11
518336,18.75,189.6,electronics,True,,89.69,89.71
518337,14.75,257.9,food,False,,39.44,39.44
518338,10.35,33.2,books,False,SAVE10,16.4,18.26
518339,1.99,128.7,standard,False,,10.42,10.41
518340,4.92,35.4,fragile,True,,23.1,31.64
518341,17.34,86.9,food,True,SAVE10,44.32,44.33
518342,13.13,154.7,standard,False,,34.0,33.98
518343,19.52,52.0,food,False,,37.74,37.73
518344,3.32,98.3,standard,False,SAVE10,10.4,10.38
518345,17.08,118.0,clothing,False,SAVE10,36.05,36.05
518346,22.05,58.4,books,True,,49.04,53.44
518347,1.25,58.1,fragile,False,,6.16,6.15
518348,24.43,261.4,fragile,False,,76.59,76.59
518349,1.98,251.9,books,False,,15.76,16.16
518350,18.34,163.9,clothing,False,,44.88,44.89
518351,13.58,278.6,books,True,,68.52,71.21
518352,8.11,47.6,fragile,True,,33.23,42.98
518353,9.1,283.2,electronics,False,,41.46,41.44
518354,1.38,62.7,standard,True,,17.16,17.18
518355,19.07,158.5,clothing,True,,66.91,66.9
518356,1.03,277.5,food,True,,48.48,48.49
518357,24.04,27.4,standard,False,,49.45,49.44
518358,24.27,8.0,electronics,False,SAVE10,65.89,65.89
518359,20.98,181.1,food,False,,46.82,46.84
518360,3.61,291.2,standard,True,,55.9,55.91
518361,15.72,246.7,food,False,,40.63,40.64
518362,20.4,71.6,fragile,False,,56.62,56.63
518363,10.42,165.2,electronics,True,,61.04,61.06
518364,10.88,287.0,standard,False,,36.11,36.1
518365,19.93,236.9,fragile,False,,63.66,63.65
518366,1.01,126.6,food,False,SAVE10,7.33,7.35
518367,9.7,239.1,books,False,,27.48,29.4
518368,21.17,134.0,fragile,False,,61.74,61.74
518369,20.11,248.8,books,True,,74.5,78.54
518370,23.2,127.5,food,False,,48.14,48.13
518371,21.74,39.7,food,False,,41.12,41.11
518372,5.41,37.1,books,True,,19.22,20.3
518373,23.17,7.1,books,False,,37.43,42.08
518374,6.59,84.8,clothing,False,,17.42,17.41
518375,13.99,211.9,books,False,,32.98,35.77
518376,14.61,81.6,clothing,False,,33.3,33.29
518377,16.93,180.1,clothing,False,,42.86,42.88
518378,15.71,43.7,clothing,False,,33.61,33.6
518379,6.13,60.8,standard,True,,26.38,26.36
518380,21.79,210.5,clothing,False,SAVE10,48.69,48.69
518381,4.14,298.7,food,False,,22.39,22.39
518382,18.72,243.1,standard,False,,49.6,49.58
518383,0.6,218.5,fragile,False,SAVE10,11.24,11.22
518384,22.42,44.6,books,True,SAVE10,42.81,46.83
518385,22.02,74.8,food,False,,43.38,43.39
518386,6.91,288.1,electronics,False,,35.14,35.14
518387,14.04,99.9,clothing,False,,33.08,33.08
518388,12.35,288.9,standard,False,SAVE10,35.23,35.22
518389,23.34,45.2,food,True,,53.79,53.78
518390,7.64,83.9,standard,False,,19.48,19.46
518391,2.37,191.6,electronics,False,,16.69,16.69
518392,10.23,71.8,clothing,False,,24.05,24.04
518393,8.08,25.2,fragile,False,,22.27,22.27
518394,6.92,198.5,electronics,True,,55.54,55.53
518395,19.52,64.0,food,False,,38.34,38.34
518396,9.9,86.4,clothing,True,,37.76,37.75
518397,3.95,28.8,clothing,False,,9.34,9.35
518398,5.04,213.3,electronics,True,,52.12,52.12
518399,21.81,14.4,standard,False,,44.34,44.35
518400,11.87,52.0,clothing,True,,36.54,36.55
518401,5.44,104.2,electronics,False,,21.53,21.52
518402,12.2,214.3,electronics,False,,47.32,47.32
518403,3.18,116.2,food,False,,11.53,11.52
518404,12.26,226.7,standard,False,,35.86,35.85
518405,6.35,194.6,clothing,False,SAVE10,20.19,20.18
518406,9.89,44.5,standard,True,,31.46,31.45
518407,23.31,107.9,food,True,,63.14,63.14
518408,12.36,250.3,standard,False,,37.24,37.22
518409,18.59,185.1,books,False,,39.0,42.71
518410,8.46,152.3,standard,False,,24.54,24.54
518411,5.22,15.9,books,False,,9.15,10.18
518412,9.01,277.0,electronics,False,SAVE10,36.79,36.81
518413,5.69,206.8,standard,False,,21.72,21.71
518414,12.98,69.6,clothing,False,,29.44,29.43
518415,17.0,289.8,electronics,False,,65.49,65.5
518416,6.99,128.0,standard,False,,20.38,20.39
518417,17.73,26.1,books,True,,37.28,40.85
518418,13.05,129.2,electronics,False,,45.61,45.62
518419,19.96,113.5,fragile,False,,57.57,57.59
518420,19.16,200.6,food,True,,69.58,69.59
518421,23.58,75.1,food,True,,58.71,58.71
518422,17.32,57.1,food,False,,34.03,34.03
518423,2.06,235.7,standard,True,,44.48,44.47
518424,8.91,26.8,fragile,True,,32.19,39.85
518425,10.22,150.0,books,True,,43.85,45.88
518426,21.88,85.2,electronics,True,,83.42,83.43
518427,21.74,95.4,electronics,False,,69.99,69.98
518428,5.82,14.9,clothing,True,,18.88,18.87
518429,22.5,265.1,fragile,True,SAVE10,92.94,121.31
518430,10.64,78.9,electronics,False,SAVE10,32.28,32.29
518431,17.0,261.0,fragile,False,SAVE10,51.52,51.53
518432,16.88,85.8,food,True,,48.25,48.24
518433,11.06,299.3,clothing,False,,37.08,37.1
518434,14.27,252.4,standard,False,,41.16,41.16
518435,12.04,110.9,books,False,,24.81,27.24
518436,17.23,194.8,food,False,,40.75,40.77
518437,20.75,216.0,standard,False,,52.3,52.3
518438,13.79,193.4,electronics,False,,51.04,51.05
518439,22.01,249.9,standard,True,,86.5,86.49
518440,12.81,29.3,clothing,False,,27.08,27.1
518441,1.81,243.0,clothing,True,,45.07,45.08
518442,15.11,247.8,clothing,False,,42.61,42.62
518443,8.44,270.7,electronics,False,,38.86,38.84
518444,18.57,68.6,standard,False,,40.57,40.55
518445,7.46,249.8,food,True,SAVE10,50.31,50.29
518446,16.28,39.3,standard,False,,34.53,34.51
518447,5.22,199.1,fragile,False,,23.53,23.54
518448,16.39,13.5,electronics,False,,49.84,49.85
518449,15.24,192.5,food,False,,37.06,37.07
518450,17.46,287.9,standard,False,,49.32,49.33
518451,1.3,203.0,standard,False,,12.75,12.75
518452,11.54,97.5,books,True,,38.09,40.41
518453,18.77,45.2,electronics,False,,58.57,58.57
518454,11.45,252.0,books,True,,61.12,63.41
518455,7.66,87.3,fragile,False,,24.28,24.29
518456,18.95,165.4,standard,False,,46.17,46.17
518457,17.1,253.4,food,False,,43.45,43.44
518458,11.35,88.1,books,False,,22.56,24.85
518459,21.12,264.7,standard,False,,55.48,55.48
518460,17.14,161.2,standard,False,SAVE10,38.11,38.11
518461,24.88,84.8,books,True,,57.53,62.51
518462,16.62,102.4,standard,False,,38.36,38.37
518463,24.16,72.5,food,True,,59.36,59.35
518464,18.56,13.5,electronics,True,SAVE10,56.43,56.44
518465,11.53,224.6,fragile,False,,41.21,41.2
518466,0.72,122.8,fragile,True,SAVE10,22.76,38.33
518467,18.53,119.2,books,False,,35.61,39.31
518468,11.0,150.8,books,False,SAVE10,22.63,24.59
518469,21.66,100.8,fragile,False,SAVE10,55.22,55.22
518470,22.16,205.5,fragile,False,,67.89,67.89
518471,20.91,166.6,electronics,False,,71.06,71.07
518472,13.93,278.5,fragile,True,,82.99,115.82
518473,15.98,87.9,food,True,,46.95,46.94
518474,16.21,96.9,fragile,True,,61.68,76.36
518475,11.43,120.6,clothing,False,,28.89,28.89
518476,10.35,98.2,fragile,False,,31.82,31.81
518477,24.47,25.8,food,False,,45.34,45.33
518478,0.53,227.4,books,True,,39.96,40.06
518479,21.76,104.7,books,False,,40.05,44.4
518480,3.71,243.8,electronics,False,,23.32,23.3
518481,3.25,73.9,clothing,True,,22.58,22.57
518482,19.37,24.0,standard,True,,47.34,47.33
518483,0.86,161.8,electronics,False,,10.67,10.68
518484,16.7,149.1,clothing,False,,40.85,40.86
518485,6.4,161.4,electronics,True,,48.41,48.4
518486,21.53,210.4,clothing,False,,53.58,53.59
518487,14.34,187.4,books,False,SAVE10,29.08,31.67
518488,6.13,138.0,standard,False,SAVE10,17.24,17.24
518489,14.8,286.6,food,False,,40.97,40.98
518490,18.45,144.2,fragile,False,SAVE10,49.66,49.67
518491,21.29,44.3,electronics,True,,75.51,75.53
518492,0.98,265.5,standard,True,SAVE10,42.11,42.1
518493,23.16,208.1,clothing,False,,56.72,56.74
518494,20.72,130.3,standard,False,,47.96,47.95
518495,6.2,176.7,books,False,,18.76,20.0
518496,15.25,71.5,food,True,SAVE10,38.86,38.85
518497,13.34,15.8,standard,False,,27.47,27.48
518498,15.35,47.9,clothing,True,,42.88,42.87
518499,6.48,182.7,standard,True,,45.36,45.35
518500,23.12,106.6,food,True,,62.61,62.61
518501,17.8,11.1,food,False,,32.6,32.58
518502,14.38,34.1,clothing,True,SAVE10,34.99,35.0
518503,23.72,102.2,electronics,True,,91.49,91.49
518504,9.58,14.4,fragile,True,SAVE10,28.86,34.66
518505,13.67,146.6,food,False,SAVE10,28.74,28.75
518506,16.01,204.4,standard,True,,67.68,67.68
518507,15.61,57.3,standard,False,,34.08,34.08
518508,8.71,272.7,books,True,,59.84,61.57
518509,15.08,151.0,clothing,True,SAVE10,52.03,52.04
518510,10.99,166.4,books,False,,25.9,28.09
518511,18.31,238.5,books,False,,41.22,44.89
518512,9.4,220.9,electronics,False,,39.25,39.25
518513,11.53,118.0,clothing,True,,45.76,45.77
518514,14.94,127.1,fragile,False,,45.2,45.18
518515,5.04,201.4,electronics,False,,25.19,25.19
518516,13.88,48.8,food,True,,37.3,37.32
518517,22.03,271.4,standard,True,SAVE10,80.79,80.8
518518,17.53,133.6,food,True,,56.59,56.59
518519,12.76,103.9,books,True,,41.0,43.56
518520,3.67,149.9,books,False,SAVE10,12.03,12.68
518521,14.58,179.4,clothing,False,SAVE10,34.32,34.3
518522,10.6,263.8,books,True,,61.53,63.63
518523,9.71,85.3,electronics,True,,46.92,46.91
518524,18.07,274.1,books,True,SAVE10,67.52,70.76
518525,24.38,170.5,clothing,True,,79.33,79.35
518526,13.2,268.7,food,True,,69.06,69.07
518527,5.05,188.9,books,False,,17.52,18.54
518528,17.13,243.6,standard,True,SAVE10,68.22,68.24
518529,11.55,15.3,books,False,,19.24,21.56
518530,21.35,131.0,fragile,False,SAVE10,55.85,55.86
518531,18.99,53.0,standard,False,SAVE10,36.57,36.57
518532,9.23,53.5,books,True,,27.79,29.65
518533,20.67,170.6,standard,False,,49.87,49.86
518534,13.58,7.4,fragile,False,,35.68,35.68
518535,17.82,6.5,books,True,SAVE10,31.04,34.23
518536,2.0,190.6,electronics,False,,15.53,15.54
518537,7.3,51.2,standard,False,,17.16,17.15
518538,21.47,200.7,fragile,False,,65.86,65.84
518539,1.02,130.9,electronics,False,SAVE10,8.64,8.63
518540,17.34,268.2,clothing,True,,79.91,79.91
518541,23.18,212.3,books,True,,73.93,78.56
518542,21.15,159.0,standard,False,SAVE10,45.22,45.22
518543,4.24,61.5,food,False,,10.71,10.71
518544,3.62,269.7,standard,False,,20.72,20.74
518545,9.71,124.8,clothing,False,,25.66,25.66
518546,1.97,296.2,books,False,,17.96,18.34
518547,15.55,86.0,food,True,,45.89,45.88
518548,16.63,116.6,books,True,,49.1,52.43
518549,17.21,206.4,fragile,False,,55.07,55.07
518550,20.72,57.0,electronics,True,,75.71,75.7
518551,8.34,12.5,food,False,,15.64,15.62
518552,0.86,160.6,clothing,False,,9.75,9.75
518553,4.89,63.5,electronics,False,,17.84,17.83
518554,20.63,249.3,electronics,False,,74.36,74.36
518555,4.13,185.5,fragile,False,SAVE10,18.01,17.99
518556,3.1,70.3,books,False,,8.48,9.11
518557,17.34,156.3,food,True,SAVE10,53.69,53.67
518558,15.43,272.1,electronics,True,SAVE10,82.89,82.89
518559,22.96,166.0,food,True,,71.23,71.21
518560,20.38,157.0,clothing,False,,48.61,48.59
518561,22.0,10.0,clothing,False,,44.5,44.5
518562,22.6,195.9,electronics,False,,77.6,77.59
518563,0.81,153.1,food,True,,29.42,29.42
518564,23.77,198.8,food,True,,77.61,77.59
518565,6.96,88.3,electronics,False,SAVE10,22.77,22.76
518566,2.79,286.1,standard,False,SAVE10,17.9,17.88
518567,22.62,278.1,electronics,False,,81.76,81.78
518568,7.79,87.7,standard,False,SAVE10,17.97,17.97
518569,4.03,128.9,books,False,SAVE10,11.6,12.34
518570,14.37,168.9,books,True,,53.33,56.19
518571,20.75,199.1,fragile,True,,88.82,113.72
518572,8.45,49.7,books,True,,25.98,27.66
518573,21.48,249.2,standard,False,,55.42,55.44
518574,24.23,289.5,fragile,False,SAVE10,69.73,69.72
518575,13.59,85.4,clothing,True,,44.99,45.01
518576,6.16,49.8,clothing,False,,14.81,14.82
518577,7.81,144.8,books,False,,19.74,21.29
518578,4.63,202.9,clothing,True,,44.7,44.69
518579,11.32,294.9,fragile,False,,44.18,44.19
518580,10.23,136.4,clothing,False,SAVE10,24.55,24.56
518581,7.63,287.1,food,True,,61.8,61.81
518582,10.4,45.7,standard,True,SAVE10,29.39,29.37
518583,6.92,60.1,books,False,,14.08,15.48
518584,21.52,282.0,electronics,False,,78.66,78.67
518585,22.94,286.8,fragile,True,,107.66,141.33
518586,11.15,5.8,books,False,,18.13,20.34
518587,3.35,159.6,standard,False,,14.68,14.66
518588,7.68,218.1,food,False,,24.73,24.72
518589,17.26,225.1,clothing,False,,45.78,45.76
518590,24.5,181.6,fragile,False,,72.78,72.78
518591,19.03,118.0,standard,False,SAVE10,39.56,39.56
518592,2.11,115.5,food,False,,9.57,9.56
518593,9.03,63.3,books,False,,17.61,19.43
518594,2.14,131.2,food,False,,10.41,10.42
518595,14.26,124.2,books,False,,29.03,31.89
518596,10.18,45.0,electronics,False,,32.79,32.78
518597,11.45,299.2,books,False,,33.28,35.57
518598,7.49,121.3,clothing,True,SAVE10,34.36,34.36
518599,2.7,36.6,standard,False,,7.23,7.22
518600,19.68,205.2,electronics,True,,94.82,94.83
518601,8.93,212.4,books,False,,24.91,26.71
518602,2.22,265.2,food,False,,17.26,17.24
518603,5.45,114.2,standard,True,,33.03,33.04
518604,1.71,279.7,food,False,,17.06,17.07
518605,21.92,271.9,electronics,False,,79.36,79.36
518606,4.72,259.8,fragile,False,,25.26,25.26
518607,23.5,140.3,electronics,True,,96.54,96.53
518608,24.3,283.8,food,False,,57.93,57.91
518609,3.5,258.4,fragile,False,SAVE10,19.82,19.83
518610,19.85,232.3,electronics,False,,71.17,71.17
518611,5.77,54.5,food,False,SAVE10,11.8,11.81
518612,17.96,151.2,books,False,,36.3,39.9
518613,24.18,94.0,books,True,,57.79,62.64
518614,11.85,280.8,fragile,False,,44.85,44.87
518615,5.77,7.8,electronics,True,,23.48,23.47
518616,16.66,221.4,electronics,False,,61.05,61.06
518617,15.41,119.5,electronics,False,,52.21,52.19
518618,6.47,266.0,fragile,True,,61.72,93.32
518619,13.7,220.3,electronics,True,SAVE10,71.23,71.25
518620,12.95,6.1,fragile,False,,33.98,33.97
518621,10.56,33.4,electronics,False,,33.35,33.36
518622,9.64,26.0,books,True,SAVE10,21.89,23.62
518623,23.09,154.2,electronics,False,,76.98,76.97
518624,16.68,108.9,standard,False,,38.8,38.8
518625,10.56,253.2,clothing,False,,33.78,33.77
518626,14.3,238.6,food,True,SAVE10,59.88,59.88
518627,15.85,105.9,fragile,False,,46.5,46.51
518628,21.8,242.6,electronics,False,,77.53,77.52
518629,11.53,242.1,books,False,,30.55,32.86
518630,20.45,232.6,fragile,False,,64.8,64.8
518631,4.38,42.1,books,True,,18.32,19.18
518632,18.37,229.9,food,False,,44.56,44.58
518633,17.7,214.2,food,False,,42.57,42.59
518634,0.8,190.0,clothing,True,,35.1,35.1
518635,16.28,119.4,standard,True,SAVE10,49.92,49.94
518636,2.3,256.1,clothing,False,,17.4,17.42
518637,22.78,177.5,clothing,False,,54.44,54.43
518638,14.1,95.8,standard,False,,32.99,32.97
518639,4.18,223.9,electronics,False,,23.74,23.72
518640,18.44,34.9,clothing,False,,38.62,38.61
518641,7.19,155.3,standard,True,SAVE10,38.41,38.41
518642,2.19,100.6,fragile,False,SAVE10,9.65,9.67
518643,14.26,168.9,clothing,True,,58.86,58.86
518644,20.1,254.7,food,True,,79.39,79.39
518645,18.0,58.4,books,False,SAVE10,28.55,31.77
518646,20.17,277.6,fragile,False,SAVE10,59.69,59.68
518647,17.91,248.3,clothing,False,,48.24,48.22
518648,9.94,16.7,standard,True,,27.38,27.37
518649,5.83,35.2,clothing,False,SAVE10,12.08,12.07
518650,8.8,37.1,electronics,True,,36.97,36.96
518651,20.89,234.8,electronics,False,,74.41,74.39
518652,1.07,212.5,clothing,False,,12.76,12.76
518653,2.39,271.9,standard,False,SAVE10,16.54,16.52
518654,23.01,216.7,electronics,False,,79.87,79.86
518655,0.75,265.3,standard,True,,46.3,46.29
518656,14.1,143.1,standard,False,,35.35,35.35
518657,22.44,140.9,books,True,,62.04,66.53
518658,13.27,168.6,clothing,True,,56.83,56.82
518659,18.73,75.4,books,False,,33.74,37.47
518660,1.24,60.2,books,False,,4.99,5.26
518661,18.59,155.6,clothing,False,,44.96,44.95
518662,15.63,298.5,fragile,False,SAVE10,50.01,50.01
518663,16.01,109.7,books,False,,31.1,34.28
518664,7.25,233.3,electronics,True,,61.74,61.73
518665,15.44,177.2,clothing,False,,39.74,39.75
518666,19.19,285.2,fragile,True,,97.67,131.2
518667,21.19,182.0,books,False,,43.0,47.25
518668,2.39,45.8,books,False,,6.11,6.6
518669,22.2,261.9,fragile,True,,102.0,133.19
518670,17.95,90.5,fragile,True,,65.24,79.29
518671,13.86,204.1,standard,False,,37.92,37.92
518672,18.54,33.3,standard,True,,47.08,47.06
518673,18.81,120.2,books,False,,36.11,39.85
518674,14.0,201.7,food,True,,60.46,60.47
518675,21.56,136.8,fragile,False,,62.9,62.9
518676,21.91,118.8,fragile,False,,62.91,62.9
518677,20.31,153.5,food,True,,64.58,64.58
518678,5.93,112.2,books,False,,15.1,16.26
518679,9.98,287.6,standard,False,SAVE10,30.91,30.89
518680,23.06,213.2,electronics,True,SAVE10,95.54,95.55
518681,14.37,271.5,clothing,False,,42.32,42.32
518682,4.66,251.5,clothing,False,,21.9,21.91
518683,20.26,289.6,food,False,,50.95,50.94
518684,4.8,280.7,standard,False,,23.64,23.62
518685,24.11,228.1,food,False,,54.8,54.79
518686,16.67,42.7,fragile,False,,45.48,45.46
518687,23.73,250.5,electronics,True,,113.76,113.76
518688,8.17,215.3,books,False,,23.84,25.45
518689,22.12,260.4,clothing,False,,57.26,57.27
518690,8.0,279.6,electronics,True,,70.94,70.92
518691,2.37,8.5,food,True,,10.54,10.54
518692,18.98,188.4,fragile,False,SAVE10,52.89,52.88
518693,23.33,39.8,food,True,SAVE10,47.67,47.67
518694,23.13,31.9,electronics,False,,70.98,70.97
518695,3.78,156.2,food,False,,14.61,14.63
518696,14.12,15.0,clothing,False,,28.99,29.01
518697,16.85,63.2,electronics,False,SAVE10,48.34,48.32
518698,8.2,163.1,food,False,,22.92,22.93
518699,18.4,227.9,standard,False,,48.2,48.18
518700,9.73,60.9,standard,False,SAVE10,20.25,20.27
518701,21.71,185.8,clothing,True,,76.29,76.29
518702,14.27,187.1,fragile,True,,70.17,93.86
518703,11.02,11.2,fragile,False,SAVE10,26.29,26.27
518704,12.78,116.7,clothing,False,,31.4,31.39
518705,10.65,28.6,electronics,False,,33.38,33.39
518706,12.38,58.6,electronics,False,,40.07,40.08
518707,17.62,51.5,clothing,False,,37.82,37.81
518708,8.56,32.2,standard,False,,18.73,18.74
518709,1.08,75.7,electronics,False,SAVE10,6.32,6.32
518710,17.17,89.8,fragile,True,,63.11,77.09
518711,11.52,205.8,clothing,False,,33.33,33.33
518712,21.66,138.2,electronics,False,,71.89,71.88
518713,1.05,177.7,standard,False,SAVE10,9.89,9.88
518714,19.27,230.8,clothing,False,,50.08,50.08
518715,7.88,41.7,electronics,True,,34.9,34.9
518716,20.47,66.4,food,False,,40.17,40.15
518717,8.41,47.5,books,False,,15.83,17.53
518718,3.5,20.6,standard,False,,8.03,8.01
518719,16.34,151.6,electronics,True,SAVE10,69.08,69.07
518720,5.69,285.5,food,False,,24.52,24.52
518721,20.06,236.0,electronics,False,,71.98,72.0
518722,14.06,275.2,fragile,True,,82.84,115.35
518723,21.36,27.3,books,False,SAVE10,31.99,35.81
518724,17.02,234.3,standard,False,SAVE10,41.18,41.17
518725,11.59,23.3,clothing,False,,24.34,24.35
518726,15.26,239.8,fragile,False,,51.67,51.68
518727,1.86,44.2,food,True,,14.98,14.98
518728,2.96,81.7,standard,False,,10.0,10.01
518729,6.64,201.8,clothing,False,,23.37,23.36
518730,13.1,76.5,fragile,False,,37.89,37.9
518731,22.48,91.7,electronics,False,,72.02,72.04
518732,0.72,16.5,food,True,,8.77,8.76
518733,6.92,262.6,food,False,,25.59,25.6
518734,2.72,38.6,fragile,False,,9.0,9.01
518735,20.59,188.2,food,True,,70.29,70.28
518736,22.18,184.5,electronics,True,,99.21,99.2
518737,14.06,202.8,fragile,False,,46.7,46.7
518738,5.87,41.9,electronics,False,,19.7,19.7
518739,20.74,207.2,books,True,,69.26,73.41
518740,8.62,194.2,clothing,False,,26.95,26.97
518741,15.64,146.4,fragile,False,,47.98,47.97
518742,19.97,100.6,electronics,False,,64.94,64.94
518743,8.8,296.0,clothing,False,,32.4,32.38
518744,5.75,85.4,books,False,,13.47,14.61
518745,2.2,103.4,electronics,False,,11.77,11.77
518746,23.01,35.2,electronics,False,SAVE10,63.71,63.71
518747,1.39,58.1,clothing,False,,5.68,5.7
518748,20.59,105.8,clothing,True,,62.05,62.06
518749,23.44,85.4,books,False,,41.77,46.45
518750,10.72,113.1,fragile,False,SAVE10,30.17,30.16
518751,3.81,40.9,standard,True,,18.76,18.75
518752,17.35,193.4,electronics,True,,86.06,86.06
518753,5.32,215.9,electronics,False,,26.76,26.76
518754,11.22,13.9,standard,True,SAVE10,26.57,26.56
518755,8.61,153.6,food,True,,43.54,43.55
518756,18.33,261.7,books,False,SAVE10,38.17,41.46
518757,18.83,23.5,fragile,False,,50.13,50.12
518758,15.65,66.1,fragile,False,,44.0,44.01
518759,12.96,167.7,electronics,False,,47.26,47.28
518760,18.63,44.1,fragile,False,,50.64,50.64
518761,4.93,81.1,standard,True,,27.02,27.02
518762,5.47,108.4,books,False,,14.17,15.26
518763,4.73,202.9,standard,True,,44.9,44.9
518764,5.19,201.3,books,False,SAVE10,16.53,17.48
518765,11.61,65.4,books,True,SAVE10,30.05,32.13
518766,4.01,234.3,clothing,False,,19.74,19.73
518767,23.2,160.4,electronics,True,,98.66,98.65
518768,2.23,118.5,fragile,False,,11.72,11.73
518769,23.35,268.6,electronics,False,,83.48,83.49
518770,19.94,49.9,clothing,False,,42.38,42.39
518771,14.06,48.4,clothing,True,,40.38,40.39
518772,13.39,214.1,fragile,False,,45.52,45.51
518773,20.03,51.2,books,False,,34.61,38.6
518774,8.53,54.9,electronics,False,,28.33,28.34
518775,20.44,132.7,fragile,False,SAVE10,53.8,53.82
518776,11.09,36.2,standard,False,,23.99,23.98
518777,20.18,185.6,books,False,,41.57,45.6
518778,13.16,187.6,food,True,,56.83,56.82
518779,24.42,36.1,food,False,,45.76,45.76
518780,15.57,30.8,clothing,False,,32.68,32.66
518781,16.26,77.1,standard,True,,49.08,49.07
518782,6.23,32.0,books,True,,19.77,21.01
518783,24.96,297.5,clothing,False,,64.8,64.81
518784,2.07,206.6,food,True,,39.72,39.7
518785,1.14,200.5,food,False,,12.08,12.07
518786,9.21,260.7,standard,False,,31.46,31.46
518787,24.54,216.9,food,False,,55.02,55.02
518788,6.9,189.5,fragile,False,,27.42,27.4
518789,2.19,51.3,electronics,False,,9.14,9.15
518790,8.36,205.4,clothing,False,,26.99,27.0
518791,19.23,228.8,fragile,True,SAVE10,80.39,105.49
518792,19.87,53.5,electronics,False,,62.28,62.3
518793,2.41,30.3,books,False,,5.37,5.87
518794,10.7,52.1,books,True,,29.94,32.08
518795,11.0,204.8,books,False,,27.84,30.03
518796,4.74,137.3,books,True,,33.18,34.13
518797,4.14,166.1,books,True,,36.54,37.39
518798,8.36,231.3,food,False,,26.61,26.62
518799,9.91,278.0,standard,False,,33.72,33.72
518800,15.34,211.1,electronics,False,SAVE10,50.92,50.91
518801,16.52,142.9,food,False,,36.88,36.88
518802,15.52,170.7,electronics,False,,55.1,55.08
518803,10.85,72.1,electronics,True,,48.36,48.35
518804,4.77,174.9,fragile,False,,21.15,21.13
518805,3.25,224.2,books,True,,43.83,44.49
518806,3.87,247.5,electronics,False,,23.98,23.99
518807,18.49,186.6,standard,False,,46.31,46.32
518808,5.18,287.4,books,False,,22.66,23.69
518809,12.1,176.9,food,False,SAVE10,27.56,27.55
518810,6.52,264.8,clothing,False,,26.28,26.28
518811,6.99,38.5,food,True,,23.36,23.35
518812,18.75,209.7,electronics,True,,92.7,92.69
518813,19.83,159.3,standard,False,SAVE10,42.86,42.85
518814,13.66,71.5,fragile,False,SAVE10,35.18,35.19
518815,15.81,69.4,electronics,False,SAVE10,45.81,45.79
518816,16.05,232.6,electronics,False,,59.78,59.78
518817,20.05,145.0,books,True,,58.83,62.83
518818,0.53,48.5,electronics,False,SAVE10,3.61,3.62
518819,7.09,286.8,books,False,,25.68,27.09
518820,19.96,95.8,fragile,False,,56.69,56.68
518821,24.99,124.3,electronics,False,SAVE10,73.07,73.07
518822,17.65,78.7,fragile,False,,49.82,49.82
518823,20.69,147.4,food,False,,44.61,44.61
518824,5.03,90.2,standard,False,,14.57,14.58
518825,1.42,271.5,electronics,False,,17.84,17.83
518826,23.49,280.0,fragile,False,,75.07,75.09
518827,6.45,238.5,standard,False,,24.83,24.83
518828,7.28,144.2,electronics,False,,29.05,29.06
518829,16.07,167.8,clothing,False,SAVE10,36.48,36.49
518830,13.14,206.0,books,True,,56.92,59.54
518831,21.18,216.9,food,False,,48.97,48.96
518832,6.41,137.6,books,False,SAVE10,15.42,16.56
518833,4.81,165.5,clothing,False,,17.9,17.88
518834,2.43,174.5,electronics,False,SAVE10,14.41,14.4
518835,19.89,188.7,fragile,True,,85.02,108.89
518836,16.51,57.6,fragile,False,,45.81,45.79
518837,17.11,268.9,fragile,True,,89.82,121.72
518838,7.04,116.8,electronics,False,,26.96,26.97
518839,5.36,182.9,electronics,True,SAVE10,43.66,43.68
518840,18.35,219.5,electronics,False,,66.03,66.03
518841,20.13,132.9,books,False,SAVE10,34.97,38.59
518842,7.56,83.1,electronics,True,SAVE10,36.13,36.12
518843,8.21,170.3,standard,False,,24.94,24.92
518844,19.94,28.1,fragile,True,,61.06,68.85
518845,20.19,93.6,fragile,True,SAVE10,64.38,77.3
518846,4.71,149.0,fragile,False,SAVE10,17.73,17.74
518847,6.91,264.9,electronics,False,,33.98,33.99
518848,19.09,125.9,standard,False,,44.48,44.49
518849,17.81,237.0,fragile,False,,58.16,58.15
518850,9.84,93.8,books,True,,34.81,36.79
518851,20.1,181.9,books,True,,64.45,68.47
518852,17.42,253.9,fragile,False,,57.99,57.99
518853,11.19,266.0,clothing,False,SAVE10,32.11,32.12
518854,12.67,266.1,food,False,,36.11,36.1
518855,5.63,256.5,standard,False,SAVE10,21.68,21.67
518856,10.45,68.9,books,False,SAVE10,18.15,20.03
518857,3.27,170.8,fragile,False,,17.04,17.02
518858,13.14,46.1,fragile,True,,46.08,55.68
518859,2.29,269.2,fragile,False,,19.41,19.43
518860,0.73,146.6,standard,False,,8.79,8.8
518861,24.09,54.7,fragile,False,,65.37,65.38
518862,3.85,256.3,standard,False,,20.52,20.52
518863,8.33,139.6,fragile,False,,28.64,28.62
518864,22.14,239.0,clothing,False,SAVE10,50.61,50.61
518865,2.53,56.0,food,True,,17.95,17.97
518866,14.62,194.0,books,False,,33.09,36.03
518867,12.74,152.7,electronics,False,,45.86,45.86
518868,14.88,188.0,clothing,False,SAVE10,35.24,35.25
518869,16.54,158.1,electronics,True,,78.34,78.33
518870,12.67,139.4,electronics,False,,44.98,44.98
518871,22.59,85.2,clothing,False,,49.44,49.45
518872,16.23,74.5,standard,True,,48.64,48.62
518873,4.32,247.9,standard,False,,21.04,21.05
518874,14.68,218.4,fragile,False,,49.09,49.07
518875,1.78,73.4,standard,False,,7.23,7.24
518876,6.92,131.5,books,False,,17.65,19.04
518877,22.63,187.4,books,False,,45.58,50.11
518878,1.88,67.6,electronics,False,,9.02,9.01
518879,8.9,211.0,clothing,False,,28.35,28.37
518880,2.17,210.6,standard,True,,40.93,40.94
518881,22.39,209.5,books,True,,72.25,76.73
518882,1.88,82.6,fragile,True,SAVE10,20.05,31.97
518883,14.31,206.8,fragile,True,SAVE10,65.9,89.03
518884,11.82,48.9,books,False,,21.36,23.74
518885,22.11,36.3,fragile,True,SAVE10,61.14,68.91
518886,1.67,173.5,clothing,False,,12.02,12.02
518887,0.88,77.8,fragile,False,,6.18,6.16
518888,20.71,101.6,clothing,False,,46.5,46.5
518889,4.99,14.2,clothing,False,,10.69,10.7
518890,11.24,80.9,food,False,,24.28,24.28
518891,22.81,214.5,electronics,False,,79.16,79.17
518892,8.29,161.7,electronics,False,,32.96,32.97
518893,5.71,283.1,standard,False,,25.58,25.56
518894,20.74,147.7,food,True,SAVE10,58.04,58.04
518895,20.16,260.6,clothing,True,,84.41,84.42
518896,24.85,103.2,electronics,True,,95.03,95.03
518897,19.93,88.3,standard,False,,44.28,44.26
518898,15.19,12.6,fragile,True,,46.38,52.65
518899,5.59,147.0,fragile,False,,21.88,21.89
518900,18.94,201.5,standard,False,,47.96,47.96
518901,14.08,51.6,standard,True,,40.9,40.9
518902,10.84,35.9,standard,False,SAVE10,21.13,21.13
518903,14.85,41.5,clothing,True,,40.92,40.91
518904,4.28,221.6,fragile,False,,22.21,22.19
518905,23.37,232.2,books,False,,49.0,53.67
518906,9.63,179.9,standard,False,,28.26,28.25
518907,23.29,90.7,food,True,,60.53,60.52
518908,19.6,55.4,fragile,False,,53.73,53.73
518909,16.39,134.9,fragile,False,,49.36,49.38
518910,7.41,187.9,standard,False,SAVE10,21.79,21.8
518911,17.65,245.6,clothing,False,,47.58,47.58
518912,9.49,93.5,standard,False,,23.66,23.65
518913,23.0,194.8,standard,False,,55.74,55.73
518914,9.34,219.2,electronics,False,SAVE10,35.08,35.07
518915,21.54,186.1,food,False,SAVE10,43.27,43.26
518916,1.65,178.0,electronics,False,,13.85,13.87
518917,20.28,291.9,fragile,False,,67.32,67.34
518918,12.77,12.7,electronics,False,,38.94,38.94
518919,15.21,174.4,fragile,False,,48.27,48.28
518920,15.71,19.8,standard,False,,32.41,32.41
518921,24.57,36.8,clothing,False,,50.98,50.98
518922,15.7,124.7,clothing,False,,37.64,37.64
518923,23.71,64.8,electronics,False,,74.37,74.38
518924,17.83,248.1,books,False,,40.93,44.49
518925,11.51,276.9,clothing,False,,36.86,36.88
518926,23.05,283.3,food,True,,88.98,88.97
518927,19.03,77.6,standard,False,,41.94,41.92
518928,17.62,134.0,clothing,False,,41.94,41.95
518929,23.0,293.1,electronics,False,,83.66,83.67
518930,5.16,254.6,food,True,,52.48,52.49
518931,4.93,69.2,fragile,False,,16.28,16.26
518932,15.29,23.9,electronics,False,,47.06,47.08
518933,9.06,214.9,books,False,SAVE10,22.72,24.33
518934,4.32,168.2,clothing,False,,17.05,17.04
518935,7.13,248.1,clothing,True,,56.48,56.48
518936,1.49,142.0,standard,False,,10.08,10.07
518937,20.9,115.7,electronics,True,,85.06,85.06
518938,3.49,48.6,fragile,False,,11.5,11.5
518939,1.17,254.9,standard,False,,15.08,15.07
518940,14.08,235.0,standard,True,,68.41,68.4
518941,6.97,278.5,food,False,,26.47,26.48
518942,4.2,212.5,fragile,False,,21.54,21.55
518943,13.22,145.2,books,False,,28.41,31.06
518944,10.69,287.6,food,False,,33.62,33.63
518945,9.97,75.5,food,True,,34.27,34.28
518946,16.68,296.7,standard,True,,82.86,82.87
518947,4.56,10.6,standard,True,SAVE10,14.14,14.15
518948,12.49,96.3,standard,True,SAVE10,39.98,39.97
518949,23.03,174.9,standard,False,,54.81,54.82
518950,9.34,77.9,electronics,True,SAVE10,40.23,40.22
518951,18.5,124.7,fragile,False,,54.34,54.32
518952,9.69,289.3,electronics,False,SAVE10,39.18,39.18
518953,6.41,76.8,books,True,,26.78,28.04
518954,10.08,43.4,food,False,,20.31,20.32
518955,2.25,217.0,clothing,True,,42.05,42.06
518956,7.52,207.8,standard,False,,25.43,25.45
518957,8.08,65.6,fragile,True,,35.85,47.4
518958,20.81,113.6,fragile,False,,59.79,59.77
518959,21.37,86.6,standard,False,SAVE10,42.36,42.36
518960,19.25,257.7,standard,False,,51.38,51.37
518961,12.66,233.5,fragile,True,,72.94,101.28
518962,2.26,23.2,fragile,False,,7.04,7.02
518963,17.38,64.9,standard,False,SAVE10,34.2,34.2
518964,12.82,293.5,electronics,False,SAVE10,47.82,47.81
518965,20.29,72.1,standard,False,,44.18,44.17
518966,12.3,269.6,standard,True,SAVE10,63.04,63.03
518967,1.62,116.5,books,False,,8.42,8.73
518968,13.23,86.7,clothing,True,,44.46,44.45
518969,3.54,283.3,clothing,True,,54.58,54.56
518970,22.33,60.0,books,False,,38.73,43.21
518971,1.73,228.0,electronics,True,,44.39,44.39
518972,11.16,160.5,standard,False,SAVE10,27.31,27.29
518973,3.86,160.4,books,False,SAVE10,12.78,13.48
518974,14.23,44.9,fragile,True,,48.73,58.24
518975,1.74,79.4,standard,False,,7.45,7.44
518976,24.48,46.1,clothing,False,,51.26,51.28
518977,16.47,149.1,fragile,False,SAVE10,45.25,45.26
518978,20.99,225.5,clothing,False,,53.26,53.25
518979,9.81,188.6,electronics,False,,38.86,38.88
518980,8.93,242.7,books,True,,55.69,57.5
518981,10.54,104.4,books,False,,22.08,24.19
518982,1.1,281.4,fragile,False,,16.93,16.94
518983,17.52,79.3,fragile,False,,49.52,49.53
518984,13.72,90.6,books,False,,26.48,29.22
518985,15.6,211.7,standard,False,,41.78,41.79
518986,8.06,202.7,books,False,SAVE10,20.73,22.17
518987,1.84,92.8,food,False,,7.95,7.95
518988,16.8,52.3,standard,True,,46.45,46.46
518989,20.94,276.2,books,False,,47.31,51.49
518990,10.33,272.4,fragile,False,,40.48,40.46
518991,10.47,230.9,electronics,True,,71.05,71.03
518992,6.87,213.6,books,False,,21.67,23.05
518993,6.06,242.4,fragile,True,,57.12,86.36
518994,18.74,280.6,clothing,False,,51.51,51.5
518995,13.71,278.9,food,True,,71.51,71.53
518996,24.64,147.7,clothing,False,,56.66,56.67
518997,15.48,148.6,electronics,False,,53.87,53.86
518998,4.84,256.2,clothing,False,,22.49,22.48
518999,6.92,287.9,clothing,False,,28.24,28.24
519000,17.04,12.9,standard,True,,41.02,41.0
519001,9.22,13.7,books,True,,21.81,23.66
519002,17.76,290.9,electronics,False,,67.82,67.82
519003,16.57,129.8,fragile,True,,67.55,85.55
519004,19.68,277.4,standard,False,,53.23,53.24
519005,15.24,233.6,books,True,,64.42,67.46
519006,12.68,281.5,food,False,,36.9,36.88
519007,12.87,59.1,fragile,True,SAVE10,42.59,52.41
519008,6.97,201.5,fragile,False,SAVE10,25.38,25.37
519009,5.35,42.9,food,True,,21.06,21.05
519010,20.95,245.4,food,False,,49.98,49.96
519011,17.14,66.3,standard,False,,37.6,37.59
519012,14.59,27.5,fragile,False,,39.31,39.32
519013,19.86,226.8,standard,True,,78.74,78.76
519014,2.74,213.6,clothing,False,,16.16,16.14
519015,15.18,234.9,books,False,,36.03,39.06
519016,21.1,85.9,food,True,,55.87,55.85
519017,14.51,180.4,standard,False,,38.04,38.02
519018,21.96,68.0,electronics,False,,69.28,69.28
519019,3.58,76.0,standard,True,,23.56,23.58
519020,23.8,156.4,standard,False,,55.42,55.43
519021,7.64,164.4,electronics,False,,31.14,31.14
519022,17.68,113.5,food,True,,53.85,53.84
519023,24.09,121.3,clothing,False,,54.24,54.23
519024,14.17,274.9,fragile,False,SAVE10,45.53,45.54
519025,7.49,53.6,fragile,True,,32.51,42.89
519026,24.53,186.9,electronics,False,,82.94,82.93
519027,6.84,299.9,food,False,,27.31,27.29
519028,18.07,169.9,fragile,True,,77.47,99.44
519029,14.95,59.3,food,True,,40.8,40.79
519030,13.13,64.6,clothing,False,,29.49,29.48
519031,19.58,97.5,food,False,SAVE10,36.11,36.09
519032,23.16,147.1,fragile,False,,67.57,67.55
519033,23.85,145.9,clothing,False,,55.0,54.99
519034,19.63,202.7,food,False,,45.47,45.48
519035,20.67,9.7,fragile,False,SAVE10,48.8,48.79
519036,1.22,162.2,food,False,,10.31,10.33
519037,9.62,5.1,books,True,,21.16,23.07
519038,14.27,298.1,fragile,False,,52.01,52.03
519039,12.14,127.8,food,False,,28.24,28.24
519040,23.41,197.7,books,False,SAVE10,42.61,46.83
519041,22.95,134.2,fragile,False,,66.38,66.37
519042,12.29,295.2,fragile,True,SAVE10,73.11,104.16
519043,23.04,229.5,books,False,,48.34,52.96
519044,9.18,106.1,standard,False,,23.66,23.66
519045,19.94,71.5,food,False,,39.47,39.46
519046,3.76,47.6,books,False,SAVE10,7.56,8.25
519047,24.75,130.9,standard,False,SAVE10,50.44,50.42
519048,11.59,252.2,clothing,True,SAVE10,59.41,59.41
519049,24.36,24.3,electronics,True,,81.72,81.73
519050,6.78,108.3,fragile,False,,23.04,23.04
519051,7.33,218.4,clothing,False,SAVE10,23.02,23.0
519052,7.38,118.0,standard,False,,20.66,20.66
519053,7.68,186.6,electronics,True,,56.03,56.05
519054,2.66,224.5,standard,False,,16.55,16.53
519055,19.81,146.6,electronics,False,,66.76,66.76
519056,13.01,174.8,food,True,,54.64,54.63
519057,13.11,27.5,electronics,True,,48.46,48.47
519058,6.99,57.3,books,True,,24.78,26.19
519059,12.29,46.9,books,False,SAVE10,19.81,22.02
519060,11.78,16.7,electronics,False,,36.17,36.19
519061,0.89,296.0,standard,True,,51.18,51.17
519062,7.84,144.7,food,False,,21.35,21.37
519063,4.69,153.6,food,False,,16.12,16.1
519064,7.8,178.2,food,False,,22.95,22.97
519065,11.01,246.1,food,False,,32.12,32.13
519066,24.66,274.9,food,True,SAVE10,81.56,81.56
519067,9.68,132.6,fragile,False,,31.8,31.81
519068,22.35,38.4,food,False,,42.15,42.14
519069,18.64,139.0,clothing,False,,44.23,44.22
519070,24.66,223.0,electronics,True,,112.43,112.43
519071,20.51,282.0,standard,True,,88.32,88.31
519072,23.57,39.5,food,False,,44.4,44.38
519073,4.1,122.4,standard,False,SAVE10,12.89,12.91
519074,19.71,204.9,food,False,,45.72,45.73
519075,9.08,90.6,food,True,,34.93,34.93
519076,10.11,209.1,books,True,,52.54,54.58
519077,3.21,215.0,fragile,False,,19.1,19.09
519078,4.01,219.8,food,False,SAVE10,16.39,16.37
519079,17.13,93.1,books,False,,32.06,35.48
519080,5.87,177.5,food,False,,19.44,19.43
519081,16.33,5.3,electronics,False,SAVE10,44.33,44.34
519082,9.21,165.4,standard,False,,26.69,26.71
519083,16.04,89.4,fragile,False,SAVE10,41.56,41.56
519084,15.85,189.8,standard,True,,65.17,65.15
519085,5.79,42.2,books,False,,11.37,12.52
519086,22.75,186.7,standard,False,,54.84,54.83
519087,17.96,299.6,electronics,False,,68.86,68.85
519088,14.35,54.2,books,False,,25.67,28.52
519089,15.67,156.7,electronics,False,SAVE10,49.36,49.36
519090,16.38,57.2,books,False,,29.07,32.36
519091,9.18,185.8,books,True,,47.56,49.38
519092,15.45,244.0,books,False,SAVE10,33.23,36.02
519093,4.32,86.7,food,False,,12.11,12.12
519094,24.7,81.8,fragile,False,,68.31,68.31
519095,17.66,259.0,fragile,False,,58.87,58.85
519096,19.29,171.7,food,False,,43.31,43.31
519097,18.78,111.1,standard,False,,43.12,43.12
519098,21.34,181.1,electronics,True,,96.18,96.2
519099,11.83,124.0,electronics,True,,59.09,59.07
519100,6.74,183.2,standard,True,,45.96,45.95
519101,1.28,133.0,clothing,True,,27.51,27.53
519102,13.12,281.1,books,True,,68.16,70.8
519103,4.29,42.0,standard,True,,19.88,19.9
519104,11.88,90.3,food,False,,25.9,25.91
519105,2.01,85.0,fragile,False,,9.48,9.47
519106,19.51,209.3,standard,False,,49.49,49.48
519107,9.25,100.0,fragile,False,,29.05,29.04
519108,7.99,94.0,books,True,,31.88,33.49
519109,20.13,228.3,food,False,,47.65,47.65
519110,10.25,131.8,fragile,False,,33.24,33.26
519111,12.01,142.2,clothing,False,SAVE10,28.02,28.01
519112,16.74,8.8,electronics,False,SAVE10,45.59,45.59
519113,1.32,192.7,standard,True,,36.54,36.56
519114,8.11,294.7,food,False,,29.33,29.34
519115,24.88,158.0,electronics,True,,103.34,103.34
519116,17.29,290.5,clothing,True,SAVE10,74.84,74.84
519117,3.69,266.1,standard,False,,20.68,20.67
519118,23.77,275.5,food,False,SAVE10,50.9,50.89
519119,23.29,76.2,food,False,,45.73,45.75
519120,16.55,150.6,clothing,False,SAVE10,36.57,36.58
519121,0.91,292.5,standard,False,SAVE10,14.8,14.8
519122,10.7,128.9,clothing,False,,27.84,27.84
519123,9.95,5.7,electronics,False,,30.14,30.12
519124,4.87,109.4,books,False,,13.26,14.23
519125,15.3,130.2,books,False,,30.99,34.04
519126,7.55,37.6,fragile,False,,21.51,21.51
519127,16.94,139.7,books,False,,34.09,37.47
519128,6.54,93.4,food,False,,16.44,16.45
519129,22.83,211.1,clothing,True,,82.32,82.34
519130,7.23,80.3,standard,False,,18.48,18.46
519131,0.85,272.6,standard,True,,47.59,47.57
519132,21.27,112.1,clothing,True,,64.35,64.36
519133,5.96,252.1,clothing,False,,24.52,24.52
519134,1.57,115.8,books,True,,24.88,25.22
519135,23.73,151.0,standard,False,,55.01,55.0
519136,8.42,30.2,books,True,,23.0,24.7
519137,17.7,163.6,food,True,,61.4,61.39
519138,3.17,41.7,food,False,,7.79,7.81
519139,20.32,281.9,standard,False,,54.74,54.74
519140,21.13,80.3,food,False,SAVE10,37.84,37.85
519141,7.3,180.7,clothing,True,SAVE10,42.03,42.03
519142,6.43,239.9,food,False,,23.57,23.57
519143,3.82,131.5,electronics,True,,36.18,36.17
519144,14.87,213.2,books,False,,34.45,37.41
519145,10.61,290.1,books,True,,65.49,67.59
519146,22.33,59.4,standard,True,,58.57,58.58
519147,9.55,149.3,books,False,,22.74,24.64
519148,12.93,153.7,standard,False,,33.54,33.55
519149,9.99,96.2,fragile,False,,30.78,30.77
519150,7.06,217.5,electronics,False,,32.06,32.07
519151,1.94,154.9,books,True,,31.34,31.73
519152,15.07,177.1,electronics,False,,54.06,54.05
519153,7.64,111.6,standard,False,,20.86,20.87
519154,22.78,213.2,standard,True,SAVE10,74.29,74.29
519155,16.52,138.1,standard,False,,39.94,39.96
519156,15.99,71.1,food,False,,32.34,32.32
519157,21.72,146.5,clothing,False,,50.76,50.78
519158,5.13,149.6,electronics,True,,42.83,42.84
519159,22.32,212.9,standard,False,,55.28,55.3
519160,20.49,246.0,electronics,False,,73.77,73.76
519161,5.03,114.1,electronics,False,,20.8,20.79
519162,5.87,80.8,food,False,,14.61,14.6
519163,1.61,288.4,electronics,False,SAVE10,17.32,17.33
519164,11.43,240.7,standard,True,SAVE10,57.57,57.59
519165,3.36,203.7,books,True,SAVE10,36.84,37.44
519166,20.44,225.5,fragile,True,,91.97,119.54
519167,7.28,44.7,electronics,False,SAVE10,21.67,21.65
519168,6.05,65.0,clothing,True,,26.85,26.86
519169,22.91,174.3,electronics,True,,99.88,99.88
519170,8.12,34.0,electronics,False,SAVE10,23.45,23.44
519171,8.71,283.8,fragile,False,SAVE10,33.15,33.15
519172,14.15,118.4,clothing,False,SAVE10,30.8,30.81
519173,13.7,17.2,fragile,False,SAVE10,32.83,32.82
519174,7.85,166.6,electronics,False,SAVE10,28.69,28.68
519175,15.64,98.1,standard,False,SAVE10,32.57,32.58
519176,5.77,138.5,clothing,True,,37.32,37.31
519177,16.93,159.2,books,False,,35.05,38.44
519178,8.15,204.0,fragile,False,,31.39,31.4
519179,6.04,295.1,clothing,False,,26.84,26.83
519180,8.91,44.0,books,True,SAVE10,23.27,24.88
519181,6.94,141.1,electronics,False,,27.88,27.88
519182,20.03,30.4,food,False,SAVE10,33.82,33.83
519183,19.1,160.4,electronics,False,,65.32,65.33
519184,3.23,18.9,electronics,False,,10.64,10.63
519185,22.5,20.7,food,True,,48.6,48.6
519186,20.61,223.1,clothing,False,,52.38,52.37
519187,2.83,215.6,clothing,False,,16.44,16.45
519188,12.62,127.5,electronics,False,,44.24,44.24
519189,13.36,42.0,food,False,,26.15,26.17
519190,12.9,73.0,standard,False,,29.45,29.47
519191,0.99,266.0,clothing,True,SAVE10,42.19,42.19
519192,23.0,166.0,electronics,False,SAVE10,69.57,69.57
519193,11.04,134.5,electronics,False,SAVE10,35.86,35.85
519194,18.38,262.9,electronics,False,,68.28,68.28
519195,13.97,177.7,clothing,False,,36.83,36.84
519196,23.18,290.2,fragile,False,,74.78,74.78
519197,7.79,9.6,books,False,,12.94,14.52
519198,17.73,236.3,fragile,False,SAVE10,52.12,52.13
519199,8.3,156.2,electronics,False,SAVE10,29.44,29.42
519200,23.23,195.9,electronics,False,,79.48,79.49
519201,7.98,32.7,electronics,False,,25.58,25.57
519202,1.53,17.2,electronics,True,,12.17,12.18
519203,12.41,121.7,fragile,False,,38.35,38.33
519204,17.77,210.0,food,False,,42.49,42.5
519205,10.49,47.8,food,True,,31.05,31.05
519206,18.83,88.4,food,True,,52.15,52.16
519207,18.72,276.1,electronics,False,,69.96,69.97
519208,6.01,11.2,clothing,True,,18.7,18.71
519209,10.41,251.7,standard,False,,33.4,33.41
519210,24.74,107.3,clothing,True,,70.58,70.57
519211,13.17,280.0,standard,False,SAVE10,36.31,36.29
519212,22.0,45.4,electronics,False,,68.27,68.28
519213,10.26,123.9,electronics,False,,36.98,36.96
519214,5.98,101.4,standard,True,,32.17,32.16
519215,22.08,287.0,clothing,False,,58.51,58.51
519216,11.64,132.1,electronics,True,,59.74,59.73
519217,0.85,42.3,books,False,,3.47,3.63
519218,17.68,67.3,clothing,False,,38.72,38.71
519219,13.64,241.9,clothing,True,,68.56,68.58
519220,20.71,168.7,clothing,False,,49.86,49.84
519221,24.06,60.2,standard,True,,62.15,62.15
519222,17.4,162.6,electronics,False,,60.33,60.33
519223,3.7,231.6,fragile,False,,21.2,21.21
519224,2.87,203.8,books,True,,40.16,40.72
519225,21.45,72.6,books,False,,37.95,42.24
519226,18.59,292.6,food,False,,48.09,48.09
519227,20.54,59.7,fragile,False,,56.39,56.39
519228,13.86,91.2,books,False,SAVE10,24.06,26.55
519229,14.97,232.9,books,False,SAVE10,32.04,34.71
519230,2.27,87.8,books,False,,8.02,8.49
519231,10.92,198.2,standard,False,SAVE10,28.58,28.58
519232,14.32,58.0,clothing,False,,31.54,31.54
519233,7.49,18.6,books,False,,12.91,14.4
519234,2.44,169.3,standard,False,,13.35,13.36
519235,22.15,10.3,electronics,False,,66.96,66.98
519236,4.21,66.0,standard,True,,23.32,23.32
519237,13.07,279.7,fragile,False,SAVE10,43.17,43.17
519238,16.95,192.7,fragile,False,,53.7,53.69
519239,12.54,162.1,food,False,,30.68,30.69
519240,22.32,205.8,food,False,,50.47,50.46
519241,6.25,173.7,food,True,,42.31,42.31
519242,22.44,207.0,food,False,,50.74,50.73
519243,21.64,118.3,standard,False,,49.2,49.19
519244,13.85,259.5,standard,False,,40.67,40.67
519245,10.72,48.6,standard,True,,33.73,33.73
519246,21.57,196.9,clothing,False,SAVE10,47.69,47.69
519247,12.48,12.1,standard,False,,25.56,25.58
519248,24.07,117.0,standard,False,,53.99,53.98
519249,4.15,23.1,clothing,False,,9.46,9.46
519250,2.91,107.7,standard,False,,11.21,11.21
519251,4.71,128.1,food,True,,32.69,32.69
519252,21.08,83.7,food,False,,42.13,42.14
519253,11.13,226.5,clothing,False,SAVE10,30.23,30.22
519254,11.97,199.2,books,False,SAVE10,26.2,28.34
519255,16.88,175.7,clothing,False,,42.54,42.56
519256,5.5,7.1,standard,False,,11.36,11.36
519257,11.3,59.0,food,False,,23.29,23.29
519258,15.35,115.0,clothing,False,,36.45,36.44
519259,1.15,66.0,standard,True,,17.2,17.18
519260,11.18,217.7,standard,False,,33.24,33.26
519261,14.89,66.2,food,False,SAVE10,27.1,27.1
519262,10.75,174.1,standard,False,,30.2,30.19
519263,5.34,103.7,books,True,,29.1,30.16
519264,2.06,200.2,fragile,False,,15.37,15.38
519265,23.73,258.0,clothing,False,,60.36,60.36
519266,20.01,147.2,electronics,True,SAVE10,78.4,78.39
519267,14.06,126.9,books,True,,46.53,49.33
519268,18.33,149.9,food,False,,40.49,40.5
519269,1.05,106.9,food,False,,7.24,7.25
519270,24.99,244.5,food,False,,57.21,57.21
519271,8.78,50.4,food,True,,28.36,28.35
519272,11.4,94.4,clothing,False,SAVE10,24.77,24.77
519273,2.1,80.7,food,False,,7.82,7.8
519274,8.37,221.1,food,False,,26.12,26.1
519275,3.37,60.4,clothing,True,,20.8,20.78
519276,8.77,234.0,standard,True,SAVE10,51.88,51.89
519277,10.74,262.4,electronics,True,,76.58,76.56
519278,15.29,103.2,books,False,,29.62,32.68
519279,3.69,289.9,clothing,False,,21.88,21.87
519280,21.79,75.7,clothing,False,,47.36,47.37
519281,23.65,189.2,electronics,True,,104.33,104.31
519282,3.73,97.2,electronics,True,,30.77,30.77
519283,4.16,65.6,books,True,,21.5,22.32
519284,19.75,203.6,clothing,False,,49.68,49.66
519285,8.68,199.3,standard,False,SAVE10,24.59,24.6
519286,7.15,244.3,books,False,,23.66,25.09
519287,7.01,272.2,electronics,True,,66.86,66.85
519288,5.08,61.1,fragile,True,,27.37,38.5
519289,22.68,24.5,books,True,SAVE10,40.47,44.54
519290,16.85,18.0,fragile,False,,44.71,44.69
519291,5.79,64.2,fragile,True,,29.68,41.1
519292,24.97,86.1,fragile,False,,69.23,69.22
519293,8.6,186.9,books,False,SAVE10,20.79,22.33
519294,19.17,74.5,clothing,False,,42.07,42.05
519295,18.46,190.5,food,False,,42.75,42.77
519296,11.2,192.7,standard,False,,32.03,32.02
519297,16.99,63.1,standard,False,,37.14,37.14
519298,7.41,175.0,standard,True,,46.07,46.08
519299,18.38,153.7,clothing,False,,44.44,44.45
519300,5.47,224.0,food,False,,21.05,21.06
519301,3.64,23.0,food,True,,15.0,14.99
519302,9.78,98.6,electronics,True,SAVE10,44.22,44.21
519303,17.78,266.7,books,False,,41.78,45.36
519304,17.99,29.1,fragile,False,,48.23,48.21
519305,7.34,72.9,standard,False,SAVE10,16.49,16.48
519306,1.3,200.2,electronics,False,,13.91,13.92
519307,14.01,7.0,clothing,False,SAVE10,25.53,25.53
519308,18.87,17.0,food,False,,34.82,34.83
519309,1.44,94.6,books,False,,7.03,7.31
519310,3.95,222.1,food,True,SAVE10,40.88,40.88
519311,11.7,222.5,books,False,,29.84,32.17
519312,5.27,252.7,books,False,,21.07,22.1
519313,9.92,67.6,clothing,False,,23.22,23.22
519314,4.88,187.5,clothing,True,,42.88,42.88
519315,17.72,10.2,food,False,,32.41,32.41
519316,19.58,25.7,books,False,SAVE10,29.35,32.86
519317,23.89,24.6,clothing,False,,49.01,49.0
519318,1.25,73.4,food,False,,5.92,5.93
519319,3.85,255.1,fragile,False,,22.76,22.78
519320,21.98,86.9,fragile,False,,61.49,61.48
519321,17.47,61.9,clothing,False,,38.03,38.04
519322,17.37,62.7,books,True,,42.2,45.66
519323,0.93,24.6,clothing,False,SAVE10,2.78,2.79
519324,24.92,274.9,standard,True,SAVE10,86.47,86.45
519325,8.26,35.6,fragile,True,,31.82,40.37
519326,1.84,117.7,food,False,,9.2,9.22
519327,3.18,228.7,electronics,True,SAVE10,43.96,43.95
519328,4.03,140.6,books,False,SAVE10,12.13,12.84
519329,16.38,182.5,clothing,False,,41.88,41.9
519330,10.64,194.9,clothing,False,,31.02,31.04
519331,7.93,7.2,standard,False,,16.22,16.2
519332,4.6,166.0,books,True,,37.26,38.16
519333,7.27,30.6,clothing,False,,16.07,16.09
519334,20.32,142.2,electronics,False,,68.07,68.06
519335,9.52,100.8,electronics,False,SAVE10,30.24,30.25
519336,0.69,272.8,fragile,True,,47.71,79.99
519337,24.93,250.8,standard,True,SAVE10,83.23,83.25
519338,23.97,209.8,electronics,False,,82.4,82.41
519339,9.63,298.2,food,False,,32.24,32.26
519340,16.38,286.2,fragile,True,,90.52,124.15
519341,2.76,208.1,fragile,False,,17.58,17.57
519342,14.5,281.5,food,False,,40.18,40.19
519343,1.79,277.1,books,True,,49.43,49.78
519344,6.27,180.3,clothing,True,,44.58,44.57
519345,23.56,137.7,fragile,False,SAVE10,61.33,61.33
519346,3.73,35.0,food,False,,8.46,8.46
519347,13.41,250.7,clothing,True,,69.43,69.41
519348,15.12,233.8,fragile,True,,79.38,107.74
519349,5.97,185.6,standard,False,,21.22,21.24
519350,24.05,297.8,fragile,False,SAVE10,69.68,69.69
519351,12.87,110.0,books,False,SAVE10,23.48,25.78
519352,2.41,255.2,clothing,True,,48.1,48.08
519353,19.31,209.0,electronics,False,,68.38,68.36
519354,12.14,158.0,clothing,True,SAVE10,47.68,47.69
519355,4.77,235.7,fragile,True,,52.76,81.33
519356,9.23,27.5,clothing,True,,27.58,27.59
519357,14.18,291.7,fragile,True,,85.62,119.81
519358,12.66,259.9,books,False,,33.25,35.77
519359,11.27,78.5,food,True,,37.06,37.06
519360,0.62,225.5,food,False,,12.39,12.4
519361,2.94,73.0,fragile,False,,11.29,11.3
519362,10.69,227.9,books,False,,28.5,30.62
519363,24.41,45.8,books,False,,41.35,46.22
519364,4.72,164.9,clothing,False,,17.69,17.7
519365,6.36,44.2,fragile,True,,28.17,37.6
519366,11.67,248.4,electronics,False,,47.43,47.41
519367,8.07,15.7,standard,False,,16.92,16.93
519368,22.06,281.8,food,False,SAVE10,48.42,48.44
519369,19.03,203.6,food,False,SAVE10,39.99,40.0
519370,17.44,96.3,clothing,True,,54.32,54.32
519371,3.92,222.4,food,True,,45.42,45.41
519372,9.54,85.0,fragile,False,SAVE10,26.15,26.16
519373,19.9,139.2,clothing,False,SAVE10,42.08,42.09
519374,14.25,123.9,standard,True,,52.08,52.07
519375,4.03,118.3,standard,True,,30.8,30.8
519376,21.34,235.2,standard,False,,54.44,54.46
519377,23.01,173.2,fragile,False,SAVE10,61.64,61.63
519378,19.21,130.2,standard,False,,44.93,44.91
519379,15.08,252.9,clothing,False,,42.8,42.8
519380,4.53,271.0,clothing,False,,22.61,22.61
519381,9.14,50.8,books,False,,17.16,19.0
519382,11.37,245.0,electronics,False,SAVE10,41.72,41.72
519383,14.51,181.3,fragile,True,,69.92,93.05
519384,13.72,91.5,clothing,False,SAVE10,28.81,28.82
519385,4.03,269.0,standard,False,,21.51,21.5
519386,15.14,286.3,standard,False,,44.6,44.58
519387,20.33,187.7,fragile,False,,62.24,62.24
519388,5.7,106.0,clothing,False,,16.7,16.7
519389,2.29,56.1,food,True,,17.54,17.56
519390,10.09,171.4,clothing,False,SAVE10,25.88,25.86
519391,10.08,257.7,food,False,,31.03,31.01
519392,23.19,146.6,clothing,False,SAVE10,48.34,48.33
519393,7.03,43.3,fragile,False,SAVE10,18.4,18.38
519394,19.47,76.3,electronics,False,,62.22,62.23
519395,20.67,267.3,standard,False,,54.71,54.69
519396,3.73,101.6,books,True,,26.21,26.95
519397,22.76,18.9,food,True,,48.8,48.81
519398,14.59,165.5,food,False,,34.54,34.52
519399,21.64,151.7,clothing,False,,50.86,50.85
519400,19.84,119.4,clothing,True,,62.59,62.6
519401,12.44,33.8,electronics,False,,39.01,39.0
519402,21.25,79.8,electronics,True,,80.72,80.7
519403,8.52,129.4,fragile,False,,28.62,28.61
519404,8.38,204.4,clothing,False,,26.98,26.99
519405,15.14,223.4,clothing,True,,68.79,68.8
519406,9.71,6.6,books,False,,15.87,17.81
519407,5.66,112.5,books,False,,14.68,15.8
519408,20.27,71.5,electronics,False,,64.39,64.38
519409,20.4,172.8,standard,False,,49.44,49.43
519410,2.53,220.9,standard,False,,16.1,16.09
519411,17.82,218.2,books,False,,39.42,42.98
519412,23.02,179.0,food,False,,50.39,50.4
519413,20.4,114.1,clothing,False,SAVE10,41.85,41.84
519414,4.09,47.8,clothing,True,SAVE10,18.32,18.31
519415,2.64,92.1,books,False,,8.83,9.37
519416,11.41,104.3,electronics,False,,39.45,39.45
519417,22.43,87.1,electronics,False,SAVE10,64.48,64.49
519418,22.84,226.6,food,True,,80.1,80.11
519419,1.13,153.1,books,False,,9.46,9.68
519420,22.55,221.9,clothing,False,SAVE10,50.58,50.56
519421,16.3,28.7,clothing,False,,34.04,34.05
519422,16.62,267.9,fragile,True,SAVE10,79.56,108.17
519423,6.32,16.5,food,True,,18.85,18.84
519424,15.87,193.5,books,False,,35.07,38.24
519425,23.53,287.4,food,False,,56.72,56.73
519426,14.76,97.7,books,True,,43.27,46.21
519427,22.87,89.4,fragile,False,,63.93,63.94
519428,17.37,84.2,electronics,False,,56.32,56.33
519429,6.35,257.1,books,True,,53.73,55.0
519430,9.11,188.9,books,False,,24.02,25.82
519431,6.85,277.3,electronics,True,,67.15,67.15
519432,7.82,71.6,food,True,SAVE10,26.83,26.85
519433,16.88,202.8,clothing,False,,43.9,43.9
519434,12.51,197.8,electronics,True,SAVE10,64.98,64.99
519435,22.62,273.0,clothing,False,,58.89,58.91
519436,5.34,237.5,clothing,False,,22.56,22.55
519437,3.7,246.0,fragile,False,,21.92,21.94
519438,2.67,74.8,food,False,,8.55,8.56
519439,6.59,233.8,food,False,,23.55,23.56
519440,18.01,23.9,books,False,,30.01,33.61
519441,4.56,164.2,books,True,,36.93,37.85
519442,16.17,5.6,standard,False,,32.62,32.62
519443,22.85,236.9,food,False,,52.98,52.98
519444,15.84,31.0,standard,True,,41.33,41.33
519445,5.56,249.9,standard,False,,23.62,23.61
519446,19.19,80.2,clothing,True,,55.41,55.41
519447,21.05,186.6,standard,False,,51.43,51.42
519448,13.42,41.9,food,False,,26.25,26.25
519449,9.88,149.6,books,False,SAVE10,20.96,22.73
519450,15.35,271.6,electronics,False,,59.63,59.63
519451,2.91,160.4,clothing,False,,13.84,13.83
519452,16.66,259.4,clothing,True,,77.23,77.25
519453,6.07,238.0,standard,True,SAVE10,47.56,47.56
519454,16.11,24.7,food,False,,30.23,30.24
519455,8.11,179.0,electronics,True,,56.18,56.16
519456,9.6,152.7,clothing,False,SAVE10,24.15,24.15
519457,23.25,39.6,food,False,,43.83,43.82
519458,8.86,173.5,books,False,,22.85,24.61
519459,19.81,240.8,clothing,False,,51.66,51.67
519460,3.03,160.8,fragile,False,,15.92,15.93
519461,17.44,129.3,clothing,False,SAVE10,37.21,37.21
519462,2.39,211.2,clothing,False,,15.34,15.36
519463,12.91,259.4,food,False,SAVE10,32.59,32.57
519464,22.24,148.0,clothing,True,,71.68,71.68
519465,7.09,251.4,standard,False,,26.75,26.74
519466,7.38,177.2,electronics,True,,53.72,53.7
519467,22.94,51.7,electronics,True,,81.58,81.59
519468,11.03,46.6,clothing,False,,24.39,24.38
519469,16.02,265.3,electronics,True,,92.86,92.84
519470,18.0,120.7,fragile,True,SAVE10,62.91,78.26
519471,18.25,50.7,electronics,False,,57.28,57.27
519472,24.11,13.0,food,False,,44.05,44.06
519473,23.86,199.8,books,False,,48.17,52.95
519474,2.38,200.5,standard,False,,14.78,14.79
519475,1.77,100.7,fragile,False,SAVE10,8.67,8.66
519476,18.73,112.2,books,False,,35.58,39.32
519477,5.46,185.5,fragile,True,,47.02,70.57
519478,17.68,258.5,fragile,False,,58.89,58.9
519479,3.31,23.4,clothing,False,,7.79,7.8
519480,11.76,64.4,books,True,,33.48,35.82
519481,11.14,16.5,standard,False,,23.1,23.12
519482,11.19,217.6,standard,True,,60.02,60.01
519483,14.11,272.8,electronics,True,,88.25,88.25
519484,3.66,129.1,fragile,False,,15.97,15.97
519485,11.45,21.0,standard,False,,23.95,23.95
519486,24.77,205.9,clothing,False,,59.84,59.83
519487,1.98,11.6,food,False,,4.14,4.13
519488,19.89,254.7,books,False,SAVE10,40.1,43.66
519489,14.43,181.8,clothing,False,,37.95,37.95
519490,5.06,146.1,clothing,True,SAVE10,33.33,33.35
519491,16.91,289.8,food,False,,44.93,44.93
519492,8.85,158.7,standard,False,,25.64,25.62
519493,12.29,223.1,electronics,False,,48.02,48.03
519494,5.77,165.6,standard,False,,19.82,19.83
519495,24.92,295.4,fragile,False,,79.56,79.58
519496,23.35,219.7,clothing,False,,57.68,57.7
519497,12.85,140.6,clothing,False,,32.73,32.72
519498,12.25,31.0,clothing,True,,34.15,34.14
519499,10.13,71.9,standard,False,,23.86,23.85
519500,14.65,280.1,food,False,SAVE10,36.34,36.32
519501,15.94,245.3,clothing,False,,44.14,44.15
519502,19.08,243.5,standard,False,,50.33,50.34
519503,4.07,245.6,clothing,True,,49.98,49.97
519504,22.84,183.6,standard,False,,54.86,54.85
519505,2.33,215.6,food,False,,14.97,14.97
519506,23.38,220.7,electronics,False,,81.18,81.16
519507,5.82,65.9,fragile,True,SAVE10,27.02,37.47
519508,12.44,224.2,clothing,True,,63.51,63.51
519509,21.04,56.0,electronics,True,,76.52,76.53
519510,9.17,280.2,books,True,SAVE10,55.53,57.18
519511,3.06,25.3,food,False,,6.77,6.78
519512,17.16,21.2,books,True,,35.64,39.06
519513,18.33,147.5,electronics,False,,62.36,62.36
519514,10.47,127.1,food,False,SAVE10,22.68,22.68
519515,16.64,87.9,electronics,False,,54.32,54.33
519516,21.1,86.1,electronics,True,,81.22,81.21
519517,0.57,267.6,electronics,False,,15.09,15.08
519518,16.41,113.0,standard,True,,54.77,54.77
519519,15.77,235.2,fragile,False,,52.76,52.76
519520,11.62,61.7,food,False,SAVE10,21.6,21.61
519521,5.39,257.7,standard,True,,54.44,54.45
519522,8.81,101.3,fragile,True,,43.1,58.21
519523,10.5,272.6,books,True,,62.69,64.77
519524,20.49,88.6,books,False,SAVE10,33.49,37.18
519525,18.65,277.7,electronics,False,,69.83,69.82
519526,12.99,11.8,books,False,,21.37,23.97
519527,7.92,168.1,electronics,False,,32.16,32.16
519528,21.86,142.1,food,False,SAVE10,41.81,41.79
519529,1.46,160.3,electronics,False,,12.4,12.41
519530,9.35,272.5,standard,True,,64.58,64.58
519531,8.7,182.2,clothing,False,,26.51,26.51
519532,12.37,222.1,clothing,True,,63.06,63.05
519533,1.6,67.9,books,True,,17.74,18.08
519534,10.92,276.1,standard,False,,35.65,35.63
519535,4.02,172.1,food,False,,15.84,15.83
519536,1.98,239.8,electronics,True,,46.91,46.89
519537,24.83,295.3,standard,False,,64.42,64.41
519538,20.93,225.3,food,False,,48.94,48.95
519539,8.73,66.7,food,False,,19.05,19.06
519540,16.46,50.1,electronics,False,,51.89,51.89
519541,6.34,75.8,standard,False,,16.47,16.46
519542,22.23,147.3,clothing,False,,51.82,51.82
519543,16.13,288.4,food,False,,43.45,43.47
519544,11.24,159.9,standard,False,,30.48,30.48
519545,7.56,45.7,electronics,False,SAVE10,22.47,22.49
519546,11.29,84.6,clothing,True,,40.27,40.25
519547,18.86,236.6,standard,False,,49.55,49.56
519548,19.58,59.6,standard,True,,53.1,53.12
519549,1.84,32.0,electronics,False,,7.12,7.11
519550,24.3,252.7,electronics,True,,115.8,115.82
519551,13.3,80.2,food,True,,40.97,40.95
519552,22.64,282.1,electronics,True,SAVE10,103.71,103.69
519553,1.88,244.2,books,True,,44.64,45.0
519554,21.57,263.0,electronics,False,,77.86,77.86
519555,14.96,146.5,food,True,,53.9,53.92
519556,2.82,86.3,electronics,False,SAVE10,11.5,11.49
519557,0.53,133.0,electronics,False,,8.24,8.24
519558,6.35,188.0,electronics,False,,28.45,28.43
519559,22.92,66.1,food,False,,44.56,44.56
519560,16.6,82.7,clothing,False,,37.34,37.33
519561,8.52,58.3,food,True,,29.08,29.08
519562,7.93,72.6,electronics,False,,27.42,27.43
519563,18.12,226.2,clothing,False,,47.55,47.56
519564,10.26,75.2,fragile,False,,30.44,30.43
519565,2.65,57.3,standard,False,,8.16,8.17
519566,16.16,86.0,standard,False,,36.62,36.64
519567,12.96,226.5,electronics,False,,50.21,50.19
519568,21.91,77.6,standard,True,,60.46,60.47
519569,2.89,230.9,clothing,False,,17.33,17.34
519570,16.71,50.3,electronics,False,SAVE10,47.38,47.39
519571,19.44,108.9,fragile,True,,71.88,87.77
519572,12.86,58.6,books,False,,23.51,26.07
519573,20.09,217.7,food,False,,47.05,47.06
519574,22.23,19.1,food,False,,40.97,40.97
519575,18.52,281.6,fragile,False,,62.23,62.24
519576,5.33,143.9,electronics,True,,42.58,42.59
519577,3.53,53.7,books,False,SAVE10,7.5,8.14
519578,13.9,197.8,food,False,,34.91,34.9
519579,24.55,52.4,fragile,True,,76.69,86.94
519580,23.93,58.1,electronics,False,SAVE10,67.23,67.22
519581,11.71,100.4,electronics,False,,40.15,40.16
519582,15.74,163.0,clothing,False,,39.63,39.61
519583,8.14,126.0,books,False,,19.32,20.94
519584,16.11,37.8,books,False,,27.67,30.9
519585,0.95,33.9,standard,False,,3.6,3.58
519586,22.48,54.2,food,False,,43.17,43.17
519587,22.74,91.9,electronics,False,,72.82,72.81
519588,17.26,127.2,books,False,SAVE10,30.58,33.7
519589,3.97,123.5,books,True,,29.88,30.68
519590,7.38,176.9,clothing,True,,46.3,46.28
519591,21.71,52.6,clothing,False,,46.05,46.03
519592,7.94,65.7,electronics,False,SAVE10,24.39,24.4
519593,19.9,67.7,books,False,,35.22,39.21
519594,21.54,72.1,food,False,,42.38,42.39
519595,17.93,12.8,fragile,False,,47.26,47.25
519596,7.86,212.1,fragile,False,,31.04,31.06
519597,15.73,44.9,books,True,,36.9,40.05
519598,21.51,185.1,food,True,,71.48,71.48
519599,18.1,275.6,books,True,,75.3,78.92
519600,20.57,37.9,clothing,False,,43.04,43.02
519601,21.93,112.5,books,False,,40.71,45.1
519602,13.52,245.0,standard,False,,39.29,39.29
519603,17.01,106.3,fragile,True,,65.17,80.79
519604,14.37,273.1,fragile,False,,51.02,51.0
519605,24.56,48.8,books,False,,41.74,46.66
519606,2.79,45.3,fragile,False,SAVE10,8.57,8.57
519607,1.15,60.9,standard,False,,5.34,5.33
519608,20.02,296.9,food,False,,50.88,50.89
519609,19.46,165.3,food,False,SAVE10,38.96,38.97
519610,15.55,84.0,standard,True,,48.7,48.72
519611,0.78,220.3,books,True,,39.29,39.46
519612,7.98,223.5,books,False,,23.94,25.53
519613,21.15,261.3,fragile,False,,68.05,68.07
519614,4.19,104.5,standard,False,,13.6,13.6
519615,1.12,276.1,food,True,,48.43,48.45
519616,24.48,87.4,food,True,,62.17,62.18
519617,13.84,152.0,clothing,False,,35.28,35.28
519618,3.37,280.3,standard,False,,20.76,20.76
519619,9.55,89.5,standard,True,,37.53,37.53
519620,21.32,41.6,clothing,False,,44.72,44.74
519621,21.23,83.6,food,False,,42.39,42.38
519622,6.82,108.8,food,False,,17.72,17.71
519623,19.38,275.9,food,True,,81.27,81.29
519624,8.81,202.3,clothing,True,,52.96,52.96
519625,5.04,213.4,electronics,True,,52.13,52.14
519626,14.58,264.8,clothing,False,,42.4,42.4
519627,9.69,71.7,clothing,True,,35.14,35.13
519628,19.51,70.3,books,False,,34.73,38.64
519629,22.31,27.7,books,True,,44.85,49.3
519630,24.37,204.6,fragile,False,,73.59,73.59
519631,18.97,292.8,books,False,,44.99,48.79
519632,9.26,156.9,electronics,False,,35.62,35.61
519633,8.99,198.6,books,True,,49.17,50.97
519634,5.11,47.5,electronics,False,SAVE10,15.93,15.92
519635,11.95,273.5,clothing,True,,69.93,69.93
519636,18.72,93.0,food,True,SAVE10,47.38,47.36
519637,1.67,142.6,fragile,False,SAVE10,10.32,10.32
519638,3.28,172.8,books,False,,13.89,14.53
519639,17.47,34.6,electronics,False,SAVE10,48.73,48.74
519640,6.77,129.6,fragile,True,,42.04,60.02
519641,13.98,83.7,books,True,,39.92,42.72
519642,13.41,259.5,clothing,False,,39.8,39.81
519643,4.61,230.7,food,True,,47.9,47.9
519644,22.07,183.7,books,False,,44.5,48.92
519645,11.88,47.5,standard,False,,26.14,26.13
519646,1.38,228.0,books,False,,13.61,13.87
519647,22.0,264.9,standard,False,,57.24,57.24
519648,18.39,134.3,electronics,False,SAVE10,55.7,55.7
519649,4.54,19.9,standard,True,SAVE10,15.36,15.35
519650,20.07,200.8,electronics,True,,95.33,95.34
519651,3.4,145.9,food,False,,13.42,13.4
519652,12.36,14.7,clothing,False,,25.46,25.45
519653,16.88,103.7,food,False,,35.57,35.57
519654,24.82,223.4,electronics,True,,112.97,112.98
519655,23.81,149.1,electronics,False,,78.88,78.9
519656,22.19,277.5,electronics,False,,80.45,80.46
519657,23.29,222.8,standard,False,,57.72,57.72
519658,3.36,207.8,books,False,,15.77,16.45
519659,1.7,235.9,food,True,,43.45,43.44
519660,3.23,191.5,food,False,,15.39,15.38
519661,17.2,154.5,books,False,,35.24,38.68
519662,1.57,148.4,electronics,True,,31.97,31.99
519663,5.43,97.5,fragile,True,,33.74,48.49
519664,1.72,186.9,clothing,False,,12.78,12.79
519665,15.88,290.2,clothing,False,,46.27,46.28
519666,17.05,17.3,clothing,False,,34.97,34.98
519667,6.15,259.3,food,False,SAVE10,21.63,21.63
519668,6.61,75.8,food,False,,15.69,15.71
519669,24.4,121.8,electronics,True,,96.47,96.49
519670,11.1,278.7,standard,False,,36.14,36.14
519671,7.1,137.0,clothing,False,SAVE10,18.94,18.93
519672,17.01,11.5,food,False,,31.19,31.21
519673,18.13,137.4,fragile,True,,72.75,91.48
519674,13.29,145.2,fragile,True,SAVE10,55.2,72.78
519675,2.65,99.5,fragile,False,,11.86,11.86
519676,6.87,166.4,books,True,,40.95,42.34
519677,20.11,162.0,books,False,,40.28,44.29
519678,7.31,127.3,standard,False,,20.98,20.97
519679,4.42,78.2,electronics,False,SAVE10,15.45,15.46
519680,7.34,189.3,fragile,True,,52.48,76.42
519681,18.85,233.8,clothing,False,,49.39,49.41
519682,22.79,183.1,clothing,False,,54.74,54.75
519683,21.93,227.3,electronics,False,,77.16,77.17
519684,22.29,44.5,clothing,False,,46.8,46.79
519685,22.43,47.2,standard,False,,47.22,47.2
519686,24.23,126.0,food,False,,49.91,49.92
519687,21.29,103.9,electronics,False,,69.06,69.07
519688,15.85,92.3,electronics,False,,52.16,52.18
519689,7.84,85.4,food,False,,18.38,18.39
519690,24.95,73.9,books,False,,43.62,48.6
519691,5.87,298.3,electronics,False,,32.52,32.53
519692,8.31,233.2,electronics,False,,36.59,36.6
519693,19.24,109.1,books,False,,36.24,40.1
519694,11.27,5.7,electronics,False,,34.1,34.11
519695,1.53,66.3,standard,False,,6.38,6.36
519696,13.96,12.8,clothing,True,,34.84,34.84
519697,22.02,228.6,books,False,,46.66,51.06
519698,13.33,119.4,electronics,False,,45.96,45.94
519699,19.29,112.8,clothing,True,,60.5,60.51
519700,5.37,205.3,fragile,False,,24.23,24.22
519701,19.66,256.4,fragile,False,SAVE10,57.54,57.52
519702,8.57,298.9,food,False,,30.37,30.39
519703,9.24,121.4,clothing,False,,24.55,24.54
519704,18.62,162.3,fragile,False,,56.53,56.51
519705,14.23,281.0,food,False,,39.66,39.65
519706,11.09,82.7,fragile,False,,32.97,32.98
519707,9.21,148.9,clothing,False,,25.86,25.88
519708,8.12,254.0,clothing,False,SAVE10,26.05,26.07
519709,22.02,249.1,food,False,,52.09,52.1
519710,14.68,210.0,books,False,,33.99,36.91
519711,19.37,229.1,books,True,,70.36,74.21
519712,23.9,282.1,books,False,,52.35,57.13
519713,11.62,34.2,food,True,,31.05,31.04
519714,18.03,248.3,fragile,False,,59.29,59.31
519715,2.27,294.2,standard,False,,19.25,19.26
519716,12.67,125.1,standard,False,SAVE10,28.44,28.43
519717,17.15,191.0,fragile,False,,54.14,54.15
519718,19.08,182.1,clothing,False,,47.26,47.28
519719,15.66,238.2,clothing,False,,43.23,43.23
519720,12.13,264.2,food,True,SAVE10,59.82,59.83
519721,23.31,156.4,fragile,False,,68.43,68.43
519722,4.85,231.6,clothing,False,SAVE10,19.15,19.16
519723,17.37,144.8,books,False,,35.03,38.51
519724,10.09,285.4,clothing,True,,67.99,68.0
519725,0.84,78.4,electronics,False,,6.44,6.43
519726,24.92,97.0,fragile,True,SAVE10,75.91,89.14
519727,19.41,102.9,books,False,,36.2,40.1
519728,21.3,156.3,fragile,False,,63.2,63.2
519729,3.22,60.5,fragile,False,,11.4,11.38
519730,20.65,148.2,standard,False,,48.71,48.7
519731,11.41,101.7,food,False,SAVE10,23.06,23.05
519732,7.41,99.1,electronics,False,,27.18,27.19
519733,14.12,44.3,fragile,True,,48.36,57.79
519734,21.32,262.6,standard,False,,55.77,55.76
519735,23.6,254.4,food,False,,55.2,55.22
519736,12.91,82.7,electronics,True,,56.14,56.14
519737,18.96,224.1,books,True,SAVE10,62.06,65.47
519738,20.92,207.3,electronics,False,,73.12,73.12
519739,16.29,125.8,electronics,False,,55.16,55.17
519740,24.69,29.6,clothing,False,SAVE10,45.77,45.77
519741,11.74,54.1,books,False,,21.49,23.84
519742,3.0,88.5,fragile,False,,12.23,12.24
519743,11.43,280.6,clothing,False,,36.89,36.89
519744,13.37,119.3,standard,False,SAVE10,29.43,29.45
519745,19.09,98.0,electronics,True,,76.97,76.96
519746,20.86,150.7,standard,False,,49.26,49.25
519747,1.59,112.5,electronics,False,,10.4,10.38
519748,6.32,241.3,food,True,,52.57,52.57
519749,4.32,240.0,fragile,False,,23.23,23.24
519750,22.76,202.2,fragile,False,,69.29,69.27
519751,2.98,31.0,books,False,,6.32,6.9
519752,21.77,97.3,food,False,,44.05,44.05
519753,5.2,112.3,clothing,True,,32.25,32.23
519754,21.75,218.3,food,False,,50.06,50.08
519755,12.94,180.4,fragile,True,,65.7,88.74
519756,20.15,111.1,electronics,False,,66.0,66.0
519757,23.84,297.8,clothing,False,,62.57,62.58
519758,24.69,220.7,electronics,False,,85.1,85.1
519759,2.5,187.3,food,False,,13.86,13.85
519760,22.12,31.4,food,False,SAVE10,37.25,37.23
519761,18.75,45.8,food,False,,36.04,36.03
519762,9.19,190.2,electronics,True,,61.1,61.09
519763,5.6,186.4,electronics,True,SAVE10,44.78,44.77
519764,16.43,95.0,clothing,False,,37.61,37.63
519765,17.58,115.4,clothing,False,,40.93,40.91
519766,3.84,16.7,standard,False,,8.52,8.53
519767,18.36,233.8,standard,False,,48.41,48.41
519768,14.04,65.7,books,True,,37.32,40.12
519769,17.21,59.7,food,False,,33.96,33.97
519770,20.86,106.4,standard,False,,47.04,47.06
519771,11.82,68.3,electronics,False,,38.88,38.88
519772,23.16,277.5,standard,False,,60.2,60.18
519773,14.53,288.4,books,True,,71.51,74.42
519774,7.11,196.7,fragile,False,,28.32,28.31
519775,9.57,261.9,standard,False,SAVE10,29.01,29.02
519776,7.75,116.3,standard,False,,21.32,21.31
519777,23.58,13.6,standard,False,,47.84,47.82
519778,16.57,282.6,electronics,False,,63.84,63.85
519779,13.74,75.8,food,True,SAVE10,36.99,36.98
519780,22.93,40.7,standard,False,,47.9,47.88
519781,15.33,38.6,clothing,True,,41.45,41.46
519782,12.97,13.6,standard,False,,26.62,26.6
519783,11.44,77.6,food,False,,24.47,24.45
519784,21.76,136.3,fragile,False,,63.39,63.39
519785,13.18,111.4,clothing,False,,31.93,31.91
519786,9.54,229.7,standard,False,SAVE10,27.51,27.52
519787,5.44,158.4,electronics,False,SAVE10,21.82,21.82
519788,7.7,157.1,standard,False,,23.26,23.26
519789,19.55,89.6,standard,True,SAVE10,51.79,51.78
519790,5.59,215.2,clothing,False,,21.94,21.92
519791,21.37,91.9,clothing,True,,61.53,61.52
519792,20.31,220.5,clothing,True,,78.69,78.7
519793,6.4,76.6,fragile,False,,20.47,20.49
519794,3.31,82.6,electronics,False,SAVE10,12.65,12.64
519795,21.21,229.3,clothing,False,,53.89,53.87
519796,14.79,206.1,food,False,,36.93,36.91
519797,21.22,159.1,fragile,True,,84.04,104.94
519798,23.57,284.6,electronics,True,,118.4,118.42
519799,4.94,289.3,standard,False,,24.35,24.33
519800,16.47,50.8,books,False,,28.89,32.19
519801,6.72,142.1,standard,False,,20.54,20.54
519802,12.65,118.1,fragile,False,SAVE10,34.92,34.92
519803,3.46,250.3,food,False,,18.74,18.74
519804,20.07,122.4,electronics,True,,83.57,83.56
519805,10.05,13.1,clothing,False,SAVE10,18.68,18.67
519806,4.07,265.8,food,True,,52.2,52.19
519807,3.44,8.4,electronics,True,SAVE10,14.92,14.91
519808,10.72,121.0,electronics,False,,38.21,38.23
519809,8.0,34.3,standard,True,,26.14,26.15
519810,17.75,171.7,standard,False,,44.08,44.08
519811,4.76,276.7,books,False,,21.45,22.4
519812,8.01,153.4,food,False,,22.09,22.11
519813,23.2,252.5,clothing,False,SAVE10,53.12,53.14
519814,9.01,149.4,food,True,,43.63,43.65
519815,3.62,251.5,food,True,,49.24,49.26
519816,5.15,273.8,food,False,SAVE10,20.66,20.68
519817,22.61,175.6,standard,False,,54.0,54.0
519818,4.44,234.5,standard,False,SAVE10,18.54,18.56
519819,5.62,88.7,clothing,True,,29.54,29.56
519820,14.71,138.6,fragile,False,,45.18,45.19
519821,9.46,192.6,food,True,,50.92,50.92
519822,1.61,79.4,fragile,False,,8.16,8.17
519823,10.68,184.7,electronics,True,SAVE10,58.27,58.27
519824,5.75,279.2,food,False,,24.31,24.3
519825,10.53,234.9,food,False,,30.7,30.69
519826,14.54,212.0,books,True,,60.06,62.99
519827,12.58,10.5,standard,True,,31.74,31.73
519828,3.54,29.8,books,False,,7.15,7.87
519829,16.98,28.7,clothing,False,,35.4,35.39
519830,5.63,241.3,books,False,,21.07,22.19
519831,20.31,220.2,books,False,,43.51,47.55
519832,12.75,226.9,food,True,,61.98,61.97
519833,1.46,93.4,fragile,False,,8.47,8.47
519834,24.84,221.5,fragile,False,,75.66,75.68
519835,6.51,22.8,electronics,False,SAVE10,18.6,18.61
519836,0.65,193.7,food,True,SAVE10,31.7,31.69
519837,21.27,294.7,books,False,,48.77,53.02
519838,10.97,10.0,clothing,False,,22.44,22.45
519839,9.6,156.7,fragile,False,,32.8,32.8
519840,19.12,295.8,standard,False,SAVE10,47.73,47.73
519841,24.99,284.2,fragile,True,,112.6,146.02
519842,3.94,200.8,food,False,SAVE10,15.42,15.41
519843,19.98,125.4,clothing,True,,63.77,63.77
519844,24.57,62.2,food,True,SAVE10,52.7,52.69
519845,23.41,56.5,standard,False,,49.64,49.63
519846,7.99,75.3,electronics,False,,27.74,27.75
519847,1.73,136.7,standard,False,SAVE10,9.27,9.26
519848,12.92,226.4,clothing,True,,64.8,64.81
519849,15.68,193.2,electronics,True,SAVE10,72.92,72.91
519850,6.28,150.4,standard,False,,20.08,20.07
519851,15.1,269.5,fragile,False,,52.74,52.74
519852,1.28,159.5,books,False,,10.02,10.27
519853,21.53,211.0,books,False,,45.0,49.29
519854,9.19,181.0,electronics,False,,36.62,36.64
519855,1.72,229.6,standard,False,,14.92,14.91
519856,7.11,289.9,clothing,False,,28.72,28.7
519857,22.34,253.0,books,False,,48.39,52.86
519858,5.2,99.9,books,False,,13.32,14.36
519859,6.79,226.9,books,True,SAVE10,44.91,46.13
519860,8.79,27.4,fragile,False,,24.22,24.24
519861,11.15,22.8,electronics,False,,34.59,34.57
519862,5.08,298.3,electronics,False,,30.16,30.14
519863,6.06,296.9,clothing,False,,26.96,26.95
519864,19.96,245.1,clothing,False,SAVE10,46.96,46.94
519865,15.21,9.0,clothing,False,SAVE10,27.78,27.77
519866,5.74,262.5,books,False,,22.31,23.46
519867,24.51,190.0,electronics,True,,107.03,107.05
519868,8.86,164.5,fragile,False,,31.26,31.25
519869,13.9,216.1,clothing,False,,38.61,38.59
519870,16.13,189.4,fragile,False,,51.41,51.43
519871,24.5,263.8,electronics,True,,118.07,118.08
519872,17.51,265.4,fragile,True,,90.34,121.86
519873,21.46,271.5,food,False,,52.2,52.22
519874,10.36,63.9,standard,False,,23.92,23.92
519875,7.93,263.2,clothing,False,,29.02,29.01
519876,19.12,76.8,food,False,,38.26,38.27
519877,15.41,43.6,standard,False,,33.0,33.02
519878,11.33,124.3,food,False,,26.61,26.61
519879,3.02,51.5,food,True,,18.16,18.17
519880,11.53,136.5,books,False,,25.27,27.58
519881,2.36,150.2,standard,False,SAVE10,11.01,10.99
519882,18.32,34.0,standard,False,,38.34,38.35
519883,6.07,14.9,clothing,True,SAVE10,17.44,17.42
519884,13.43,233.5,books,False,,33.16,35.86
519885,12.12,166.8,fragile,False,SAVE10,35.87,35.87
519886,0.65,136.8,clothing,False,SAVE10,7.33,7.32
519887,24.13,234.1,books,False,,50.31,55.13
519888,5.42,74.6,clothing,True,SAVE10,24.33,24.31
519889,18.54,45.9,clothing,False,SAVE10,35.44,35.43
519890,23.14,223.5,standard,False,SAVE10,51.71,51.73
519891,12.13,20.2,electronics,False,,37.4,37.39
519892,8.49,258.9,food,True,,59.12,59.1
519893,2.54,125.8,food,True,,28.44,28.43
519894,7.83,228.9,clothing,False,,27.1,27.1
519895,11.64,218.9,electronics,True,,72.76,72.77
519896,10.25,170.7,clothing,False,,29.04,29.04
519897,5.85,80.2,books,True,,26.39,27.55
519898,15.6,172.1,electronics,False,,55.4,55.39
519899,19.56,80.4,food,False,,39.23,39.21
519900,10.14,62.9,food,False,,21.4,21.38
519901,6.18,175.5,food,False,,19.9,19.89
519902,7.81,82.2,clothing,False,,19.73,19.73
519903,5.34,297.8,electronics,True,SAVE10,59.12,59.1
519904,24.04,62.3,clothing,True,,62.42,62.42
519905,21.65,114.3,food,False,,44.68,44.68
519906,2.42,150.2,fragile,False,,13.8,13.79
519907,3.55,78.9,clothing,False,SAVE10,9.94,9.95
519908,20.62,196.9,food,False,SAVE10,42.26,42.26
519909,12.4,40.7,fragile,False,SAVE10,30.85,30.84
519910,8.26,287.7,food,False,,29.25,29.27
519911,23.21,149.7,electronics,False,SAVE10,69.4,69.38
519912,10.45,207.3,electronics,False,SAVE10,37.54,37.54
519913,10.98,100.1,books,True,,37.58,39.78
519914,21.76,296.2,electronics,False,,80.09,80.09
519915,18.59,35.6,food,False,,35.24,35.23
519916,13.7,134.2,clothing,False,SAVE10,30.7,30.7
519917,1.07,283.8,fragile,True,,50.35,83.71
519918,13.0,76.1,electronics,False,,42.8,42.8
519919,20.78,156.2,standard,True,,69.99,69.98
519920,13.45,232.2,fragile,True,SAVE10,67.32,92.72
519921,4.6,165.3,food,False,,16.55,16.53
519922,15.67,84.6,standard,False,,35.57,35.57
519923,19.49,17.0,standard,False,,39.83,39.84
519924,13.18,59.7,electronics,False,,42.52,42.53
519925,12.63,162.2,food,False,,30.84,30.84
519926,19.88,264.4,food,False,,49.0,49.02
519927,8.72,197.0,food,False,SAVE10,22.99,22.98
519928,7.58,159.8,electronics,False,,30.73,30.75
519929,10.42,142.1,clothing,False,SAVE10,25.15,25.14
519930,9.01,226.2,standard,False,,29.33,29.33
519931,16.81,259.3,electronics,False,,63.4,63.39
519932,19.1,141.6,books,True,,56.8,60.61
519933,13.08,286.8,clothing,False,,40.5,40.48
519934,23.19,122.1,fragile,False,SAVE10,59.76,59.76
519935,21.66,202.0,books,False,,44.76,49.08
519936,21.43,293.2,food,True,,87.55,87.55
519937,18.44,9.7,standard,False,,37.36,37.35
519938,23.73,72.9,clothing,True,,63.4,63.41
519939,7.58,215.4,food,True,,50.95,50.96
519940,17.47,111.9,clothing,False,,40.53,40.54
519941,10.32,86.4,electronics,True,,48.92,48.93
519942,11.09,37.9,food,False,,21.86,21.84
519943,24.31,9.4,electronics,False,,73.4,73.4
519944,13.48,113.1,food,False,,29.92,29.93
519945,14.83,243.8,food,False,,38.88,38.87
519946,3.3,142.9,standard,True,,33.03,33.03
519947,19.76,84.6,fragile,False,,55.61,55.62
519948,7.36,216.9,electronics,False,,32.93,32.92
519949,11.25,97.6,food,False,,25.13,25.14
519950,6.55,127.4,books,True,,34.59,35.89
519951,16.56,86.6,food,False,,34.14,34.14
519952,6.07,55.6,fragile,True,,29.12,39.69
519953,14.5,10.3,clothing,False,,29.52,29.5
519954,10.95,289.8,clothing,False,SAVE10,32.75,32.76
519955,14.71,14.2,clothing,True,,36.55,36.55
519956,22.02,54.7,standard,False,,46.78,46.76
519957,12.32,172.9,clothing,True,,55.58,55.59
519958,15.33,82.8,food,True,,45.01,45.02
519959,14.92,252.4,books,False,,36.49,39.49
519960,5.3,288.3,standard,False,,25.02,25.03
519961,21.01,84.4,clothing,True,,59.68,59.68
519962,13.17,293.5,electronics,False,,54.18,54.19
519963,21.12,232.9,standard,False,,53.89,53.87
519964,1.83,287.7,books,False,SAVE10,15.58,15.89
519965,12.99,248.0,standard,False,SAVE10,34.54,34.53
519966,8.17,296.2,books,True,SAVE10,56.25,57.71
519967,2.48,287.1,books,False,,18.32,18.81
519968,23.91,296.5,books,False,SAVE10,47.77,52.08
519969,16.94,85.3,food,False,,34.76,34.77
519970,22.14,152.1,fragile,False,,65.17,65.16
519971,15.06,80.9,books,False,,28.14,31.14
519972,8.88,90.7,books,False,,18.74,20.54
519973,12.4,81.7,food,True,,39.58,39.57
519974,3.19,242.4,clothing,False,SAVE10,16.65,16.63
519975,15.65,11.9,standard,False,,31.9,31.9
519976,16.91,26.0,clothing,False,,35.12,35.11
519977,13.95,235.2,electronics,True,,82.13,82.13
519978,19.01,52.5,fragile,False,,52.05,52.05
519979,7.9,249.1,food,False,,26.68,26.66
519980,22.53,97.4,books,False,SAVE10,36.83,40.89
519981,16.99,18.7,fragile,True,,51.98,58.84
519982,6.27,50.5,food,False,SAVE10,12.43,12.43
519983,17.04,161.0,standard,False,SAVE10,37.92,37.92
519984,17.55,13.6,electronics,False,,53.33,53.33
519985,22.8,103.0,food,False,,46.19,46.2
519986,12.3,96.0,food,False,,26.94,26.93
519987,6.25,273.1,books,False,SAVE10,21.29,22.41
519988,3.89,284.6,clothing,False,,22.01,21.99
519989,8.66,178.6,fragile,True,SAVE10,48.88,69.43
519990,10.91,68.6,electronics,False,,36.16,36.15
519991,18.8,230.0,food,True,,73.34,73.35
519992,2.0,146.1,food,True,SAVE10,27.46,27.47
519993,3.21,192.1,fragile,False,,17.95,17.96
519994,18.71,136.4,clothing,False,SAVE10,39.82,39.81
519995,5.4,114.5,books,False,,14.37,15.46
519996,1.1,172.3,books,False,,10.38,10.6
519997,2.67,67.7,clothing,False,,8.72,8.73
519998,16.44,30.2,books,True,,35.83,39.12
519999,14.94,23.6,books,True,,32.44,35.43
